docker :  Image pork-traceability-breeding-service Building 
所在位置 行:445 字符: 46
+ ... y\backend"; docker compose up -d --build breeding-service 2>&1 | Out- ...
+                 ~~~~~~~~~~~~~~~~~~~~~~~~~~~~~~~~~~~~~~~~~~~~~~~~~~
    + CategoryInfo          : NotSpecified: ( Image pork-tra...rvice Building :String) [], RemoteException
    + FullyQualifiedErrorId : NativeCommandError
 
#1 [internal] load local bake definitions
#1 reading from stdin 636B 0.0s done
#1 DONE 0.0s

#2 [internal] load build definition from Dockerfile
#2 transferring dockerfile: 1.26kB 0.0s done
#2 DONE 0.0s

#3 [internal] load metadata for docker.io/library/eclipse-temurin:17-jre-jammy
#3 ...

#4 [internal] load metadata for docker.io/library/maven:3.9.9-eclipse-temurin-17
#4 DONE 1.9s

#3 [internal] load metadata for docker.io/library/eclipse-temurin:17-jre-jammy
#3 DONE 2.4s

#5 [internal] load .dockerignore
#5 transferring context: 92B 0.0s done
#5 DONE 0.0s

#6 [internal] load build context
#6 DONE 0.0s

#7 [builder  1/14] FROM docker.io/library/maven:3.9.9-eclipse-temurin-17@sha256:f58d59b6273e785ac0a4477f6e9b5ba1d7731c75b906c0f7b34076f1851318cc
#7 resolve docker.io/library/maven:3.9.9-eclipse-temurin-17@sha256:f58d59b6273e785ac0a4477f6e9b5ba1d7731c75b906c0f7b34076f1851318cc 0.1s done
#7 DONE 0.1s

#8 [stage-1 1/6] FROM docker.io/library/eclipse-temurin:17-jre-jammy@sha256:e85989f3e4d136b3d7dde921e157fddb9c7016805a225c1ec483326b825b3ca5
#8 resolve docker.io/library/eclipse-temurin:17-jre-jammy@sha256:e85989f3e4d136b3d7dde921e157fddb9c7016805a225c1ec483326b825b3ca5
#8 resolve docker.io/library/eclipse-temurin:17-jre-jammy@sha256:e85989f3e4d136b3d7dde921e157fddb9c7016805a225c1ec483326b825b3ca5 0.1s done
#8 DONE 0.1s

#6 [internal] load build context
#6 transferring context: 42.81kB 0.1s done
#6 DONE 0.1s

#9 [builder  2/14] WORKDIR /workspace
#9 CACHED

#10 [builder  3/14] COPY pom.xml ./
#10 CACHED

#11 [builder  4/14] COPY common ./common
#11 CACHED

#12 [builder  5/14] COPY gateway-service ./gateway-service
#12 CACHED

#13 [builder  6/14] COPY auth-service ./auth-service
#13 CACHED

#14 [builder  7/14] COPY breeding-service ./breeding-service
#14 DONE 0.1s

#15 [builder  8/14] COPY slaughter-service ./slaughter-service
#15 DONE 0.1s

#16 [builder  9/14] COPY distribution-service ./distribution-service
#16 DONE 0.1s

#17 [builder 10/14] COPY sales-service ./sales-service
#17 DONE 0.1s

#18 [builder 11/14] COPY trace-service ./trace-service
#18 DONE 0.1s

#19 [builder 12/14] COPY blockchain-service ./blockchain-service
#19 DONE 0.1s

#20 [builder 13/14] COPY file-service ./file-service
#20 DONE 0.1s

#21 [builder 14/14] RUN mvn -B -pl "breeding-service" -am install -DskipTests     && mvn -B -pl "breeding-service" dependency:copy-dependencies -DoutputDirectory=/runtime-libs
#21 2.731 [INFO] Scanning for projects...
#21 3.166 [INFO] Downloading from central: https://repo.maven.apache.org/maven2/org/springframework/boot/spring-boot-starter-parent/3.2.5/spring-boot-starter-parent-3.2.5.pom
#21 4.166 [INFO] Downloaded from central: https://repo.maven.apache.org/maven2/org/springframework/boot/spring-boot-starter-parent/3.2.5/spring-boot-starter-parent-3.2.5.pom (13 kB at 13 kB/s)
#21 4.197 [INFO] Downloading from central: https://repo.maven.apache.org/maven2/org/springframework/boot/spring-boot-dependencies/3.2.5/spring-boot-dependencies-3.2.5.pom
#21 4.410 [INFO] Downloaded from central: https://repo.maven.apache.org/maven2/org/springframework/boot/spring-boot-dependencies/3.2.5/spring-boot-dependencies-3.2.5.pom (111 kB at 520 kB/s)
#21 4.603 [INFO] Downloading from central: https://repo.maven.apache.org/maven2/org/assertj/assertj-bom/3.24.2/assertj-bom-3.24.2.pom
#21 4.818 [INFO] Downloaded from central: https://repo.maven.apache.org/maven2/org/assertj/assertj-bom/3.24.2/assertj-bom-3.24.2.pom (3.7 kB at 17 kB/s)
#21 4.831 [INFO] Downloading from central: https://repo.maven.apache.org/maven2/io/zipkin/brave/brave-bom/5.16.0/brave-bom-5.16.0.pom
#21 5.039 [INFO] Downloaded from central: https://repo.maven.apache.org/maven2/io/zipkin/brave/brave-bom/5.16.0/brave-bom-5.16.0.pom (12 kB at 58 kB/s)
#21 5.046 [INFO] Downloading from central: https://repo.maven.apache.org/maven2/io/zipkin/reporter2/zipkin-reporter-bom/2.16.3/zipkin-reporter-bom-2.16.3.pom
#21 5.237 [INFO] Downloaded from central: https://repo.maven.apache.org/maven2/io/zipkin/reporter2/zipkin-reporter-bom/2.16.3/zipkin-reporter-bom-2.16.3.pom (6.9 kB at 36 kB/s)
#21 5.247 [INFO] Downloading from central: https://repo.maven.apache.org/maven2/com/datastax/oss/java-driver-bom/4.17.0/java-driver-bom-4.17.0.pom
#21 5.447 [INFO] Downloaded from central: https://repo.maven.apache.org/maven2/com/datastax/oss/java-driver-bom/4.17.0/java-driver-bom-4.17.0.pom (4.1 kB at 21 kB/s)
#21 5.455 [INFO] Downloading from central: https://repo.maven.apache.org/maven2/io/dropwizard/metrics/metrics-bom/4.2.25/metrics-bom-4.2.25.pom
#21 5.719 [INFO] Downloaded from central: https://repo.maven.apache.org/maven2/io/dropwizard/metrics/metrics-bom/4.2.25/metrics-bom-4.2.25.pom (8.2 kB at 31 kB/s)
#21 5.722 [INFO] Downloading from central: https://repo.maven.apache.org/maven2/io/dropwizard/metrics/metrics-parent/4.2.25/metrics-parent-4.2.25.pom
#21 5.919 [INFO] Downloaded from central: https://repo.maven.apache.org/maven2/io/dropwizard/metrics/metrics-parent/4.2.25/metrics-parent-4.2.25.pom (21 kB at 105 kB/s)
#21 5.926 [INFO] Downloading from central: https://repo.maven.apache.org/maven2/org/glassfish/jaxb/jaxb-bom/4.0.5/jaxb-bom-4.0.5.pom
#21 6.136 [INFO] Downloaded from central: https://repo.maven.apache.org/maven2/org/glassfish/jaxb/jaxb-bom/4.0.5/jaxb-bom-4.0.5.pom (12 kB at 55 kB/s)
#21 6.140 [INFO] Downloading from central: https://repo.maven.apache.org/maven2/org/eclipse/ee4j/project/1.0.9/project-1.0.9.pom
#21 6.346 [INFO] Downloaded from central: https://repo.maven.apache.org/maven2/org/eclipse/ee4j/project/1.0.9/project-1.0.9.pom (16 kB at 78 kB/s)
#21 6.352 [INFO] Downloading from central: https://repo.maven.apache.org/maven2/org/apache/groovy/groovy-bom/4.0.21/groovy-bom-4.0.21.pom
#21 6.543 [INFO] Downloaded from central: https://repo.maven.apache.org/maven2/org/apache/groovy/groovy-bom/4.0.21/groovy-bom-4.0.21.pom (27 kB at 144 kB/s)
#21 6.550 [INFO] Downloading from central: https://repo.maven.apache.org/maven2/org/infinispan/infinispan-bom/14.0.27.Final/infinispan-bom-14.0.27.Final.pom
#21 6.747 [INFO] Downloaded from central: https://repo.maven.apache.org/maven2/org/infinispan/infinispan-bom/14.0.27.Final/infinispan-bom-14.0.27.Final.pom (25 kB at 125 kB/s)
#21 6.752 [INFO] Downloading from central: https://repo.maven.apache.org/maven2/org/infinispan/infinispan-build-configuration-parent/14.0.27.Final/infinispan-build-configuration-parent-14.0.27.Final.pom
#21 6.947 [INFO] Downloaded from central: https://repo.maven.apache.org/maven2/org/infinispan/infinispan-build-configuration-parent/14.0.27.Final/infinispan-build-configuration-parent-14.0.27.Final.pom (24 kB at 124 kB/s)
#21 6.954 [INFO] Downloading from central: https://repo.maven.apache.org/maven2/org/jboss/jboss-parent/39/jboss-parent-39.pom
#21 7.148 [INFO] Downloaded from central: https://repo.maven.apache.org/maven2/org/jboss/jboss-parent/39/jboss-parent-39.pom (68 kB at 350 kB/s)
#21 7.161 [INFO] Downloading from central: https://repo.maven.apache.org/maven2/com/fasterxml/jackson/jackson-bom/2.15.4/jackson-bom-2.15.4.pom
#21 7.358 [INFO] Downloaded from central: https://repo.maven.apache.org/maven2/com/fasterxml/jackson/jackson-bom/2.15.4/jackson-bom-2.15.4.pom (18 kB at 91 kB/s)
#21 7.361 [INFO] Downloading from central: https://repo.maven.apache.org/maven2/com/fasterxml/jackson/jackson-parent/2.15/jackson-parent-2.15.pom
#21 7.554 [INFO] Downloaded from central: https://repo.maven.apache.org/maven2/com/fasterxml/jackson/jackson-parent/2.15/jackson-parent-2.15.pom (6.5 kB at 34 kB/s)
#21 7.558 [INFO] Downloading from central: https://repo.maven.apache.org/maven2/com/fasterxml/oss-parent/50/oss-parent-50.pom
#21 7.745 [INFO] Downloaded from central: https://repo.maven.apache.org/maven2/com/fasterxml/oss-parent/50/oss-parent-50.pom (24 kB at 126 kB/s)
#21 7.752 [INFO] Downloading from central: https://repo.maven.apache.org/maven2/org/glassfish/jersey/jersey-bom/3.1.6/jersey-bom-3.1.6.pom
#21 7.948 [INFO] Downloaded from central: https://repo.maven.apache.org/maven2/org/glassfish/jersey/jersey-bom/3.1.6/jersey-bom-3.1.6.pom (21 kB at 106 kB/s)
#21 7.962 [INFO] Downloading from central: https://repo.maven.apache.org/maven2/org/eclipse/ee4j/project/1.0.8/project-1.0.8.pom
#21 8.172 [INFO] Downloaded from central: https://repo.maven.apache.org/maven2/org/eclipse/ee4j/project/1.0.8/project-1.0.8.pom (15 kB at 70 kB/s)
#21 8.179 [INFO] Downloading from central: https://repo.maven.apache.org/maven2/org/eclipse/jetty/ee10/jetty-ee10-bom/12.0.8/jetty-ee10-bom-12.0.8.pom
#21 8.391 [INFO] Downloaded from central: https://repo.maven.apache.org/maven2/org/eclipse/jetty/ee10/jetty-ee10-bom/12.0.8/jetty-ee10-bom-12.0.8.pom (9.2 kB at 44 kB/s)
#21 8.399 [INFO] Downloading from central: https://repo.maven.apache.org/maven2/org/eclipse/jetty/jetty-bom/12.0.8/jetty-bom-12.0.8.pom
#21 8.605 [INFO] Downloaded from central: https://repo.maven.apache.org/maven2/org/eclipse/jetty/jetty-bom/12.0.8/jetty-bom-12.0.8.pom (14 kB at 69 kB/s)
#21 8.612 [INFO] Downloading from central: https://repo.maven.apache.org/maven2/org/junit/junit-bom/5.10.2/junit-bom-5.10.2.pom
#21 8.817 [INFO] Downloaded from central: https://repo.maven.apache.org/maven2/org/junit/junit-bom/5.10.2/junit-bom-5.10.2.pom (5.6 kB at 28 kB/s)
#21 8.825 [INFO] Downloading from central: https://repo.maven.apache.org/maven2/org/jetbrains/kotlin/kotlin-bom/1.9.23/kotlin-bom-1.9.23.pom
#21 9.029 [INFO] Downloaded from central: https://repo.maven.apache.org/maven2/org/jetbrains/kotlin/kotlin-bom/1.9.23/kotlin-bom-1.9.23.pom (9.1 kB at 45 kB/s)
#21 9.033 [INFO] Downloading from central: https://repo.maven.apache.org/maven2/org/jetbrains/kotlinx/kotlinx-coroutines-bom/1.7.3/kotlinx-coroutines-bom-1.7.3.pom
#21 9.228 [INFO] Downloaded from central: https://repo.maven.apache.org/maven2/org/jetbrains/kotlinx/kotlinx-coroutines-bom/1.7.3/kotlinx-coroutines-bom-1.7.3.pom (4.3 kB at 22 kB/s)
#21 9.233 [INFO] Downloading from central: https://repo.maven.apache.org/maven2/org/jetbrains/kotlinx/kotlinx-serialization-bom/1.6.3/kotlinx-serialization-bom-1.6.3.pom
#21 9.426 [INFO] Downloaded from central: https://repo.maven.apache.org/maven2/org/jetbrains/kotlinx/kotlinx-serialization-bom/1.6.3/kotlinx-serialization-bom-1.6.3.pom (3.7 kB at 19 kB/s)
#21 9.430 [INFO] Downloading from central: https://repo.maven.apache.org/maven2/org/apache/logging/log4j/log4j-bom/2.21.1/log4j-bom-2.21.1.pom
#21 9.641 [INFO] Downloaded from central: https://repo.maven.apache.org/maven2/org/apache/logging/log4j/log4j-bom/2.21.1/log4j-bom-2.21.1.pom (12 kB at 59 kB/s)
#21 9.644 [INFO] Downloading from central: https://repo.maven.apache.org/maven2/org/apache/logging/logging-parent/10.1.1/logging-parent-10.1.1.pom
#21 9.834 [INFO] Downloaded from central: https://repo.maven.apache.org/maven2/org/apache/logging/logging-parent/10.1.1/logging-parent-10.1.1.pom (39 kB at 207 kB/s)
#21 9.837 [INFO] Downloading from central: https://repo.maven.apache.org/maven2/org/apache/apache/30/apache-30.pom
#21 10.04 [INFO] Downloaded from central: https://repo.maven.apache.org/maven2/org/apache/apache/30/apache-30.pom (23 kB at 115 kB/s)
#21 10.05 [INFO] Downloading from central: https://repo.maven.apache.org/maven2/io/micrometer/micrometer-bom/1.12.5/micrometer-bom-1.12.5.pom
#21 10.27 [INFO] Downloaded from central: https://repo.maven.apache.org/maven2/io/micrometer/micrometer-bom/1.12.5/micrometer-bom-1.12.5.pom (7.9 kB at 35 kB/s)
#21 10.27 [INFO] Downloading from central: https://repo.maven.apache.org/maven2/io/micrometer/micrometer-tracing-bom/1.2.5/micrometer-tracing-bom-1.2.5.pom
#21 10.46 [INFO] Downloaded from central: https://repo.maven.apache.org/maven2/io/micrometer/micrometer-tracing-bom/1.2.5/micrometer-tracing-bom-1.2.5.pom (4.5 kB at 25 kB/s)
#21 10.46 [INFO] Downloading from central: https://repo.maven.apache.org/maven2/org/mockito/mockito-bom/5.7.0/mockito-bom-5.7.0.pom
#21 10.64 [INFO] Downloaded from central: https://repo.maven.apache.org/maven2/org/mockito/mockito-bom/5.7.0/mockito-bom-5.7.0.pom (3.0 kB at 16 kB/s)
#21 10.65 [INFO] Downloading from central: https://repo.maven.apache.org/maven2/io/netty/netty-bom/4.1.109.Final/netty-bom-4.1.109.Final.pom
#21 10.84 [INFO] Downloaded from central: https://repo.maven.apache.org/maven2/io/netty/netty-bom/4.1.109.Final/netty-bom-4.1.109.Final.pom (14 kB at 73 kB/s)
#21 10.84 [INFO] Downloading from central: https://repo.maven.apache.org/maven2/org/sonatype/oss/oss-parent/7/oss-parent-7.pom
#21 11.06 [INFO] Downloaded from central: https://repo.maven.apache.org/maven2/org/sonatype/oss/oss-parent/7/oss-parent-7.pom (4.8 kB at 22 kB/s)
#21 11.07 [INFO] Downloading from central: https://repo.maven.apache.org/maven2/com/squareup/okhttp3/okhttp-bom/4.12.0/okhttp-bom-4.12.0.pom
#21 11.26 [INFO] Downloaded from central: https://repo.maven.apache.org/maven2/com/squareup/okhttp3/okhttp-bom/4.12.0/okhttp-bom-4.12.0.pom (3.1 kB at 16 kB/s)
#21 11.26 [INFO] Downloading from central: https://repo.maven.apache.org/maven2/io/opentelemetry/opentelemetry-bom/1.31.0/opentelemetry-bom-1.31.0.pom
#21 11.44 [INFO] Downloaded from central: https://repo.maven.apache.org/maven2/io/opentelemetry/opentelemetry-bom/1.31.0/opentelemetry-bom-1.31.0.pom (7.0 kB at 38 kB/s)
#21 11.45 [INFO] Downloading from central: https://repo.maven.apache.org/maven2/com/oracle/database/jdbc/ojdbc-bom/21.9.0.0/ojdbc-bom-21.9.0.0.pom
#21 11.64 [INFO] Downloaded from central: https://repo.maven.apache.org/maven2/com/oracle/database/jdbc/ojdbc-bom/21.9.0.0/ojdbc-bom-21.9.0.0.pom (13 kB at 67 kB/s)
#21 11.64 [INFO] Downloading from central: https://repo.maven.apache.org/maven2/io/prometheus/simpleclient_bom/0.16.0/simpleclient_bom-0.16.0.pom
#21 11.83 [INFO] Downloaded from central: https://repo.maven.apache.org/maven2/io/prometheus/simpleclient_bom/0.16.0/simpleclient_bom-0.16.0.pom (6.0 kB at 32 kB/s)
#21 11.83 [INFO] Downloading from central: https://repo.maven.apache.org/maven2/io/prometheus/parent/0.16.0/parent-0.16.0.pom
#21 12.04 [INFO] Downloaded from central: https://repo.maven.apache.org/maven2/io/prometheus/parent/0.16.0/parent-0.16.0.pom (13 kB at 60 kB/s)
#21 12.04 [INFO] Downloading from central: https://repo.maven.apache.org/maven2/com/querydsl/querydsl-bom/5.0.0/querydsl-bom-5.0.0.pom
#21 12.23 [INFO] Downloaded from central: https://repo.maven.apache.org/maven2/com/querydsl/querydsl-bom/5.0.0/querydsl-bom-5.0.0.pom (7.2 kB at 39 kB/s)
#21 12.23 [INFO] Downloading from central: https://repo.maven.apache.org/maven2/io/projectreactor/reactor-bom/2023.0.5/reactor-bom-2023.0.5.pom
#21 12.44 [INFO] Downloaded from central: https://repo.maven.apache.org/maven2/io/projectreactor/reactor-bom/2023.0.5/reactor-bom-2023.0.5.pom (4.8 kB at 22 kB/s)
#21 12.45 [INFO] Downloading from central: https://repo.maven.apache.org/maven2/io/rest-assured/rest-assured-bom/5.3.2/rest-assured-bom-5.3.2.pom
#21 12.65 [INFO] Downloaded from central: https://repo.maven.apache.org/maven2/io/rest-assured/rest-assured-bom/5.3.2/rest-assured-bom-5.3.2.pom (4.3 kB at 21 kB/s)
#21 12.65 [INFO] Downloading from central: https://repo.maven.apache.org/maven2/io/rsocket/rsocket-bom/1.1.3/rsocket-bom-1.1.3.pom
#21 12.85 [INFO] Downloaded from central: https://repo.maven.apache.org/maven2/io/rsocket/rsocket-bom/1.1.3/rsocket-bom-1.1.3.pom (2.6 kB at 13 kB/s)
#21 12.85 [INFO] Downloading from central: https://repo.maven.apache.org/maven2/org/seleniumhq/selenium/selenium-bom/4.14.1/selenium-bom-4.14.1.pom
#21 13.07 [INFO] Downloaded from central: https://repo.maven.apache.org/maven2/org/seleniumhq/selenium/selenium-bom/4.14.1/selenium-bom-4.14.1.pom (6.0 kB at 28 kB/s)
#21 13.07 [INFO] Downloading from central: https://repo.maven.apache.org/maven2/org/springframework/amqp/spring-amqp-bom/3.1.4/spring-amqp-bom-3.1.4.pom
#21 13.27 [INFO] Downloaded from central: https://repo.maven.apache.org/maven2/org/springframework/amqp/spring-amqp-bom/3.1.4/spring-amqp-bom-3.1.4.pom (3.9 kB at 19 kB/s)
#21 13.28 [INFO] Downloading from central: https://repo.maven.apache.org/maven2/org/springframework/batch/spring-batch-bom/5.1.1/spring-batch-bom-5.1.1.pom
#21 13.47 [INFO] Downloaded from central: https://repo.maven.apache.org/maven2/org/springframework/batch/spring-batch-bom/5.1.1/spring-batch-bom-5.1.1.pom (3.2 kB at 17 kB/s)
#21 13.47 [INFO] Downloading from central: https://repo.maven.apache.org/maven2/org/springframework/data/spring-data-bom/2023.1.5/spring-data-bom-2023.1.5.pom
#21 13.67 [INFO] Downloaded from central: https://repo.maven.apache.org/maven2/org/springframework/data/spring-data-bom/2023.1.5/spring-data-bom-2023.1.5.pom (5.5 kB at 29 kB/s)
#21 13.67 [INFO] Downloading from central: https://repo.maven.apache.org/maven2/org/springframework/spring-framework-bom/6.1.6/spring-framework-bom-6.1.6.pom
#21 13.86 [INFO] Downloaded from central: https://repo.maven.apache.org/maven2/org/springframework/spring-framework-bom/6.1.6/spring-framework-bom-6.1.6.pom (5.8 kB at 31 kB/s)
#21 13.86 [INFO] Downloading from central: https://repo.maven.apache.org/maven2/org/springframework/integration/spring-integration-bom/6.2.4/spring-integration-bom-6.2.4.pom
#21 14.05 [INFO] Downloaded from central: https://repo.maven.apache.org/maven2/org/springframework/integration/spring-integration-bom/6.2.4/spring-integration-bom-6.2.4.pom (10 kB at 56 kB/s)
#21 14.05 [INFO] Downloading from central: https://repo.maven.apache.org/maven2/org/springframework/pulsar/spring-pulsar-bom/1.0.5/spring-pulsar-bom-1.0.5.pom
#21 14.27 [INFO] Downloaded from central: https://repo.maven.apache.org/maven2/org/springframework/pulsar/spring-pulsar-bom/1.0.5/spring-pulsar-bom-1.0.5.pom (2.7 kB at 13 kB/s)
#21 14.27 [INFO] Downloading from central: https://repo.maven.apache.org/maven2/org/springframework/restdocs/spring-restdocs-bom/3.0.1/spring-restdocs-bom-3.0.1.pom
#21 14.46 [INFO] Downloaded from central: https://repo.maven.apache.org/maven2/org/springframework/restdocs/spring-restdocs-bom/3.0.1/spring-restdocs-bom-3.0.1.pom (2.6 kB at 13 kB/s)
#21 14.47 [INFO] Downloading from central: https://repo.maven.apache.org/maven2/org/springframework/security/spring-security-bom/6.2.4/spring-security-bom-6.2.4.pom
#21 14.67 [INFO] Downloaded from central: https://repo.maven.apache.org/maven2/org/springframework/security/spring-security-bom/6.2.4/spring-security-bom-6.2.4.pom (5.3 kB at 26 kB/s)
#21 14.68 [INFO] Downloading from central: https://repo.maven.apache.org/maven2/org/springframework/session/spring-session-bom/3.2.2/spring-session-bom-3.2.2.pom
#21 14.91 [INFO] Downloaded from central: https://repo.maven.apache.org/maven2/org/springframework/session/spring-session-bom/3.2.2/spring-session-bom-3.2.2.pom (2.9 kB at 12 kB/s)
#21 14.91 [INFO] Downloading from central: https://repo.maven.apache.org/maven2/org/springframework/ws/spring-ws-bom/4.0.10/spring-ws-bom-4.0.10.pom
#21 15.16 [INFO] Downloaded from central: https://repo.maven.apache.org/maven2/org/springframework/ws/spring-ws-bom/4.0.10/spring-ws-bom-4.0.10.pom (3.5 kB at 14 kB/s)
#21 15.16 [INFO] Downloading from central: https://repo.maven.apache.org/maven2/org/testcontainers/testcontainers-bom/1.19.7/testcontainers-bom-1.19.7.pom
#21 15.35 [INFO] Downloaded from central: https://repo.maven.apache.org/maven2/org/testcontainers/testcontainers-bom/1.19.7/testcontainers-bom-1.19.7.pom (10 kB at 56 kB/s)
#21 15.36 [INFO] Downloading from central: https://repo.maven.apache.org/maven2/org/springframework/cloud/spring-cloud-dependencies/2023.0.1/spring-cloud-dependencies-2023.0.1.pom
#21 15.56 [INFO] Downloaded from central: https://repo.maven.apache.org/maven2/org/springframework/cloud/spring-cloud-dependencies/2023.0.1/spring-cloud-dependencies-2023.0.1.pom (10 kB at 52 kB/s)
#21 15.57 [INFO] Downloading from central: https://repo.maven.apache.org/maven2/org/springframework/cloud/spring-cloud-dependencies-parent/4.1.1/spring-cloud-dependencies-parent-4.1.1.pom
#21 15.75 [INFO] Downloaded from central: https://repo.maven.apache.org/maven2/org/springframework/cloud/spring-cloud-dependencies-parent/4.1.1/spring-cloud-dependencies-parent-4.1.1.pom (8.1 kB at 44 kB/s)
#21 15.76 [INFO] Downloading from central: https://repo.maven.apache.org/maven2/org/springframework/cloud/spring-cloud-commons-dependencies/4.1.2/spring-cloud-commons-dependencies-4.1.2.pom
#21 15.96 [INFO] Downloaded from central: https://repo.maven.apache.org/maven2/org/springframework/cloud/spring-cloud-commons-dependencies/4.1.2/spring-cloud-commons-dependencies-4.1.2.pom (7.2 kB at 36 kB/s)
#21 15.96 [INFO] Downloading from central: https://repo.maven.apache.org/maven2/org/springframework/cloud/spring-cloud-netflix-dependencies/4.1.1/spring-cloud-netflix-dependencies-4.1.1.pom
#21 16.15 [INFO] Downloaded from central: https://repo.maven.apache.org/maven2/org/springframework/cloud/spring-cloud-netflix-dependencies/4.1.1/spring-cloud-netflix-dependencies-4.1.1.pom (9.8 kB at 52 kB/s)
#21 16.15 [INFO] Downloading from central: https://repo.maven.apache.org/maven2/org/springframework/cloud/spring-cloud-stream-dependencies/4.1.1/spring-cloud-stream-dependencies-4.1.1.pom
#21 16.34 [INFO] Downloaded from central: https://repo.maven.apache.org/maven2/org/springframework/cloud/spring-cloud-stream-dependencies/4.1.1/spring-cloud-stream-dependencies-4.1.1.pom (8.6 kB at 45 kB/s)
#21 16.34 [INFO] Downloading from central: https://repo.maven.apache.org/maven2/org/springframework/cloud/spring-cloud-task-dependencies/3.1.1/spring-cloud-task-dependencies-3.1.1.pom
#21 16.53 [INFO] Downloaded from central: https://repo.maven.apache.org/maven2/org/springframework/cloud/spring-cloud-task-dependencies/3.1.1/spring-cloud-task-dependencies-3.1.1.pom (5.8 kB at 30 kB/s)
#21 16.54 [INFO] Downloading from central: https://repo.maven.apache.org/maven2/org/springframework/cloud/spring-cloud-circuitbreaker-dependencies/3.1.1/spring-cloud-circuitbreaker-dependencies-3.1.1.pom
#21 16.73 [INFO] Downloaded from central: https://repo.maven.apache.org/maven2/org/springframework/cloud/spring-cloud-circuitbreaker-dependencies/3.1.1/spring-cloud-circuitbreaker-dependencies-3.1.1.pom (6.7 kB at 35 kB/s)
#21 16.73 [INFO] Downloading from central: https://repo.maven.apache.org/maven2/io/github/resilience4j/resilience4j-bom/2.1.0/resilience4j-bom-2.1.0.pom
#21 16.98 [INFO] Downloaded from central: https://repo.maven.apache.org/maven2/io/github/resilience4j/resilience4j-bom/2.1.0/resilience4j-bom-2.1.0.pom (6.4 kB at 26 kB/s)
#21 16.98 [INFO] Downloading from central: https://repo.maven.apache.org/maven2/org/springframework/cloud/spring-cloud-config-dependencies/4.1.1/spring-cloud-config-dependencies-4.1.1.pom
#21 17.19 [INFO] Downloaded from central: https://repo.maven.apache.org/maven2/org/springframework/cloud/spring-cloud-config-dependencies/4.1.1/spring-cloud-config-dependencies-4.1.1.pom (7.5 kB at 35 kB/s)
#21 17.20 [INFO] Downloading from central: https://repo.maven.apache.org/maven2/org/springframework/cloud/spring-cloud-function-dependencies/4.1.1/spring-cloud-function-dependencies-4.1.1.pom
#21 17.40 [INFO] Downloaded from central: https://repo.maven.apache.org/maven2/org/springframework/cloud/spring-cloud-function-dependencies/4.1.1/spring-cloud-function-dependencies-4.1.1.pom (6.8 kB at 34 kB/s)
#21 17.41 [INFO] Downloading from central: https://repo.maven.apache.org/maven2/org/springframework/cloud/spring-cloud-gateway-dependencies/4.1.2/spring-cloud-gateway-dependencies-4.1.2.pom
#21 17.60 [INFO] Downloaded from central: https://repo.maven.apache.org/maven2/org/springframework/cloud/spring-cloud-gateway-dependencies/4.1.2/spring-cloud-gateway-dependencies-4.1.2.pom (6.4 kB at 33 kB/s)
#21 17.60 [INFO] Downloading from central: https://repo.maven.apache.org/maven2/org/springframework/cloud/spring-cloud-consul-dependencies/4.1.1/spring-cloud-consul-dependencies-4.1.1.pom
#21 17.79 [INFO] Downloaded from central: https://repo.maven.apache.org/maven2/org/springframework/cloud/spring-cloud-consul-dependencies/4.1.1/spring-cloud-consul-dependencies-4.1.1.pom (7.5 kB at 39 kB/s)
#21 17.80 [INFO] Downloading from central: https://repo.maven.apache.org/maven2/org/springframework/cloud/spring-cloud-vault-dependencies/4.1.1/spring-cloud-vault-dependencies-4.1.1.pom
#21 18.04 [INFO] Downloaded from central: https://repo.maven.apache.org/maven2/org/springframework/cloud/spring-cloud-vault-dependencies/4.1.1/spring-cloud-vault-dependencies-4.1.1.pom (6.2 kB at 25 kB/s)
#21 18.05 [INFO] Downloading from central: https://repo.maven.apache.org/maven2/org/springframework/cloud/spring-cloud-zookeeper-dependencies/4.1.1/spring-cloud-zookeeper-dependencies-4.1.1.pom
#21 18.25 [INFO] Downloaded from central: https://repo.maven.apache.org/maven2/org/springframework/cloud/spring-cloud-zookeeper-dependencies/4.1.1/spring-cloud-zookeeper-dependencies-4.1.1.pom (8.9 kB at 44 kB/s)
#21 18.25 [INFO] Downloading from central: https://repo.maven.apache.org/maven2/org/springframework/cloud/spring-cloud-bus-dependencies/4.1.1/spring-cloud-bus-dependencies-4.1.1.pom
#21 18.44 [INFO] Downloaded from central: https://repo.maven.apache.org/maven2/org/springframework/cloud/spring-cloud-bus-dependencies/4.1.1/spring-cloud-bus-dependencies-4.1.1.pom (6.1 kB at 33 kB/s)
#21 18.44 [INFO] Downloading from central: https://repo.maven.apache.org/maven2/org/springframework/cloud/spring-cloud-contract-dependencies/4.1.2/spring-cloud-contract-dependencies-4.1.2.pom
#21 18.65 [INFO] Downloaded from central: https://repo.maven.apache.org/maven2/org/springframework/cloud/spring-cloud-contract-dependencies/4.1.2/spring-cloud-contract-dependencies-4.1.2.pom (9.0 kB at 44 kB/s)
#21 18.65 [INFO] Downloading from central: https://repo.maven.apache.org/maven2/org/springframework/cloud/spring-cloud-openfeign-dependencies/4.1.1/spring-cloud-openfeign-dependencies-4.1.1.pom
#21 18.84 [INFO] Downloaded from central: https://repo.maven.apache.org/maven2/org/springframework/cloud/spring-cloud-openfeign-dependencies/4.1.1/spring-cloud-openfeign-dependencies-4.1.1.pom (6.5 kB at 33 kB/s)
#21 18.85 [INFO] Downloading from central: https://repo.maven.apache.org/maven2/io/github/openfeign/feign-bom/13.2.1/feign-bom-13.2.1.pom
#21 19.07 [INFO] Downloaded from central: https://repo.maven.apache.org/maven2/io/github/openfeign/feign-bom/13.2.1/feign-bom-13.2.1.pom (7.5 kB at 34 kB/s)
#21 19.07 [INFO] Downloading from central: https://repo.maven.apache.org/maven2/org/springframework/cloud/spring-cloud-kubernetes-dependencies/3.1.1/spring-cloud-kubernetes-dependencies-3.1.1.pom
#21 19.39 [INFO] Downloaded from central: https://repo.maven.apache.org/maven2/org/springframework/cloud/spring-cloud-kubernetes-dependencies/3.1.1/spring-cloud-kubernetes-dependencies-3.1.1.pom (13 kB at 39 kB/s)
#21 19.40 [INFO] Downloading from central: https://repo.maven.apache.org/maven2/io/fabric8/kubernetes-client-bom/6.9.2/kubernetes-client-bom-6.9.2.pom
#21 19.60 [INFO] Downloaded from central: https://repo.maven.apache.org/maven2/io/fabric8/kubernetes-client-bom/6.9.2/kubernetes-client-bom-6.9.2.pom (28 kB at 139 kB/s)
#21 19.60 [INFO] Downloading from central: https://repo.maven.apache.org/maven2/com/alibaba/cloud/spring-cloud-alibaba-dependencies/2023.0.1.0/spring-cloud-alibaba-dependencies-2023.0.1.0.pom
#21 19.81 [INFO] Downloaded from central: https://repo.maven.apache.org/maven2/com/alibaba/cloud/spring-cloud-alibaba-dependencies/2023.0.1.0/spring-cloud-alibaba-dependencies-2023.0.1.0.pom (12 kB at 59 kB/s)
#21 19.81 [INFO] Downloading from central: https://repo.maven.apache.org/maven2/org/springframework/cloud/spring-cloud-dependencies-parent/4.1.0/spring-cloud-dependencies-parent-4.1.0.pom
#21 20.00 [INFO] Downloaded from central: https://repo.maven.apache.org/maven2/org/springframework/cloud/spring-cloud-dependencies-parent/4.1.0/spring-cloud-dependencies-parent-4.1.0.pom (8.1 kB at 43 kB/s)
#21 20.07 [INFO] ------------------------------------------------------------------------
#21 20.07 [INFO] Reactor Build Order:
#21 20.07 [INFO] 
#21 20.07 [INFO] pork-traceability-backend                                          [pom]
#21 20.07 [INFO] common-core                                                        [jar]
#21 20.07 [INFO] common-security                                                    [jar]
#21 20.07 [INFO] common-web                                                         [jar]
#21 20.07 [INFO] common-mq                                                          [jar]
#21 20.07 [INFO] breeding-service                                                   [jar]
#21 20.08 [INFO] 
#21 20.08 [INFO] --------------------------< com.pork:backend >--------------------------
#21 20.08 [INFO] Building pork-traceability-backend 1.0-SNAPSHOT                    [1/6]
#21 20.08 [INFO]   from pom.xml
#21 20.08 [INFO] --------------------------------[ pom ]---------------------------------
#21 20.09 [INFO] Downloading from central: https://repo.maven.apache.org/maven2/org/springframework/boot/spring-boot-maven-plugin/3.2.5/spring-boot-maven-plugin-3.2.5.pom
#21 20.34 [INFO] Downloaded from central: https://repo.maven.apache.org/maven2/org/springframework/boot/spring-boot-maven-plugin/3.2.5/spring-boot-maven-plugin-3.2.5.pom (4.2 kB at 17 kB/s)
#21 20.36 [INFO] Downloading from central: https://repo.maven.apache.org/maven2/org/springframework/boot/spring-boot-maven-plugin/3.2.5/spring-boot-maven-plugin-3.2.5.jar
#21 20.78 [INFO] Downloaded from central: https://repo.maven.apache.org/maven2/org/springframework/boot/spring-boot-maven-plugin/3.2.5/spring-boot-maven-plugin-3.2.5.jar (135 kB at 319 kB/s)
#21 20.79 [INFO] Downloading from central: https://repo.maven.apache.org/maven2/org/apache/maven/plugins/maven-install-plugin/3.1.1/maven-install-plugin-3.1.1.pom
#21 20.98 [INFO] Downloaded from central: https://repo.maven.apache.org/maven2/org/apache/maven/plugins/maven-install-plugin/3.1.1/maven-install-plugin-3.1.1.pom (7.8 kB at 42 kB/s)
#21 20.98 [INFO] Downloading from central: https://repo.maven.apache.org/maven2/org/apache/maven/plugins/maven-plugins/39/maven-plugins-39.pom
#21 21.22 [INFO] Downloaded from central: https://repo.maven.apache.org/maven2/org/apache/maven/plugins/maven-plugins/39/maven-plugins-39.pom (8.1 kB at 35 kB/s)
#21 21.22 [INFO] Downloading from central: https://repo.maven.apache.org/maven2/org/apache/maven/maven-parent/39/maven-parent-39.pom
#21 21.44 [INFO] Downloaded from central: https://repo.maven.apache.org/maven2/org/apache/maven/maven-parent/39/maven-parent-39.pom (48 kB at 216 kB/s)
#21 21.45 [INFO] Downloading from central: https://repo.maven.apache.org/maven2/org/apache/apache/29/apache-29.pom
#21 21.67 [INFO] Downloaded from central: https://repo.maven.apache.org/maven2/org/apache/apache/29/apache-29.pom (21 kB at 94 kB/s)
#21 21.67 [INFO] Downloading from central: https://repo.maven.apache.org/maven2/org/apache/maven/plugins/maven-install-plugin/3.1.1/maven-install-plugin-3.1.1.jar
#21 21.88 [INFO] Downloaded from central: https://repo.maven.apache.org/maven2/org/apache/maven/plugins/maven-install-plugin/3.1.1/maven-install-plugin-3.1.1.jar (31 kB at 152 kB/s)
#21 21.89 [INFO] 
#21 21.89 [INFO] --- spring-boot:3.2.5:repackage (repackage) @ backend ---
#21 21.90 [INFO] Downloading from central: https://repo.maven.apache.org/maven2/org/springframework/boot/spring-boot-buildpack-platform/3.2.5/spring-boot-buildpack-platform-3.2.5.pom
#21 22.10 [INFO] Downloaded from central: https://repo.maven.apache.org/maven2/org/springframework/boot/spring-boot-buildpack-platform/3.2.5/spring-boot-buildpack-platform-3.2.5.pom (3.2 kB at 16 kB/s)
#21 22.10 [INFO] Downloading from central: https://repo.maven.apache.org/maven2/com/fasterxml/jackson/core/jackson-databind/2.14.2/jackson-databind-2.14.2.pom
#21 22.30 [INFO] Downloaded from central: https://repo.maven.apache.org/maven2/com/fasterxml/jackson/core/jackson-databind/2.14.2/jackson-databind-2.14.2.pom (19 kB at 102 kB/s)
#21 22.30 [INFO] Downloading from central: https://repo.maven.apache.org/maven2/com/fasterxml/jackson/jackson-base/2.14.2/jackson-base-2.14.2.pom
#21 22.54 [INFO] Downloaded from central: https://repo.maven.apache.org/maven2/com/fasterxml/jackson/jackson-base/2.14.2/jackson-base-2.14.2.pom (10 kB at 42 kB/s)
#21 22.54 [INFO] Downloading from central: https://repo.maven.apache.org/maven2/com/fasterxml/jackson/jackson-bom/2.14.2/jackson-bom-2.14.2.pom
#21 22.74 [INFO] Downloaded from central: https://repo.maven.apache.org/maven2/com/fasterxml/jackson/jackson-bom/2.14.2/jackson-bom-2.14.2.pom (17 kB at 91 kB/s)
#21 22.74 [INFO] Downloading from central: https://repo.maven.apache.org/maven2/com/fasterxml/jackson/jackson-parent/2.14/jackson-parent-2.14.pom
#21 22.94 [INFO] Downloaded from central: https://repo.maven.apache.org/maven2/com/fasterxml/jackson/jackson-parent/2.14/jackson-parent-2.14.pom (7.7 kB at 39 kB/s)
#21 22.94 [INFO] Downloading from central: https://repo.maven.apache.org/maven2/com/fasterxml/oss-parent/48/oss-parent-48.pom
#21 23.14 [INFO] Downloaded from central: https://repo.maven.apache.org/maven2/com/fasterxml/oss-parent/48/oss-parent-48.pom (24 kB at 118 kB/s)
#21 23.15 [INFO] Downloading from central: https://repo.maven.apache.org/maven2/com/fasterxml/jackson/core/jackson-annotations/2.14.2/jackson-annotations-2.14.2.pom
#21 23.34 [INFO] Downloaded from central: https://repo.maven.apache.org/maven2/com/fasterxml/jackson/core/jackson-annotations/2.14.2/jackson-annotations-2.14.2.pom (6.2 kB at 31 kB/s)
#21 23.35 [INFO] Downloading from central: https://repo.maven.apache.org/maven2/com/fasterxml/jackson/core/jackson-core/2.14.2/jackson-core-2.14.2.pom
#21 23.57 [INFO] Downloaded from central: https://repo.maven.apache.org/maven2/com/fasterxml/jackson/core/jackson-core/2.14.2/jackson-core-2.14.2.pom (7.0 kB at 32 kB/s)
#21 23.57 [INFO] Downloading from central: https://repo.maven.apache.org/maven2/com/fasterxml/jackson/module/jackson-module-parameter-names/2.14.2/jackson-module-parameter-names-2.14.2.pom
#21 23.76 [INFO] Downloaded from central: https://repo.maven.apache.org/maven2/com/fasterxml/jackson/module/jackson-module-parameter-names/2.14.2/jackson-module-parameter-names-2.14.2.pom (4.4 kB at 23 kB/s)
#21 23.77 [INFO] Downloading from central: https://repo.maven.apache.org/maven2/com/fasterxml/jackson/module/jackson-modules-java8/2.14.2/jackson-modules-java8-2.14.2.pom
#21 23.97 [INFO] Downloaded from central: https://repo.maven.apache.org/maven2/com/fasterxml/jackson/module/jackson-modules-java8/2.14.2/jackson-modules-java8-2.14.2.pom (3.1 kB at 15 kB/s)
#21 23.97 [INFO] Downloading from central: https://repo.maven.apache.org/maven2/net/java/dev/jna/jna-platform/5.13.0/jna-platform-5.13.0.pom
#21 24.19 [INFO] Downloaded from central: https://repo.maven.apache.org/maven2/net/java/dev/jna/jna-platform/5.13.0/jna-platform-5.13.0.pom (2.3 kB at 10 kB/s)
#21 24.20 [INFO] Downloading from central: https://repo.maven.apache.org/maven2/net/java/dev/jna/jna/5.13.0/jna-5.13.0.pom
#21 24.39 [INFO] Downloaded from central: https://repo.maven.apache.org/maven2/net/java/dev/jna/jna/5.13.0/jna-5.13.0.pom (2.0 kB at 11 kB/s)
#21 24.39 [INFO] Downloading from central: https://repo.maven.apache.org/maven2/org/apache/commons/commons-compress/1.21/commons-compress-1.21.pom
#21 24.58 [INFO] Downloaded from central: https://repo.maven.apache.org/maven2/org/apache/commons/commons-compress/1.21/commons-compress-1.21.pom (20 kB at 103 kB/s)
#21 24.59 [INFO] Downloading from central: https://repo.maven.apache.org/maven2/org/apache/commons/commons-parent/52/commons-parent-52.pom
#21 24.82 [INFO] Downloaded from central: https://repo.maven.apache.org/maven2/org/apache/commons/commons-parent/52/commons-parent-52.pom (79 kB at 340 kB/s)
#21 24.83 [INFO] Downloading from central: https://repo.maven.apache.org/maven2/org/apache/apache/23/apache-23.pom
#21 25.07 [INFO] Downloaded from central: https://repo.maven.apache.org/maven2/org/apache/apache/23/apache-23.pom (18 kB at 75 kB/s)
#21 25.08 [INFO] Downloading from central: https://repo.maven.apache.org/maven2/org/apache/httpcomponents/client5/httpclient5/5.2.3/httpclient5-5.2.3.pom
#21 25.28 [INFO] Downloaded from central: https://repo.maven.apache.org/maven2/org/apache/httpcomponents/client5/httpclient5/5.2.3/httpclient5-5.2.3.pom (6.0 kB at 29 kB/s)
#21 25.28 [INFO] Downloading from central: https://repo.maven.apache.org/maven2/org/apache/httpcomponents/client5/httpclient5-parent/5.2.3/httpclient5-parent-5.2.3.pom
#21 25.50 [INFO] Downloaded from central: https://repo.maven.apache.org/maven2/org/apache/httpcomponents/client5/httpclient5-parent/5.2.3/httpclient5-parent-5.2.3.pom (17 kB at 75 kB/s)
#21 25.51 [INFO] Downloading from central: https://repo.maven.apache.org/maven2/org/apache/httpcomponents/httpcomponents-parent/13/httpcomponents-parent-13.pom
#21 25.73 [INFO] Downloaded from central: https://repo.maven.apache.org/maven2/org/apache/httpcomponents/httpcomponents-parent/13/httpcomponents-parent-13.pom (30 kB at 135 kB/s)
#21 25.73 [INFO] Downloading from central: https://repo.maven.apache.org/maven2/org/apache/apache/27/apache-27.pom
#21 25.93 [INFO] Downloaded from central: https://repo.maven.apache.org/maven2/org/apache/apache/27/apache-27.pom (20 kB at 107 kB/s)
#21 25.93 [INFO] Downloading from central: https://repo.maven.apache.org/maven2/org/junit/junit-bom/5.9.3/junit-bom-5.9.3.pom
#21 26.11 [INFO] Downloaded from central: https://repo.maven.apache.org/maven2/org/junit/junit-bom/5.9.3/junit-bom-5.9.3.pom (5.6 kB at 31 kB/s)
#21 26.11 [INFO] Downloading from central: https://repo.maven.apache.org/maven2/org/apache/httpcomponents/core5/httpcore5/5.2.4/httpcore5-5.2.4.pom
#21 26.30 [INFO] Downloaded from central: https://repo.maven.apache.org/maven2/org/apache/httpcomponents/core5/httpcore5/5.2.4/httpcore5-5.2.4.pom (3.9 kB at 21 kB/s)
#21 26.30 [INFO] Downloading from central: https://repo.maven.apache.org/maven2/org/apache/httpcomponents/core5/httpcore5-parent/5.2.4/httpcore5-parent-5.2.4.pom
#21 26.50 [INFO] Downloaded from central: https://repo.maven.apache.org/maven2/org/apache/httpcomponents/core5/httpcore5-parent/5.2.4/httpcore5-parent-5.2.4.pom (14 kB at 71 kB/s)
#21 26.50 [INFO] Downloading from central: https://repo.maven.apache.org/maven2/org/apache/httpcomponents/core5/httpcore5-h2/5.2.4/httpcore5-h2-5.2.4.pom
#21 26.69 [INFO] Downloaded from central: https://repo.maven.apache.org/maven2/org/apache/httpcomponents/core5/httpcore5-h2/5.2.4/httpcore5-h2-5.2.4.pom (3.6 kB at 19 kB/s)
#21 26.70 [INFO] Downloading from central: https://repo.maven.apache.org/maven2/org/slf4j/slf4j-api/1.7.36/slf4j-api-1.7.36.pom
#21 26.92 [INFO] Downloaded from central: https://repo.maven.apache.org/maven2/org/slf4j/slf4j-api/1.7.36/slf4j-api-1.7.36.pom (2.7 kB at 13 kB/s)
#21 26.92 [INFO] Downloading from central: https://repo.maven.apache.org/maven2/org/slf4j/slf4j-parent/1.7.36/slf4j-parent-1.7.36.pom
#21 27.11 [INFO] Downloaded from central: https://repo.maven.apache.org/maven2/org/slf4j/slf4j-parent/1.7.36/slf4j-parent-1.7.36.pom (14 kB at 75 kB/s)
#21 27.11 [INFO] Downloading from central: https://repo.maven.apache.org/maven2/org/springframework/spring-core/6.0.10/spring-core-6.0.10.pom
#21 27.30 [INFO] Downloaded from central: https://repo.maven.apache.org/maven2/org/springframework/spring-core/6.0.10/spring-core-6.0.10.pom (2.0 kB at 11 kB/s)
#21 27.30 [INFO] Downloading from central: https://repo.maven.apache.org/maven2/org/springframework/spring-jcl/6.0.10/spring-jcl-6.0.10.pom
#21 27.49 [INFO] Downloaded from central: https://repo.maven.apache.org/maven2/org/springframework/spring-jcl/6.0.10/spring-jcl-6.0.10.pom (1.8 kB at 9.9 kB/s)
#21 27.49 [INFO] Downloading from central: https://repo.maven.apache.org/maven2/org/tomlj/tomlj/1.0.0/tomlj-1.0.0.pom
#21 27.70 [INFO] Downloaded from central: https://repo.maven.apache.org/maven2/org/tomlj/tomlj/1.0.0/tomlj-1.0.0.pom (2.8 kB at 14 kB/s)
#21 27.71 [INFO] Downloading from central: https://repo.maven.apache.org/maven2/org/antlr/antlr4-runtime/4.7.2/antlr4-runtime-4.7.2.pom
#21 27.94 [INFO] Downloaded from central: https://repo.maven.apache.org/maven2/org/antlr/antlr4-runtime/4.7.2/antlr4-runtime-4.7.2.pom (3.6 kB at 15 kB/s)
#21 27.94 [INFO] Downloading from central: https://repo.maven.apache.org/maven2/org/antlr/antlr4-master/4.7.2/antlr4-master-4.7.2.pom
#21 28.14 [INFO] Downloaded from central: https://repo.maven.apache.org/maven2/org/antlr/antlr4-master/4.7.2/antlr4-master-4.7.2.pom (4.4 kB at 22 kB/s)
#21 28.14 [INFO] Downloading from central: https://repo.maven.apache.org/maven2/org/sonatype/oss/oss-parent/9/oss-parent-9.pom
#21 28.37 [INFO] Downloaded from central: https://repo.maven.apache.org/maven2/org/sonatype/oss/oss-parent/9/oss-parent-9.pom (6.6 kB at 29 kB/s)
#21 28.38 [INFO] Downloading from central: https://repo.maven.apache.org/maven2/com/google/code/findbugs/jsr305/3.0.2/jsr305-3.0.2.pom
#21 28.59 [INFO] Downloaded from central: https://repo.maven.apache.org/maven2/com/google/code/findbugs/jsr305/3.0.2/jsr305-3.0.2.pom (4.3 kB at 21 kB/s)
#21 28.59 [INFO] Downloading from central: https://repo.maven.apache.org/maven2/org/springframework/boot/spring-boot-loader-tools/3.2.5/spring-boot-loader-tools-3.2.5.pom
#21 28.79 [INFO] Downloaded from central: https://repo.maven.apache.org/maven2/org/springframework/boot/spring-boot-loader-tools/3.2.5/spring-boot-loader-tools-3.2.5.pom (2.2 kB at 11 kB/s)
#21 28.79 [INFO] Downloading from central: https://repo.maven.apache.org/maven2/org/apache/maven/shared/maven-common-artifact-filters/3.3.2/maven-common-artifact-filters-3.3.2.pom
#21 28.99 [INFO] Downloaded from central: https://repo.maven.apache.org/maven2/org/apache/maven/shared/maven-common-artifact-filters/3.3.2/maven-common-artifact-filters-3.3.2.pom (5.3 kB at 26 kB/s)
#21 29.00 [INFO] Downloading from central: https://repo.maven.apache.org/maven2/org/apache/maven/shared/maven-shared-components/37/maven-shared-components-37.pom
#21 29.21 [INFO] Downloaded from central: https://repo.maven.apache.org/maven2/org/apache/maven/shared/maven-shared-components/37/maven-shared-components-37.pom (4.9 kB at 23 kB/s)
#21 29.21 [INFO] Downloading from central: https://repo.maven.apache.org/maven2/org/apache/maven/maven-parent/37/maven-parent-37.pom
#21 29.42 [INFO] Downloaded from central: https://repo.maven.apache.org/maven2/org/apache/maven/maven-parent/37/maven-parent-37.pom (46 kB at 226 kB/s)
#21 29.42 [INFO] Downloading from central: https://repo.maven.apache.org/maven2/org/springframework/spring-core/6.1.6/spring-core-6.1.6.pom
#21 29.64 [INFO] Downloaded from central: https://repo.maven.apache.org/maven2/org/springframework/spring-core/6.1.6/spring-core-6.1.6.pom (2.0 kB at 9.0 kB/s)
#21 29.65 [INFO] Downloading from central: https://repo.maven.apache.org/maven2/org/springframework/spring-jcl/6.1.6/spring-jcl-6.1.6.pom
#21 29.84 [INFO] Downloaded from central: https://repo.maven.apache.org/maven2/org/springframework/spring-jcl/6.1.6/spring-jcl-6.1.6.pom (1.8 kB at 9.6 kB/s)
#21 29.84 [INFO] Downloading from central: https://repo.maven.apache.org/maven2/org/springframework/spring-context/6.1.6/spring-context-6.1.6.pom
#21 30.04 [INFO] Downloaded from central: https://repo.maven.apache.org/maven2/org/springframework/spring-context/6.1.6/spring-context-6.1.6.pom (2.8 kB at 14 kB/s)
#21 30.04 [INFO] Downloading from central: https://repo.maven.apache.org/maven2/org/springframework/spring-aop/6.1.6/spring-aop-6.1.6.pom
#21 30.28 [INFO] Downloaded from central: https://repo.maven.apache.org/maven2/org/springframework/spring-aop/6.1.6/spring-aop-6.1.6.pom (2.2 kB at 9.3 kB/s)
#21 30.29 [INFO] Downloading from central: https://repo.maven.apache.org/maven2/org/springframework/spring-beans/6.1.6/spring-beans-6.1.6.pom
#21 30.48 [INFO] Downloaded from central: https://repo.maven.apache.org/maven2/org/springframework/spring-beans/6.1.6/spring-beans-6.1.6.pom (2.0 kB at 10 kB/s)
#21 30.49 [INFO] Downloading from central: https://repo.maven.apache.org/maven2/org/springframework/spring-expression/6.1.6/spring-expression-6.1.6.pom
#21 30.76 [INFO] Downloaded from central: https://repo.maven.apache.org/maven2/org/springframework/spring-expression/6.1.6/spring-expression-6.1.6.pom (2.1 kB at 7.6 kB/s)
#21 30.76 [INFO] Downloading from central: https://repo.maven.apache.org/maven2/io/micrometer/micrometer-observation/1.12.5/micrometer-observation-1.12.5.pom
#21 30.97 [INFO] Downloaded from central: https://repo.maven.apache.org/maven2/io/micrometer/micrometer-observation/1.12.5/micrometer-observation-1.12.5.pom (3.8 kB at 19 kB/s)
#21 30.98 [INFO] Downloading from central: https://repo.maven.apache.org/maven2/io/micrometer/micrometer-commons/1.12.5/micrometer-commons-1.12.5.pom
#21 31.22 [INFO] Downloaded from central: https://repo.maven.apache.org/maven2/io/micrometer/micrometer-commons/1.12.5/micrometer-commons-1.12.5.pom (3.4 kB at 14 kB/s)
#21 31.22 [INFO] Downloading from central: https://repo.maven.apache.org/maven2/org/sonatype/plexus/plexus-build-api/0.0.7/plexus-build-api-0.0.7.pom
#21 31.48 [INFO] Downloaded from central: https://repo.maven.apache.org/maven2/org/sonatype/plexus/plexus-build-api/0.0.7/plexus-build-api-0.0.7.pom (3.2 kB at 13 kB/s)
#21 31.48 [INFO] Downloading from central: https://repo.maven.apache.org/maven2/org/sonatype/spice/spice-parent/15/spice-parent-15.pom
#21 31.70 [INFO] Downloaded from central: https://repo.maven.apache.org/maven2/org/sonatype/spice/spice-parent/15/spice-parent-15.pom (8.4 kB at 38 kB/s)
#21 31.70 [INFO] Downloading from central: https://repo.maven.apache.org/maven2/org/sonatype/forge/forge-parent/5/forge-parent-5.pom
#21 31.91 [INFO] Downloaded from central: https://repo.maven.apache.org/maven2/org/sonatype/forge/forge-parent/5/forge-parent-5.pom (8.4 kB at 40 kB/s)
#21 31.92 [INFO] Downloading from central: https://repo.maven.apache.org/maven2/org/codehaus/plexus/plexus-utils/1.5.8/plexus-utils-1.5.8.pom
#21 32.16 [INFO] Downloaded from central: https://repo.maven.apache.org/maven2/org/codehaus/plexus/plexus-utils/1.5.8/plexus-utils-1.5.8.pom (8.1 kB at 33 kB/s)
#21 32.16 [INFO] Downloading from central: https://repo.maven.apache.org/maven2/org/codehaus/plexus/plexus/2.0.2/plexus-2.0.2.pom
#21 32.36 [INFO] Downloaded from central: https://repo.maven.apache.org/maven2/org/codehaus/plexus/plexus/2.0.2/plexus-2.0.2.pom (12 kB at 59 kB/s)
#21 32.36 [INFO] Downloading from central: https://repo.maven.apache.org/maven2/org/apache/maven/plugins/maven-shade-plugin/3.5.0/maven-shade-plugin-3.5.0.pom
#21 32.60 [INFO] Downloaded from central: https://repo.maven.apache.org/maven2/org/apache/maven/plugins/maven-shade-plugin/3.5.0/maven-shade-plugin-3.5.0.pom (12 kB at 52 kB/s)
#21 32.61 [INFO] Downloading from central: https://repo.maven.apache.org/maven2/org/codehaus/plexus/plexus-utils/3.5.1/plexus-utils-3.5.1.pom
#21 32.80 [INFO] Downloaded from central: https://repo.maven.apache.org/maven2/org/codehaus/plexus/plexus-utils/3.5.1/plexus-utils-3.5.1.pom (8.8 kB at 45 kB/s)
#21 32.80 [INFO] Downloading from central: https://repo.maven.apache.org/maven2/org/codehaus/plexus/plexus/10/plexus-10.pom
#21 33.00 [INFO] Downloaded from central: https://repo.maven.apache.org/maven2/org/codehaus/plexus/plexus/10/plexus-10.pom (25 kB at 130 kB/s)
#21 33.01 [INFO] Downloading from central: https://repo.maven.apache.org/maven2/org/slf4j/slf4j-api/1.7.32/slf4j-api-1.7.32.pom
#21 33.22 [INFO] Downloaded from central: https://repo.maven.apache.org/maven2/org/slf4j/slf4j-api/1.7.32/slf4j-api-1.7.32.pom (3.8 kB at 18 kB/s)
#21 33.23 [INFO] Downloading from central: https://repo.maven.apache.org/maven2/org/slf4j/slf4j-parent/1.7.32/slf4j-parent-1.7.32.pom
#21 33.44 [INFO] Downloaded from central: https://repo.maven.apache.org/maven2/org/slf4j/slf4j-parent/1.7.32/slf4j-parent-1.7.32.pom (14 kB at 63 kB/s)
#21 33.45 [INFO] Downloading from central: https://repo.maven.apache.org/maven2/org/ow2/asm/asm/9.5/asm-9.5.pom
#21 33.68 [INFO] Downloaded from central: https://repo.maven.apache.org/maven2/org/ow2/asm/asm/9.5/asm-9.5.pom (2.4 kB at 10 kB/s)
#21 33.68 [INFO] Downloading from central: https://repo.maven.apache.org/maven2/org/ow2/ow2/1.5.1/ow2-1.5.1.pom
#21 33.87 [INFO] Downloaded from central: https://repo.maven.apache.org/maven2/org/ow2/ow2/1.5.1/ow2-1.5.1.pom (11 kB at 60 kB/s)
#21 33.87 [INFO] Downloading from central: https://repo.maven.apache.org/maven2/org/ow2/asm/asm-commons/9.5/asm-commons-9.5.pom
#21 34.08 [INFO] Downloaded from central: https://repo.maven.apache.org/maven2/org/ow2/asm/asm-commons/9.5/asm-commons-9.5.pom (2.8 kB at 13 kB/s)
#21 34.08 [INFO] Downloading from central: https://repo.maven.apache.org/maven2/org/ow2/asm/asm-tree/9.5/asm-tree-9.5.pom
#21 34.30 [INFO] Downloaded from central: https://repo.maven.apache.org/maven2/org/ow2/asm/asm-tree/9.5/asm-tree-9.5.pom (2.6 kB at 12 kB/s)
#21 34.30 [INFO] Downloading from central: https://repo.maven.apache.org/maven2/org/jdom/jdom2/2.0.6.1/jdom2-2.0.6.1.pom
#21 34.49 [INFO] Downloaded from central: https://repo.maven.apache.org/maven2/org/jdom/jdom2/2.0.6.1/jdom2-2.0.6.1.pom (4.6 kB at 24 kB/s)
#21 34.50 [INFO] Downloading from central: https://repo.maven.apache.org/maven2/org/apache/maven/shared/maven-dependency-tree/3.2.1/maven-dependency-tree-3.2.1.pom
#21 34.71 [INFO] Downloaded from central: https://repo.maven.apache.org/maven2/org/apache/maven/shared/maven-dependency-tree/3.2.1/maven-dependency-tree-3.2.1.pom (6.2 kB at 29 kB/s)
#21 34.72 [INFO] Downloading from central: https://repo.maven.apache.org/maven2/org/eclipse/aether/aether-util/1.0.0.v20140518/aether-util-1.0.0.v20140518.pom
#21 34.91 [INFO] Downloaded from central: https://repo.maven.apache.org/maven2/org/eclipse/aether/aether-util/1.0.0.v20140518/aether-util-1.0.0.v20140518.pom (2.2 kB at 11 kB/s)
#21 34.91 [INFO] Downloading from central: https://repo.maven.apache.org/maven2/org/eclipse/aether/aether/1.0.0.v20140518/aether-1.0.0.v20140518.pom
#21 35.10 [INFO] Downloaded from central: https://repo.maven.apache.org/maven2/org/eclipse/aether/aether/1.0.0.v20140518/aether-1.0.0.v20140518.pom (30 kB at 160 kB/s)
#21 35.10 [INFO] Downloading from central: https://repo.maven.apache.org/maven2/org/eclipse/aether/aether-api/1.0.0.v20140518/aether-api-1.0.0.v20140518.pom
#21 35.32 [INFO] Downloaded from central: https://repo.maven.apache.org/maven2/org/eclipse/aether/aether-api/1.0.0.v20140518/aether-api-1.0.0.v20140518.pom (1.9 kB at 8.7 kB/s)
#21 35.33 [INFO] Downloading from central: https://repo.maven.apache.org/maven2/commons-io/commons-io/2.13.0/commons-io-2.13.0.pom
#21 35.51 [INFO] Downloaded from central: https://repo.maven.apache.org/maven2/commons-io/commons-io/2.13.0/commons-io-2.13.0.pom (20 kB at 109 kB/s)
#21 35.51 [INFO] Downloading from central: https://repo.maven.apache.org/maven2/org/apache/commons/commons-parent/58/commons-parent-58.pom
#21 35.73 [INFO] Downloaded from central: https://repo.maven.apache.org/maven2/org/apache/commons/commons-parent/58/commons-parent-58.pom (83 kB at 386 kB/s)
#21 35.73 [INFO] Downloading from central: https://repo.maven.apache.org/maven2/org/vafer/jdependency/2.8.0/jdependency-2.8.0.pom
#21 35.93 [INFO] Downloaded from central: https://repo.maven.apache.org/maven2/org/vafer/jdependency/2.8.0/jdependency-2.8.0.pom (14 kB at 72 kB/s)
#21 35.93 [INFO] Downloading from central: https://repo.maven.apache.org/maven2/org/apache/commons/commons-collections4/4.4/commons-collections4-4.4.pom
#21 36.14 [INFO] Downloaded from central: https://repo.maven.apache.org/maven2/org/apache/commons/commons-collections4/4.4/commons-collections4-4.4.pom (24 kB at 112 kB/s)
#21 36.15 [INFO] Downloading from central: https://repo.maven.apache.org/maven2/org/apache/commons/commons-parent/48/commons-parent-48.pom
#21 36.35 [INFO] Downloaded from central: https://repo.maven.apache.org/maven2/org/apache/commons/commons-parent/48/commons-parent-48.pom (72 kB at 358 kB/s)
#21 36.35 [INFO] Downloading from central: https://repo.maven.apache.org/maven2/org/apache/apache/21/apache-21.pom
#21 36.55 [INFO] Downloaded from central: https://repo.maven.apache.org/maven2/org/apache/apache/21/apache-21.pom (17 kB at 86 kB/s)
#21 36.56 [INFO] Downloading from central: https://repo.maven.apache.org/maven2/org/springframework/boot/spring-boot-buildpack-platform/3.2.5/spring-boot-buildpack-platform-3.2.5.jar
#21 36.98 [INFO] Downloaded from central: https://repo.maven.apache.org/maven2/org/springframework/boot/spring-boot-buildpack-platform/3.2.5/spring-boot-buildpack-platform-3.2.5.jar (272 kB at 648 kB/s)
#21 36.99 [INFO] Downloading from central: https://repo.maven.apache.org/maven2/com/fasterxml/jackson/core/jackson-databind/2.14.2/jackson-databind-2.14.2.jar
#21 36.99 [INFO] Downloading from central: https://repo.maven.apache.org/maven2/com/fasterxml/jackson/core/jackson-annotations/2.14.2/jackson-annotations-2.14.2.jar
#21 36.99 [INFO] Downloading from central: https://repo.maven.apache.org/maven2/com/fasterxml/jackson/core/jackson-core/2.14.2/jackson-core-2.14.2.jar
#21 36.99 [INFO] Downloading from central: https://repo.maven.apache.org/maven2/com/fasterxml/jackson/module/jackson-module-parameter-names/2.14.2/jackson-module-parameter-names-2.14.2.jar
#21 36.99 [INFO] Downloading from central: https://repo.maven.apache.org/maven2/net/java/dev/jna/jna-platform/5.13.0/jna-platform-5.13.0.jar
#21 37.54 [INFO] Downloaded from central: https://repo.maven.apache.org/maven2/com/fasterxml/jackson/module/jackson-module-parameter-names/2.14.2/jackson-module-parameter-names-2.14.2.jar (9.5 kB at 17 kB/s)
#21 37.55 [INFO] Downloading from central: https://repo.maven.apache.org/maven2/net/java/dev/jna/jna/5.13.0/jna-5.13.0.jar
#21 37.65 [INFO] Downloaded from central: https://repo.maven.apache.org/maven2/com/fasterxml/jackson/core/jackson-databind/2.14.2/jackson-databind-2.14.2.jar (1.6 MB at 2.4 MB/s)
#21 37.65 [INFO] Downloading from central: https://repo.maven.apache.org/maven2/org/apache/commons/commons-compress/1.21/commons-compress-1.21.jar
#21 40.87 [INFO] Downloaded from central: https://repo.maven.apache.org/maven2/org/apache/commons/commons-compress/1.21/commons-compress-1.21.jar (1.0 MB at 262 kB/s)
#21 40.87 [INFO] Downloading from central: https://repo.maven.apache.org/maven2/org/apache/httpcomponents/client5/httpclient5/5.2.3/httpclient5-5.2.3.jar
#21 41.16 [INFO] Downloaded from central: https://repo.maven.apache.org/maven2/com/fasterxml/jackson/core/jackson-annotations/2.14.2/jackson-annotations-2.14.2.jar (77 kB at 18 kB/s)
#21 41.16 [INFO] Downloading from central: https://repo.maven.apache.org/maven2/org/apache/httpcomponents/core5/httpcore5/5.2.4/httpcore5-5.2.4.jar
#21 41.24 [INFO] Downloaded from central: https://repo.maven.apache.org/maven2/org/apache/httpcomponents/client5/httpclient5/5.2.3/httpclient5-5.2.3.jar (843 kB at 198 kB/s)
#21 41.24 [INFO] Downloading from central: https://repo.maven.apache.org/maven2/org/apache/httpcomponents/core5/httpcore5-h2/5.2.4/httpcore5-h2-5.2.4.jar
#21 41.46 [INFO] Downloaded from central: https://repo.maven.apache.org/maven2/org/apache/httpcomponents/core5/httpcore5-h2/5.2.4/httpcore5-h2-5.2.4.jar (237 kB at 53 kB/s)
#21 41.46 [INFO] Downloading from central: https://repo.maven.apache.org/maven2/org/tomlj/tomlj/1.0.0/tomlj-1.0.0.jar
#21 41.66 [INFO] Downloaded from central: https://repo.maven.apache.org/maven2/org/tomlj/tomlj/1.0.0/tomlj-1.0.0.jar (157 kB at 34 kB/s)
#21 41.66 [INFO] Downloading from central: https://repo.maven.apache.org/maven2/org/antlr/antlr4-runtime/4.7.2/antlr4-runtime-4.7.2.jar
#21 41.73 [INFO] Downloaded from central: https://repo.maven.apache.org/maven2/com/fasterxml/jackson/core/jackson-core/2.14.2/jackson-core-2.14.2.jar (459 kB at 97 kB/s)
#21 41.73 [INFO] Downloading from central: https://repo.maven.apache.org/maven2/com/google/code/findbugs/jsr305/3.0.2/jsr305-3.0.2.jar
#21 41.92 [INFO] Downloaded from central: https://repo.maven.apache.org/maven2/org/antlr/antlr4-runtime/4.7.2/antlr4-runtime-4.7.2.jar (338 kB at 69 kB/s)
#21 41.92 [INFO] Downloading from central: https://repo.maven.apache.org/maven2/org/springframework/boot/spring-boot-loader-tools/3.2.5/spring-boot-loader-tools-3.2.5.jar
#21 41.97 [INFO] Downloaded from central: https://repo.maven.apache.org/maven2/org/apache/httpcomponents/core5/httpcore5/5.2.4/httpcore5-5.2.4.jar (855 kB at 172 kB/s)
#21 41.97 [INFO] Downloading from central: https://repo.maven.apache.org/maven2/org/apache/maven/shared/maven-common-artifact-filters/3.3.2/maven-common-artifact-filters-3.3.2.jar
#21 41.97 [INFO] Downloaded from central: https://repo.maven.apache.org/maven2/com/google/code/findbugs/jsr305/3.0.2/jsr305-3.0.2.jar (20 kB at 4.0 kB/s)
#21 41.97 [INFO] Downloading from central: https://repo.maven.apache.org/maven2/org/slf4j/slf4j-api/1.7.36/slf4j-api-1.7.36.jar
#21 42.19 [INFO] Downloaded from central: https://repo.maven.apache.org/maven2/org/springframework/boot/spring-boot-loader-tools/3.2.5/spring-boot-loader-tools-3.2.5.jar (435 kB at 84 kB/s)
#21 42.19 [INFO] Downloading from central: https://repo.maven.apache.org/maven2/org/springframework/spring-core/6.1.6/spring-core-6.1.6.jar
#21 42.22 [INFO] Downloaded from central: https://repo.maven.apache.org/maven2/org/apache/maven/shared/maven-common-artifact-filters/3.3.2/maven-common-artifact-filters-3.3.2.jar (58 kB at 11 kB/s)
#21 42.22 [INFO] Downloading from central: https://repo.maven.apache.org/maven2/org/springframework/spring-jcl/6.1.6/spring-jcl-6.1.6.jar
#21 42.25 [INFO] Downloaded from central: https://repo.maven.apache.org/maven2/org/slf4j/slf4j-api/1.7.36/slf4j-api-1.7.36.jar (41 kB at 7.8 kB/s)
#21 42.25 [INFO] Downloading from central: https://repo.maven.apache.org/maven2/org/springframework/spring-context/6.1.6/spring-context-6.1.6.jar
#21 42.34 [INFO] Downloaded from central: https://repo.maven.apache.org/maven2/net/java/dev/jna/jna/5.13.0/jna-5.13.0.jar (1.9 MB at 351 kB/s)
#21 42.34 [INFO] Downloading from central: https://repo.maven.apache.org/maven2/org/springframework/spring-aop/6.1.6/spring-aop-6.1.6.jar
#21 42.42 [INFO] Downloaded from central: https://repo.maven.apache.org/maven2/org/springframework/spring-jcl/6.1.6/spring-jcl-6.1.6.jar (25 kB at 4.5 kB/s)
#21 42.42 [INFO] Downloading from central: https://repo.maven.apache.org/maven2/org/springframework/spring-beans/6.1.6/spring-beans-6.1.6.jar
#21 42.87 [INFO] Downloaded from central: https://repo.maven.apache.org/maven2/org/springframework/spring-beans/6.1.6/spring-beans-6.1.6.jar (858 kB at 146 kB/s)
#21 42.87 [INFO] Downloading from central: https://repo.maven.apache.org/maven2/org/springframework/spring-expression/6.1.6/spring-expression-6.1.6.jar
#21 42.94 [INFO] Downloaded from central: https://repo.maven.apache.org/maven2/org/springframework/spring-aop/6.1.6/spring-aop-6.1.6.jar (416 kB at 70 kB/s)
#21 42.94 [INFO] Downloading from central: https://repo.maven.apache.org/maven2/io/micrometer/micrometer-observation/1.12.5/micrometer-observation-1.12.5.jar
#21 43.11 [INFO] Downloaded from central: https://repo.maven.apache.org/maven2/org/springframework/spring-expression/6.1.6/spring-expression-6.1.6.jar (303 kB at 49 kB/s)
#21 43.11 [INFO] Downloading from central: https://repo.maven.apache.org/maven2/io/micrometer/micrometer-commons/1.12.5/micrometer-commons-1.12.5.jar
#21 43.13 [INFO] Downloaded from central: https://repo.maven.apache.org/maven2/org/springframework/spring-core/6.1.6/spring-core-6.1.6.jar (1.9 MB at 306 kB/s)
#21 43.13 [INFO] Downloading from central: https://repo.maven.apache.org/maven2/org/sonatype/plexus/plexus-build-api/0.0.7/plexus-build-api-0.0.7.jar
#21 43.16 [INFO] Downloaded from central: https://repo.maven.apache.org/maven2/io/micrometer/micrometer-observation/1.12.5/micrometer-observation-1.12.5.jar (72 kB at 12 kB/s)
#21 43.16 [INFO] Downloading from central: https://repo.maven.apache.org/maven2/org/codehaus/plexus/plexus-utils/1.5.8/plexus-utils-1.5.8.jar
#21 43.31 [INFO] Downloaded from central: https://repo.maven.apache.org/maven2/io/micrometer/micrometer-commons/1.12.5/micrometer-commons-1.12.5.jar (47 kB at 7.5 kB/s)
#21 43.31 [INFO] Downloading from central: https://repo.maven.apache.org/maven2/org/apache/maven/plugins/maven-shade-plugin/3.5.0/maven-shade-plugin-3.5.0.jar
#21 43.32 [INFO] Downloaded from central: https://repo.maven.apache.org/maven2/org/sonatype/plexus/plexus-build-api/0.0.7/plexus-build-api-0.0.7.jar (8.5 kB at 1.3 kB/s)
#21 43.32 [INFO] Downloading from central: https://repo.maven.apache.org/maven2/org/ow2/asm/asm/9.5/asm-9.5.jar
#21 43.41 [INFO] Downloaded from central: https://repo.maven.apache.org/maven2/org/codehaus/plexus/plexus-utils/1.5.8/plexus-utils-1.5.8.jar (268 kB at 42 kB/s)
#21 43.41 [INFO] Downloading from central: https://repo.maven.apache.org/maven2/org/ow2/asm/asm-commons/9.5/asm-commons-9.5.jar
#21 43.54 [INFO] Downloaded from central: https://repo.maven.apache.org/maven2/org/ow2/asm/asm/9.5/asm-9.5.jar (122 kB at 19 kB/s)
#21 43.54 [INFO] Downloading from central: https://repo.maven.apache.org/maven2/org/ow2/asm/asm-tree/9.5/asm-tree-9.5.jar
#21 43.54 [INFO] Downloaded from central: https://repo.maven.apache.org/maven2/org/apache/maven/plugins/maven-shade-plugin/3.5.0/maven-shade-plugin-3.5.0.jar (147 kB at 22 kB/s)
#21 43.54 [INFO] Downloading from central: https://repo.maven.apache.org/maven2/org/jdom/jdom2/2.0.6.1/jdom2-2.0.6.1.jar
#21 43.61 [INFO] Downloaded from central: https://repo.maven.apache.org/maven2/org/ow2/asm/asm-commons/9.5/asm-commons-9.5.jar (72 kB at 11 kB/s)
#21 43.61 [INFO] Downloading from central: https://repo.maven.apache.org/maven2/org/apache/maven/shared/maven-dependency-tree/3.2.1/maven-dependency-tree-3.2.1.jar
#21 43.74 [INFO] Downloaded from central: https://repo.maven.apache.org/maven2/org/ow2/asm/asm-tree/9.5/asm-tree-9.5.jar (52 kB at 7.7 kB/s)
#21 43.74 [INFO] Downloading from central: https://repo.maven.apache.org/maven2/org/eclipse/aether/aether-util/1.0.0.v20140518/aether-util-1.0.0.v20140518.jar
#21 43.79 [INFO] Downloaded from central: https://repo.maven.apache.org/maven2/org/jdom/jdom2/2.0.6.1/jdom2-2.0.6.1.jar (328 kB at 48 kB/s)
#21 43.79 [INFO] Downloading from central: https://repo.maven.apache.org/maven2/org/eclipse/aether/aether-api/1.0.0.v20140518/aether-api-1.0.0.v20140518.jar
#21 43.80 [INFO] Downloaded from central: https://repo.maven.apache.org/maven2/org/apache/maven/shared/maven-dependency-tree/3.2.1/maven-dependency-tree-3.2.1.jar (43 kB at 6.3 kB/s)
#21 43.80 [INFO] Downloading from central: https://repo.maven.apache.org/maven2/commons-io/commons-io/2.13.0/commons-io-2.13.0.jar
#21 43.99 [INFO] Downloaded from central: https://repo.maven.apache.org/maven2/org/eclipse/aether/aether-util/1.0.0.v20140518/aether-util-1.0.0.v20140518.jar (146 kB at 21 kB/s)
#21 43.99 [INFO] Downloading from central: https://repo.maven.apache.org/maven2/org/vafer/jdependency/2.8.0/jdependency-2.8.0.jar
#21 44.06 [INFO] Downloaded from central: https://repo.maven.apache.org/maven2/org/eclipse/aether/aether-api/1.0.0.v20140518/aether-api-1.0.0.v20140518.jar (136 kB at 19 kB/s)
#21 44.06 [INFO] Downloading from central: https://repo.maven.apache.org/maven2/org/apache/commons/commons-collections4/4.4/commons-collections4-4.4.jar
#21 44.09 [INFO] Downloaded from central: https://repo.maven.apache.org/maven2/commons-io/commons-io/2.13.0/commons-io-2.13.0.jar (484 kB at 68 kB/s)
#21 44.23 [INFO] Downloaded from central: https://repo.maven.apache.org/maven2/org/vafer/jdependency/2.8.0/jdependency-2.8.0.jar (233 kB at 32 kB/s)
#21 44.24 [INFO] Downloaded from central: https://repo.maven.apache.org/maven2/org/springframework/spring-context/6.1.6/spring-context-6.1.6.jar (1.3 MB at 180 kB/s)
#21 44.38 [INFO] Downloaded from central: https://repo.maven.apache.org/maven2/org/apache/commons/commons-collections4/4.4/commons-collections4-4.4.jar (752 kB at 102 kB/s)
#21 44.58 [INFO] Downloaded from central: https://repo.maven.apache.org/maven2/net/java/dev/jna/jna-platform/5.13.0/jna-platform-5.13.0.jar (1.4 MB at 179 kB/s)
#21 44.70 [INFO] 
#21 44.70 [INFO] --- install:3.1.1:install (default-install) @ backend ---
#21 44.71 [INFO] Downloading from central: https://repo.maven.apache.org/maven2/org/codehaus/plexus/plexus-utils/3.5.0/plexus-utils-3.5.0.pom
#21 44.90 [INFO] Downloaded from central: https://repo.maven.apache.org/maven2/org/codehaus/plexus/plexus-utils/3.5.0/plexus-utils-3.5.0.pom (8.0 kB at 41 kB/s)
#21 44.91 [INFO] Downloading from central: https://repo.maven.apache.org/maven2/org/codehaus/plexus/plexus-utils/3.5.0/plexus-utils-3.5.0.jar
#21 45.56 [INFO] Downloaded from central: https://repo.maven.apache.org/maven2/org/codehaus/plexus/plexus-utils/3.5.0/plexus-utils-3.5.0.jar (267 kB at 412 kB/s)
#21 45.58 [INFO] Installing /workspace/pom.xml to /root/.m2/repository/com/pork/backend/1.0-SNAPSHOT/backend-1.0-SNAPSHOT.pom
#21 45.59 [INFO] 
#21 45.59 [INFO] ------------------------< com.pork:common-core >------------------------
#21 45.59 [INFO] Building common-core 1.0-SNAPSHOT                                  [2/6]
#21 45.59 [INFO]   from common/common-core/pom.xml
#21 45.59 [INFO] --------------------------------[ jar ]---------------------------------
#21 45.59 [INFO] Downloading from central: https://repo.maven.apache.org/maven2/org/apache/maven/plugins/maven-resources-plugin/3.3.1/maven-resources-plugin-3.3.1.pom
#21 45.80 [INFO] Downloaded from central: https://repo.maven.apache.org/maven2/org/apache/maven/plugins/maven-resources-plugin/3.3.1/maven-resources-plugin-3.3.1.pom (8.2 kB at 40 kB/s)
#21 45.81 [INFO] Downloading from central: https://repo.maven.apache.org/maven2/org/apache/maven/plugins/maven-resources-plugin/3.3.1/maven-resources-plugin-3.3.1.jar
#21 46.05 [INFO] Downloaded from central: https://repo.maven.apache.org/maven2/org/apache/maven/plugins/maven-resources-plugin/3.3.1/maven-resources-plugin-3.3.1.jar (31 kB at 126 kB/s)
#21 46.06 [INFO] Downloading from central: https://repo.maven.apache.org/maven2/org/apache/maven/plugins/maven-compiler-plugin/3.11.0/maven-compiler-plugin-3.11.0.pom
#21 46.26 [INFO] Downloaded from central: https://repo.maven.apache.org/maven2/org/apache/maven/plugins/maven-compiler-plugin/3.11.0/maven-compiler-plugin-3.11.0.pom (9.8 kB at 48 kB/s)
#21 46.27 [INFO] Downloading from central: https://repo.maven.apache.org/maven2/org/apache/maven/plugins/maven-compiler-plugin/3.11.0/maven-compiler-plugin-3.11.0.jar
#21 46.58 [INFO] Downloaded from central: https://repo.maven.apache.org/maven2/org/apache/maven/plugins/maven-compiler-plugin/3.11.0/maven-compiler-plugin-3.11.0.jar (66 kB at 213 kB/s)
#21 46.58 [INFO] Downloading from central: https://repo.maven.apache.org/maven2/org/apache/maven/plugins/maven-surefire-plugin/3.1.2/maven-surefire-plugin-3.1.2.pom
#21 46.78 [INFO] Downloaded from central: https://repo.maven.apache.org/maven2/org/apache/maven/plugins/maven-surefire-plugin/3.1.2/maven-surefire-plugin-3.1.2.pom (5.5 kB at 27 kB/s)
#21 46.78 [INFO] Downloading from central: https://repo.maven.apache.org/maven2/org/apache/maven/surefire/surefire/3.1.2/surefire-3.1.2.pom
#21 46.98 [INFO] Downloaded from central: https://repo.maven.apache.org/maven2/org/apache/maven/surefire/surefire/3.1.2/surefire-3.1.2.pom (22 kB at 109 kB/s)
#21 46.99 [INFO] Downloading from central: https://repo.maven.apache.org/maven2/org/apache/maven/plugins/maven-surefire-plugin/3.1.2/maven-surefire-plugin-3.1.2.jar
#21 47.25 [INFO] Downloaded from central: https://repo.maven.apache.org/maven2/org/apache/maven/plugins/maven-surefire-plugin/3.1.2/maven-surefire-plugin-3.1.2.jar (43 kB at 163 kB/s)
#21 47.26 [INFO] Downloading from central: https://repo.maven.apache.org/maven2/org/apache/maven/plugins/maven-jar-plugin/3.3.0/maven-jar-plugin-3.3.0.pom
#21 47.46 [INFO] Downloaded from central: https://repo.maven.apache.org/maven2/org/apache/maven/plugins/maven-jar-plugin/3.3.0/maven-jar-plugin-3.3.0.pom (6.8 kB at 35 kB/s)
#21 47.46 [INFO] Downloading from central: https://repo.maven.apache.org/maven2/org/apache/maven/plugins/maven-plugins/37/maven-plugins-37.pom
#21 47.66 [INFO] Downloaded from central: https://repo.maven.apache.org/maven2/org/apache/maven/plugins/maven-plugins/37/maven-plugins-37.pom (9.9 kB at 48 kB/s)
#21 47.67 [INFO] Downloading from central: https://repo.maven.apache.org/maven2/org/apache/maven/plugins/maven-jar-plugin/3.3.0/maven-jar-plugin-3.3.0.jar
#21 47.90 [INFO] Downloaded from central: https://repo.maven.apache.org/maven2/org/apache/maven/plugins/maven-jar-plugin/3.3.0/maven-jar-plugin-3.3.0.jar (27 kB at 118 kB/s)
#21 47.91 [INFO] Downloading from central: https://repo.maven.apache.org/maven2/org/projectlombok/lombok/1.18.32/lombok-1.18.32.pom
#21 48.12 [INFO] Downloaded from central: https://repo.maven.apache.org/maven2/org/projectlombok/lombok/1.18.32/lombok-1.18.32.pom (1.5 kB at 7.2 kB/s)
#21 48.12 [INFO] Downloading from central: https://repo.maven.apache.org/maven2/cn/hutool/hutool-all/5.8.27/hutool-all-5.8.27.pom
#21 48.33 [INFO] Downloaded from central: https://repo.maven.apache.org/maven2/cn/hutool/hutool-all/5.8.27/hutool-all-5.8.27.pom (2.6 kB at 12 kB/s)
#21 48.33 [INFO] Downloading from central: https://repo.maven.apache.org/maven2/cn/hutool/hutool-parent/5.8.27/hutool-parent-5.8.27.pom
#21 48.59 [INFO] Downloaded from central: https://repo.maven.apache.org/maven2/cn/hutool/hutool-parent/5.8.27/hutool-parent-5.8.27.pom (6.2 kB at 24 kB/s)
#21 48.59 [INFO] Downloading from central: https://repo.maven.apache.org/maven2/com/alibaba/fastjson2/fastjson2/2.0.43/fastjson2-2.0.43.pom
#21 48.79 [INFO] Downloaded from central: https://repo.maven.apache.org/maven2/com/alibaba/fastjson2/fastjson2/2.0.43/fastjson2-2.0.43.pom (11 kB at 55 kB/s)
#21 48.79 [INFO] Downloading from central: https://repo.maven.apache.org/maven2/com/alibaba/fastjson2/fastjson2-parent/2.0.43/fastjson2-parent-2.0.43.pom
#21 49.01 [INFO] Downloaded from central: https://repo.maven.apache.org/maven2/com/alibaba/fastjson2/fastjson2-parent/2.0.43/fastjson2-parent-2.0.43.pom (47 kB at 217 kB/s)
#21 49.01 [INFO] Downloading from central: https://repo.maven.apache.org/maven2/com/fasterxml/jackson/jackson-bom/2.16.0/jackson-bom-2.16.0.pom
#21 49.22 [INFO] Downloaded from central: https://repo.maven.apache.org/maven2/com/fasterxml/jackson/jackson-bom/2.16.0/jackson-bom-2.16.0.pom (18 kB at 88 kB/s)
#21 49.22 [INFO] Downloading from central: https://repo.maven.apache.org/maven2/com/fasterxml/jackson/jackson-parent/2.16/jackson-parent-2.16.pom
#21 49.42 [INFO] Downloaded from central: https://repo.maven.apache.org/maven2/com/fasterxml/jackson/jackson-parent/2.16/jackson-parent-2.16.pom (6.5 kB at 33 kB/s)
#21 49.42 [INFO] Downloading from central: https://repo.maven.apache.org/maven2/com/fasterxml/oss-parent/56/oss-parent-56.pom
#21 49.63 [INFO] Downloaded from central: https://repo.maven.apache.org/maven2/com/fasterxml/oss-parent/56/oss-parent-56.pom (24 kB at 114 kB/s)
#21 49.63 [INFO] Downloading from central: https://repo.maven.apache.org/maven2/com/google/protobuf/protobuf-bom/3.25.1/protobuf-bom-3.25.1.pom
#21 49.83 [INFO] Downloaded from central: https://repo.maven.apache.org/maven2/com/google/protobuf/protobuf-bom/3.25.1/protobuf-bom-3.25.1.pom (3.7 kB at 19 kB/s)
#21 49.83 [INFO] Downloading from central: https://repo.maven.apache.org/maven2/org/eclipse/jetty/jetty-bom/11.0.15/jetty-bom-11.0.15.pom
#21 50.04 [INFO] Downloaded from central: https://repo.maven.apache.org/maven2/org/eclipse/jetty/jetty-bom/11.0.15/jetty-bom-11.0.15.pom (20 kB at 96 kB/s)
#21 50.04 [INFO] Downloading from central: https://repo.maven.apache.org/maven2/org/glassfish/jersey/jersey-bom/2.41/jersey-bom-2.41.pom
#21 50.25 [INFO] Downloaded from central: https://repo.maven.apache.org/maven2/org/glassfish/jersey/jersey-bom/2.41/jersey-bom-2.41.pom (20 kB at 98 kB/s)
#21 50.25 [INFO] Downloading from central: https://repo.maven.apache.org/maven2/org/jetbrains/kotlin/kotlin-bom/1.6.21/kotlin-bom-1.6.21.pom
#21 50.45 [INFO] Downloaded from central: https://repo.maven.apache.org/maven2/org/jetbrains/kotlin/kotlin-bom/1.6.21/kotlin-bom-1.6.21.pom (9.3 kB at 46 kB/s)
#21 50.45 [INFO] Downloading from central: https://repo.maven.apache.org/maven2/org/junit/junit-bom/5.10.1/junit-bom-5.10.1.pom
#21 50.64 [INFO] Downloaded from central: https://repo.maven.apache.org/maven2/org/junit/junit-bom/5.10.1/junit-bom-5.10.1.pom (5.6 kB at 30 kB/s)
#21 50.64 [INFO] Downloading from central: https://repo.maven.apache.org/maven2/jakarta/validation/jakarta.validation-api/3.0.2/jakarta.validation-api-3.0.2.pom
#21 50.85 [INFO] Downloaded from central: https://repo.maven.apache.org/maven2/jakarta/validation/jakarta.validation-api/3.0.2/jakarta.validation-api-3.0.2.pom (11 kB at 52 kB/s)
#21 50.86 [INFO] Downloading from central: https://repo.maven.apache.org/maven2/org/eclipse/ee4j/project/1.0.6/project-1.0.6.pom
#21 51.06 [INFO] Downloaded from central: https://repo.maven.apache.org/maven2/org/eclipse/ee4j/project/1.0.6/project-1.0.6.pom (13 kB at 66 kB/s)
#21 51.07 [INFO] Downloading from central: https://repo.maven.apache.org/maven2/com/baomidou/mybatis-plus-extension/3.5.9/mybatis-plus-extension-3.5.9.pom
#21 51.27 [INFO] Downloaded from central: https://repo.maven.apache.org/maven2/com/baomidou/mybatis-plus-extension/3.5.9/mybatis-plus-extension-3.5.9.pom (3.6 kB at 18 kB/s)
#21 51.27 [INFO] Downloading from central: https://repo.maven.apache.org/maven2/com/baomidou/mybatis-plus-core/3.5.9/mybatis-plus-core-3.5.9.pom
#21 51.47 [INFO] Downloaded from central: https://repo.maven.apache.org/maven2/com/baomidou/mybatis-plus-core/3.5.9/mybatis-plus-core-3.5.9.pom (2.2 kB at 11 kB/s)
#21 51.48 [INFO] Downloading from central: https://repo.maven.apache.org/maven2/com/baomidou/mybatis-plus-annotation/3.5.9/mybatis-plus-annotation-3.5.9.pom
#21 51.69 [INFO] Downloaded from central: https://repo.maven.apache.org/maven2/com/baomidou/mybatis-plus-annotation/3.5.9/mybatis-plus-annotation-3.5.9.pom (1.4 kB at 6.8 kB/s)
#21 51.69 [INFO] Downloading from central: https://repo.maven.apache.org/maven2/org/mybatis/mybatis/3.5.16/mybatis-3.5.16.pom
#21 51.89 [INFO] Downloaded from central: https://repo.maven.apache.org/maven2/org/mybatis/mybatis/3.5.16/mybatis-3.5.16.pom (18 kB at 89 kB/s)
#21 51.90 [INFO] Downloading from central: https://repo.maven.apache.org/maven2/org/mybatis/mybatis-parent/42/mybatis-parent-42.pom
#21 52.11 [INFO] Downloaded from central: https://repo.maven.apache.org/maven2/org/mybatis/mybatis-parent/42/mybatis-parent-42.pom (50 kB at 240 kB/s)
#21 52.11 [INFO] Downloading from central: https://repo.maven.apache.org/maven2/org/projectlombok/lombok/1.18.32/lombok-1.18.32.jar
#21 55.02 [INFO] Downloaded from central: https://repo.maven.apache.org/maven2/org/projectlombok/lombok/1.18.32/lombok-1.18.32.jar (2.0 MB at 704 kB/s)
#21 55.02 [INFO] Downloading from central: https://repo.maven.apache.org/maven2/cn/hutool/hutool-all/5.8.27/hutool-all-5.8.27.jar
#21 55.02 [INFO] Downloading from central: https://repo.maven.apache.org/maven2/com/alibaba/fastjson2/fastjson2/2.0.43/fastjson2-2.0.43.jar
#21 55.02 [INFO] Downloading from central: https://repo.maven.apache.org/maven2/jakarta/validation/jakarta.validation-api/3.0.2/jakarta.validation-api-3.0.2.jar
#21 55.02 [INFO] Downloading from central: https://repo.maven.apache.org/maven2/com/baomidou/mybatis-plus-extension/3.5.9/mybatis-plus-extension-3.5.9.jar
#21 55.02 [INFO] Downloading from central: https://repo.maven.apache.org/maven2/com/baomidou/mybatis-plus-core/3.5.9/mybatis-plus-core-3.5.9.jar
#21 55.24 [INFO] Downloaded from central: https://repo.maven.apache.org/maven2/com/baomidou/mybatis-plus-extension/3.5.9/mybatis-plus-extension-3.5.9.jar (170 kB at 791 kB/s)
#21 55.24 [INFO] Downloading from central: https://repo.maven.apache.org/maven2/com/baomidou/mybatis-plus-annotation/3.5.9/mybatis-plus-annotation-3.5.9.jar
#21 55.27 [INFO] Downloaded from central: https://repo.maven.apache.org/maven2/jakarta/validation/jakarta.validation-api/3.0.2/jakarta.validation-api-3.0.2.jar (93 kB at 370 kB/s)
#21 55.27 [INFO] Downloading from central: https://repo.maven.apache.org/maven2/org/mybatis/mybatis/3.5.16/mybatis-3.5.16.jar
#21 55.36 [INFO] Downloaded from central: https://repo.maven.apache.org/maven2/com/baomidou/mybatis-plus-core/3.5.9/mybatis-plus-core-3.5.9.jar (366 kB at 1.1 MB/s)
#21 55.42 [INFO] Downloaded from central: https://repo.maven.apache.org/maven2/com/baomidou/mybatis-plus-annotation/3.5.9/mybatis-plus-annotation-3.5.9.jar (19 kB at 48 kB/s)
#21 55.84 [INFO] Downloaded from central: https://repo.maven.apache.org/maven2/org/mybatis/mybatis/3.5.16/mybatis-3.5.16.jar (1.8 MB at 2.2 MB/s)
#21 56.87 [INFO] Downloaded from central: https://repo.maven.apache.org/maven2/cn/hutool/hutool-all/5.8.27/hutool-all-5.8.27.jar (2.5 MB at 1.4 MB/s)
#21 57.03 [INFO] Downloaded from central: https://repo.maven.apache.org/maven2/com/alibaba/fastjson2/fastjson2/2.0.43/fastjson2-2.0.43.jar (2.0 MB at 997 kB/s)
#21 57.03 [INFO] 
#21 57.03 [INFO] --- resources:3.3.1:resources (default-resources) @ common-core ---
#21 57.04 [INFO] Downloading from central: https://repo.maven.apache.org/maven2/org/codehaus/plexus/plexus-interpolation/1.26/plexus-interpolation-1.26.pom
#21 57.26 [INFO] Downloaded from central: https://repo.maven.apache.org/maven2/org/codehaus/plexus/plexus-interpolation/1.26/plexus-interpolation-1.26.pom (2.7 kB at 12 kB/s)
#21 57.26 [INFO] Downloading from central: https://repo.maven.apache.org/maven2/org/codehaus/plexus/plexus/5.1/plexus-5.1.pom
#21 57.46 [INFO] Downloaded from central: https://repo.maven.apache.org/maven2/org/codehaus/plexus/plexus/5.1/plexus-5.1.pom (23 kB at 114 kB/s)
#21 57.46 [INFO] Downloading from central: https://repo.maven.apache.org/maven2/org/apache/maven/shared/maven-filtering/3.3.1/maven-filtering-3.3.1.pom
#21 57.67 [INFO] Downloaded from central: https://repo.maven.apache.org/maven2/org/apache/maven/shared/maven-filtering/3.3.1/maven-filtering-3.3.1.pom (6.0 kB at 29 kB/s)
#21 57.67 [INFO] Downloading from central: https://repo.maven.apache.org/maven2/org/apache/maven/shared/maven-shared-components/39/maven-shared-components-39.pom
#21 57.92 [INFO] Downloaded from central: https://repo.maven.apache.org/maven2/org/apache/maven/shared/maven-shared-components/39/maven-shared-components-39.pom (3.2 kB at 13 kB/s)
#21 57.93 [INFO] Downloading from central: https://repo.maven.apache.org/maven2/javax/inject/javax.inject/1/javax.inject-1.pom
#21 58.12 [INFO] Downloaded from central: https://repo.maven.apache.org/maven2/javax/inject/javax.inject/1/javax.inject-1.pom (612 B at 3.1 kB/s)
#21 58.13 [INFO] Downloading from central: https://repo.maven.apache.org/maven2/commons-io/commons-io/2.11.0/commons-io-2.11.0.pom
#21 58.33 [INFO] Downloaded from central: https://repo.maven.apache.org/maven2/commons-io/commons-io/2.11.0/commons-io-2.11.0.pom (20 kB at 97 kB/s)
#21 58.34 [INFO] Downloading from central: https://repo.maven.apache.org/maven2/org/junit/junit-bom/5.7.2/junit-bom-5.7.2.pom
#21 58.54 [INFO] Downloaded from central: https://repo.maven.apache.org/maven2/org/junit/junit-bom/5.7.2/junit-bom-5.7.2.pom (5.1 kB at 25 kB/s)
#21 58.54 [INFO] Downloading from central: https://repo.maven.apache.org/maven2/org/apache/commons/commons-lang3/3.12.0/commons-lang3-3.12.0.pom
#21 58.74 [INFO] Downloaded from central: https://repo.maven.apache.org/maven2/org/apache/commons/commons-lang3/3.12.0/commons-lang3-3.12.0.pom (31 kB at 153 kB/s)
#21 58.75 [INFO] Downloading from central: https://repo.maven.apache.org/maven2/org/junit/junit-bom/5.7.1/junit-bom-5.7.1.pom
#21 58.95 [INFO] Downloaded from central: https://repo.maven.apache.org/maven2/org/junit/junit-bom/5.7.1/junit-bom-5.7.1.pom (5.1 kB at 25 kB/s)
#21 58.96 [INFO] Downloading from central: https://repo.maven.apache.org/maven2/org/codehaus/plexus/plexus-interpolation/1.26/plexus-interpolation-1.26.jar
#21 59.23 [INFO] Downloaded from central: https://repo.maven.apache.org/maven2/org/codehaus/plexus/plexus-interpolation/1.26/plexus-interpolation-1.26.jar (85 kB at 321 kB/s)
#21 59.23 [INFO] Downloading from central: https://repo.maven.apache.org/maven2/org/codehaus/plexus/plexus-utils/3.5.1/plexus-utils-3.5.1.jar
#21 59.23 [INFO] Downloading from central: https://repo.maven.apache.org/maven2/org/apache/maven/shared/maven-filtering/3.3.1/maven-filtering-3.3.1.jar
#21 59.23 [INFO] Downloading from central: https://repo.maven.apache.org/maven2/javax/inject/javax.inject/1/javax.inject-1.jar
#21 59.23 [INFO] Downloading from central: https://repo.maven.apache.org/maven2/commons-io/commons-io/2.11.0/commons-io-2.11.0.jar
#21 59.23 [INFO] Downloading from central: https://repo.maven.apache.org/maven2/org/apache/commons/commons-lang3/3.12.0/commons-lang3-3.12.0.jar
#21 59.42 [INFO] Downloaded from central: https://repo.maven.apache.org/maven2/javax/inject/javax.inject/1/javax.inject-1.jar (2.5 kB at 13 kB/s)
#21 59.51 [INFO] Downloaded from central: https://repo.maven.apache.org/maven2/commons-io/commons-io/2.11.0/commons-io-2.11.0.jar (327 kB at 1.2 MB/s)
#21 59.51 [INFO] Downloaded from central: https://repo.maven.apache.org/maven2/org/apache/maven/shared/maven-filtering/3.3.1/maven-filtering-3.3.1.jar (55 kB at 190 kB/s)
#21 59.56 [INFO] Downloaded from central: https://repo.maven.apache.org/maven2/org/apache/commons/commons-lang3/3.12.0/commons-lang3-3.12.0.jar (587 kB at 1.7 MB/s)
#21 59.60 [INFO] Downloaded from central: https://repo.maven.apache.org/maven2/org/codehaus/plexus/plexus-utils/3.5.1/plexus-utils-3.5.1.jar (269 kB at 722 kB/s)
#21 59.65 [INFO] skip non existing resourceDirectory /workspace/common/common-core/src/main/resources
#21 59.65 [INFO] skip non existing resourceDirectory /workspace/common/common-core/src/main/resources
#21 59.65 [INFO] 
#21 59.65 [INFO] --- compiler:3.11.0:compile (default-compile) @ common-core ---
#21 59.66 [INFO] Downloading from central: https://repo.maven.apache.org/maven2/org/apache/maven/shared/maven-shared-utils/3.3.4/maven-shared-utils-3.3.4.pom
#21 59.87 [INFO] Downloaded from central: https://repo.maven.apache.org/maven2/org/apache/maven/shared/maven-shared-utils/3.3.4/maven-shared-utils-3.3.4.pom (5.8 kB at 27 kB/s)
#21 59.88 [INFO] Downloading from central: https://repo.maven.apache.org/maven2/org/apache/maven/shared/maven-shared-components/34/maven-shared-components-34.pom
#21 60.08 [INFO] Downloaded from central: https://repo.maven.apache.org/maven2/org/apache/maven/shared/maven-shared-components/34/maven-shared-components-34.pom (5.1 kB at 25 kB/s)
#21 60.08 [INFO] Downloading from central: https://repo.maven.apache.org/maven2/org/apache/maven/maven-parent/34/maven-parent-34.pom
#21 60.28 [INFO] Downloaded from central: https://repo.maven.apache.org/maven2/org/apache/maven/maven-parent/34/maven-parent-34.pom (43 kB at 214 kB/s)
#21 60.29 [INFO] Downloading from central: https://repo.maven.apache.org/maven2/commons-io/commons-io/2.6/commons-io-2.6.pom
#21 60.50 [INFO] Downloaded from central: https://repo.maven.apache.org/maven2/commons-io/commons-io/2.6/commons-io-2.6.pom (14 kB at 66 kB/s)
#21 60.51 [INFO] Downloading from central: https://repo.maven.apache.org/maven2/org/apache/commons/commons-parent/42/commons-parent-42.pom
#21 60.71 [INFO] Downloaded from central: https://repo.maven.apache.org/maven2/org/apache/commons/commons-parent/42/commons-parent-42.pom (68 kB at 328 kB/s)
#21 60.72 [INFO] Downloading from central: https://repo.maven.apache.org/maven2/org/apache/apache/18/apache-18.pom
#21 60.94 [INFO] Downloaded from central: https://repo.maven.apache.org/maven2/org/apache/apache/18/apache-18.pom (16 kB at 70 kB/s)
#21 60.94 [INFO] Downloading from central: https://repo.maven.apache.org/maven2/org/apache/maven/shared/maven-shared-incremental/1.1/maven-shared-incremental-1.1.pom
#21 61.14 [INFO] Downloaded from central: https://repo.maven.apache.org/maven2/org/apache/maven/shared/maven-shared-incremental/1.1/maven-shared-incremental-1.1.pom (4.7 kB at 24 kB/s)
#21 61.14 [INFO] Downloading from central: https://repo.maven.apache.org/maven2/org/apache/maven/shared/maven-shared-components/19/maven-shared-components-19.pom
#21 61.34 [INFO] Downloaded from central: https://repo.maven.apache.org/maven2/org/apache/maven/shared/maven-shared-components/19/maven-shared-components-19.pom (6.4 kB at 32 kB/s)
#21 61.34 [INFO] Downloading from central: https://repo.maven.apache.org/maven2/org/apache/maven/maven-parent/23/maven-parent-23.pom
#21 61.56 [INFO] Downloaded from central: https://repo.maven.apache.org/maven2/org/apache/maven/maven-parent/23/maven-parent-23.pom (33 kB at 147 kB/s)
#21 61.57 [INFO] Downloading from central: https://repo.maven.apache.org/maven2/org/apache/apache/13/apache-13.pom
#21 61.78 [INFO] Downloaded from central: https://repo.maven.apache.org/maven2/org/apache/apache/13/apache-13.pom (14 kB at 66 kB/s)
#21 61.78 [INFO] Downloading from central: https://repo.maven.apache.org/maven2/org/codehaus/plexus/plexus-component-annotations/1.5.5/plexus-component-annotations-1.5.5.pom
#21 61.97 [INFO] Downloaded from central: https://repo.maven.apache.org/maven2/org/codehaus/plexus/plexus-component-annotations/1.5.5/plexus-component-annotations-1.5.5.pom (815 B at 4.2 kB/s)
#21 61.98 [INFO] Downloading from central: https://repo.maven.apache.org/maven2/org/codehaus/plexus/plexus-containers/1.5.5/plexus-containers-1.5.5.pom
#21 62.18 [INFO] Downloaded from central: https://repo.maven.apache.org/maven2/org/codehaus/plexus/plexus-containers/1.5.5/plexus-containers-1.5.5.pom (4.2 kB at 21 kB/s)
#21 62.18 [INFO] Downloading from central: https://repo.maven.apache.org/maven2/org/codehaus/plexus/plexus/2.0.7/plexus-2.0.7.pom
#21 62.43 [INFO] Downloaded from central: https://repo.maven.apache.org/maven2/org/codehaus/plexus/plexus/2.0.7/plexus-2.0.7.pom (17 kB at 69 kB/s)
#21 62.43 [INFO] Downloading from central: https://repo.maven.apache.org/maven2/org/codehaus/plexus/plexus-java/1.1.2/plexus-java-1.1.2.pom
#21 62.63 [INFO] Downloaded from central: https://repo.maven.apache.org/maven2/org/codehaus/plexus/plexus-java/1.1.2/plexus-java-1.1.2.pom (5.0 kB at 25 kB/s)
#21 62.63 [INFO] Downloading from central: https://repo.maven.apache.org/maven2/org/codehaus/plexus/plexus-languages/1.1.2/plexus-languages-1.1.2.pom
#21 62.83 [INFO] Downloaded from central: https://repo.maven.apache.org/maven2/org/codehaus/plexus/plexus-languages/1.1.2/plexus-languages-1.1.2.pom (4.1 kB at 21 kB/s)
#21 62.83 [INFO] Downloading from central: https://repo.maven.apache.org/maven2/org/ow2/asm/asm/9.4/asm-9.4.pom
#21 63.03 [INFO] Downloaded from central: https://repo.maven.apache.org/maven2/org/ow2/asm/asm/9.4/asm-9.4.pom (2.4 kB at 12 kB/s)
#21 63.03 [INFO] Downloading from central: https://repo.maven.apache.org/maven2/com/thoughtworks/qdox/qdox/2.0.3/qdox-2.0.3.pom
#21 63.24 [INFO] Downloaded from central: https://repo.maven.apache.org/maven2/com/thoughtworks/qdox/qdox/2.0.3/qdox-2.0.3.pom (17 kB at 84 kB/s)
#21 63.24 [INFO] Downloading from central: https://repo.maven.apache.org/maven2/org/codehaus/plexus/plexus-compiler-api/2.13.0/plexus-compiler-api-2.13.0.pom
#21 63.46 [INFO] Downloaded from central: https://repo.maven.apache.org/maven2/org/codehaus/plexus/plexus-compiler-api/2.13.0/plexus-compiler-api-2.13.0.pom (1.1 kB at 5.0 kB/s)
#21 63.46 [INFO] Downloading from central: https://repo.maven.apache.org/maven2/org/codehaus/plexus/plexus-compiler/2.13.0/plexus-compiler-2.13.0.pom
#21 63.67 [INFO] Downloaded from central: https://repo.maven.apache.org/maven2/org/codehaus/plexus/plexus-compiler/2.13.0/plexus-compiler-2.13.0.pom (8.4 kB at 39 kB/s)
#21 63.67 [INFO] Downloading from central: https://repo.maven.apache.org/maven2/org/codehaus/plexus/plexus-components/10.0/plexus-components-10.0.pom
#21 63.89 [INFO] Downloaded from central: https://repo.maven.apache.org/maven2/org/codehaus/plexus/plexus-components/10.0/plexus-components-10.0.pom (2.7 kB at 12 kB/s)
#21 63.90 [INFO] Downloading from central: https://repo.maven.apache.org/maven2/org/junit/junit-bom/5.9.1/junit-bom-5.9.1.pom
#21 64.11 [INFO] Downloaded from central: https://repo.maven.apache.org/maven2/org/junit/junit-bom/5.9.1/junit-bom-5.9.1.pom (5.6 kB at 26 kB/s)
#21 64.12 [INFO] Downloading from central: https://repo.maven.apache.org/maven2/org/codehaus/plexus/plexus-compiler-manager/2.13.0/plexus-compiler-manager-2.13.0.pom
#21 64.35 [INFO] Downloaded from central: https://repo.maven.apache.org/maven2/org/codehaus/plexus/plexus-compiler-manager/2.13.0/plexus-compiler-manager-2.13.0.pom (1.1 kB at 4.9 kB/s)
#21 64.35 [INFO] Downloading from central: https://repo.maven.apache.org/maven2/org/codehaus/plexus/plexus-component-annotations/2.1.1/plexus-component-annotations-2.1.1.pom
#21 64.56 [INFO] Downloaded from central: https://repo.maven.apache.org/maven2/org/codehaus/plexus/plexus-component-annotations/2.1.1/plexus-component-annotations-2.1.1.pom (770 B at 3.7 kB/s)
#21 64.57 [INFO] Downloading from central: https://repo.maven.apache.org/maven2/org/codehaus/plexus/plexus-containers/2.1.1/plexus-containers-2.1.1.pom
#21 64.76 [INFO] Downloaded from central: https://repo.maven.apache.org/maven2/org/codehaus/plexus/plexus-containers/2.1.1/plexus-containers-2.1.1.pom (6.0 kB at 32 kB/s)
#21 64.76 [INFO] Downloading from central: https://repo.maven.apache.org/maven2/org/codehaus/plexus/plexus/6.5/plexus-6.5.pom
#21 64.96 [INFO] Downloaded from central: https://repo.maven.apache.org/maven2/org/codehaus/plexus/plexus/6.5/plexus-6.5.pom (26 kB at 129 kB/s)
#21 64.96 [INFO] Downloading from central: https://repo.maven.apache.org/maven2/org/codehaus/plexus/plexus-compiler-javac/2.13.0/plexus-compiler-javac-2.13.0.pom
#21 65.17 [INFO] Downloaded from central: https://repo.maven.apache.org/maven2/org/codehaus/plexus/plexus-compiler-javac/2.13.0/plexus-compiler-javac-2.13.0.pom (1.2 kB at 5.8 kB/s)
#21 65.17 [INFO] Downloading from central: https://repo.maven.apache.org/maven2/org/codehaus/plexus/plexus-compilers/2.13.0/plexus-compilers-2.13.0.pom
#21 65.42 [INFO] Downloaded from central: https://repo.maven.apache.org/maven2/org/codehaus/plexus/plexus-compilers/2.13.0/plexus-compilers-2.13.0.pom (1.3 kB at 5.4 kB/s)
#21 65.43 [INFO] Downloading from central: https://repo.maven.apache.org/maven2/org/apache/maven/shared/maven-shared-utils/3.3.4/maven-shared-utils-3.3.4.jar
#21 65.73 [INFO] Downloaded from central: https://repo.maven.apache.org/maven2/org/apache/maven/shared/maven-shared-utils/3.3.4/maven-shared-utils-3.3.4.jar (153 kB at 504 kB/s)
#21 65.73 [INFO] Downloading from central: https://repo.maven.apache.org/maven2/commons-io/commons-io/2.6/commons-io-2.6.jar
#21 65.73 [INFO] Downloading from central: https://repo.maven.apache.org/maven2/org/apache/maven/shared/maven-shared-incremental/1.1/maven-shared-incremental-1.1.jar
#21 65.73 [INFO] Downloading from central: https://repo.maven.apache.org/maven2/org/codehaus/plexus/plexus-component-annotations/1.5.5/plexus-component-annotations-1.5.5.jar
#21 65.73 [INFO] Downloading from central: https://repo.maven.apache.org/maven2/org/codehaus/plexus/plexus-java/1.1.2/plexus-java-1.1.2.jar
#21 65.73 [INFO] Downloading from central: https://repo.maven.apache.org/maven2/org/ow2/asm/asm/9.4/asm-9.4.jar
#21 65.93 [INFO] Downloaded from central: https://repo.maven.apache.org/maven2/org/apache/maven/shared/maven-shared-incremental/1.1/maven-shared-incremental-1.1.jar (14 kB at 68 kB/s)
#21 65.93 [INFO] Downloading from central: https://repo.maven.apache.org/maven2/com/thoughtworks/qdox/qdox/2.0.3/qdox-2.0.3.jar
#21 65.94 [INFO] Downloaded from central: https://repo.maven.apache.org/maven2/org/codehaus/plexus/plexus-component-annotations/1.5.5/plexus-component-annotations-1.5.5.jar (4.2 kB at 20 kB/s)
#21 65.94 [INFO] Downloading from central: https://repo.maven.apache.org/maven2/org/codehaus/plexus/plexus-compiler-api/2.13.0/plexus-compiler-api-2.13.0.jar
#21 65.95 [INFO] Downloaded from central: https://repo.maven.apache.org/maven2/org/codehaus/plexus/plexus-java/1.1.2/plexus-java-1.1.2.jar (55 kB at 252 kB/s)
#21 65.95 [INFO] Downloading from central: https://repo.maven.apache.org/maven2/org/codehaus/plexus/plexus-compiler-manager/2.13.0/plexus-compiler-manager-2.13.0.jar
#21 65.97 [INFO] Downloaded from central: https://repo.maven.apache.org/maven2/org/ow2/asm/asm/9.4/asm-9.4.jar (122 kB at 517 kB/s)
#21 65.97 [INFO] Downloading from central: https://repo.maven.apache.org/maven2/org/codehaus/plexus/plexus-compiler-javac/2.13.0/plexus-compiler-javac-2.13.0.jar
#21 66.05 [INFO] Downloaded from central: https://repo.maven.apache.org/maven2/commons-io/commons-io/2.6/commons-io-2.6.jar (215 kB at 682 kB/s)
#21 66.16 [INFO] Downloaded from central: https://repo.maven.apache.org/maven2/org/codehaus/plexus/plexus-compiler-api/2.13.0/plexus-compiler-api-2.13.0.jar (27 kB at 63 kB/s)
#21 66.17 [INFO] Downloaded from central: https://repo.maven.apache.org/maven2/com/thoughtworks/qdox/qdox/2.0.3/qdox-2.0.3.jar (334 kB at 775 kB/s)
#21 66.17 [INFO] Downloaded from central: https://repo.maven.apache.org/maven2/org/codehaus/plexus/plexus-compiler-manager/2.13.0/plexus-compiler-manager-2.13.0.jar (4.7 kB at 11 kB/s)
#21 66.17 [INFO] Downloaded from central: https://repo.maven.apache.org/maven2/org/codehaus/plexus/plexus-compiler-javac/2.13.0/plexus-compiler-javac-2.13.0.jar (23 kB at 52 kB/s)
#21 66.24 [INFO] Changes detected - recompiling the module! :source
#21 66.25 [INFO] Compiling 9 source files with javac [debug release 17] to target/classes
#21 68.15 [INFO] 
#21 68.15 [INFO] --- resources:3.3.1:testResources (default-testResources) @ common-core ---
#21 68.16 [INFO] skip non existing resourceDirectory /workspace/common/common-core/src/test/resources
#21 68.16 [INFO] 
#21 68.16 [INFO] --- compiler:3.11.0:testCompile (default-testCompile) @ common-core ---
#21 68.17 [INFO] No sources to compile
#21 68.17 [INFO] 
#21 68.17 [INFO] --- surefire:3.1.2:test (default-test) @ common-core ---
#21 68.18 [INFO] Downloading from central: https://repo.maven.apache.org/maven2/org/apache/maven/surefire/maven-surefire-common/3.1.2/maven-surefire-common-3.1.2.pom
#21 68.42 [INFO] Downloaded from central: https://repo.maven.apache.org/maven2/org/apache/maven/surefire/maven-surefire-common/3.1.2/maven-surefire-common-3.1.2.pom (6.1 kB at 25 kB/s)
#21 68.43 [INFO] Downloading from central: https://repo.maven.apache.org/maven2/org/apache/maven/surefire/surefire-api/3.1.2/surefire-api-3.1.2.pom
#21 68.63 [INFO] Downloaded from central: https://repo.maven.apache.org/maven2/org/apache/maven/surefire/surefire-api/3.1.2/surefire-api-3.1.2.pom (3.5 kB at 17 kB/s)
#21 68.64 [INFO] Downloading from central: https://repo.maven.apache.org/maven2/org/apache/maven/surefire/surefire-logger-api/3.1.2/surefire-logger-api-3.1.2.pom
#21 68.82 [INFO] Downloaded from central: https://repo.maven.apache.org/maven2/org/apache/maven/surefire/surefire-logger-api/3.1.2/surefire-logger-api-3.1.2.pom (3.3 kB at 18 kB/s)
#21 68.83 [INFO] Downloading from central: https://repo.maven.apache.org/maven2/org/apache/maven/surefire/surefire-shared-utils/3.1.2/surefire-shared-utils-3.1.2.pom
#21 69.02 [INFO] Downloaded from central: https://repo.maven.apache.org/maven2/org/apache/maven/surefire/surefire-shared-utils/3.1.2/surefire-shared-utils-3.1.2.pom (4.1 kB at 21 kB/s)
#21 69.03 [INFO] Downloading from central: https://repo.maven.apache.org/maven2/org/apache/maven/surefire/surefire-extensions-api/3.1.2/surefire-extensions-api-3.1.2.pom
#21 69.24 [INFO] Downloaded from central: https://repo.maven.apache.org/maven2/org/apache/maven/surefire/surefire-extensions-api/3.1.2/surefire-extensions-api-3.1.2.pom (3.3 kB at 16 kB/s)
#21 69.24 [INFO] Downloading from central: https://repo.maven.apache.org/maven2/org/apache/maven/surefire/surefire-booter/3.1.2/surefire-booter-3.1.2.pom
#21 69.45 [INFO] Downloaded from central: https://repo.maven.apache.org/maven2/org/apache/maven/surefire/surefire-booter/3.1.2/surefire-booter-3.1.2.pom (4.5 kB at 22 kB/s)
#21 69.45 [INFO] Downloading from central: https://repo.maven.apache.org/maven2/org/apache/maven/surefire/surefire-extensions-spi/3.1.2/surefire-extensions-spi-3.1.2.pom
#21 69.64 [INFO] Downloaded from central: https://repo.maven.apache.org/maven2/org/apache/maven/surefire/surefire-extensions-spi/3.1.2/surefire-extensions-spi-3.1.2.pom (1.8 kB at 9.5 kB/s)
#21 69.64 [INFO] Downloading from central: https://repo.maven.apache.org/maven2/org/apache/maven/shared/maven-common-artifact-filters/3.1.1/maven-common-artifact-filters-3.1.1.pom
#21 69.87 [INFO] Downloaded from central: https://repo.maven.apache.org/maven2/org/apache/maven/shared/maven-common-artifact-filters/3.1.1/maven-common-artifact-filters-3.1.1.pom (5.8 kB at 25 kB/s)
#21 69.87 [INFO] Downloading from central: https://repo.maven.apache.org/maven2/org/apache/maven/maven-artifact/3.2.5/maven-artifact-3.2.5.pom
#21 70.10 [INFO] Downloaded from central: https://repo.maven.apache.org/maven2/org/apache/maven/maven-artifact/3.2.5/maven-artifact-3.2.5.pom (2.3 kB at 11 kB/s)
#21 70.10 [INFO] Downloading from central: https://repo.maven.apache.org/maven2/org/apache/maven/maven/3.2.5/maven-3.2.5.pom
#21 70.35 [INFO] Downloaded from central: https://repo.maven.apache.org/maven2/org/apache/maven/maven/3.2.5/maven-3.2.5.pom (22 kB at 90 kB/s)
#21 70.35 [INFO] Downloading from central: https://repo.maven.apache.org/maven2/org/apache/maven/maven-parent/25/maven-parent-25.pom
#21 70.56 [INFO] Downloaded from central: https://repo.maven.apache.org/maven2/org/apache/maven/maven-parent/25/maven-parent-25.pom (37 kB at 173 kB/s)
#21 70.57 [INFO] Downloading from central: https://repo.maven.apache.org/maven2/org/apache/apache/15/apache-15.pom
#21 70.77 [INFO] Downloaded from central: https://repo.maven.apache.org/maven2/org/apache/apache/15/apache-15.pom (15 kB at 77 kB/s)
#21 70.77 [INFO] Downloading from central: https://repo.maven.apache.org/maven2/org/apache/maven/maven-core/3.2.5/maven-core-3.2.5.pom
#21 70.97 [INFO] Downloaded from central: https://repo.maven.apache.org/maven2/org/apache/maven/maven-core/3.2.5/maven-core-3.2.5.pom (8.1 kB at 40 kB/s)
#21 70.98 [INFO] Downloading from central: https://repo.maven.apache.org/maven2/org/apache/maven/maven-settings/3.2.5/maven-settings-3.2.5.pom
#21 71.18 [INFO] Downloaded from central: https://repo.maven.apache.org/maven2/org/apache/maven/maven-settings/3.2.5/maven-settings-3.2.5.pom (2.2 kB at 11 kB/s)
#21 71.18 [INFO] Downloading from central: https://repo.maven.apache.org/maven2/org/apache/maven/maven-settings-builder/3.2.5/maven-settings-builder-3.2.5.pom
#21 71.39 [INFO] Downloaded from central: https://repo.maven.apache.org/maven2/org/apache/maven/maven-settings-builder/3.2.5/maven-settings-builder-3.2.5.pom (2.6 kB at 12 kB/s)
#21 71.40 [INFO] Downloading from central: https://repo.maven.apache.org/maven2/org/codehaus/plexus/plexus-interpolation/1.21/plexus-interpolation-1.21.pom
#21 71.59 [INFO] Downloaded from central: https://repo.maven.apache.org/maven2/org/codehaus/plexus/plexus-interpolation/1.21/plexus-interpolation-1.21.pom (1.5 kB at 8.1 kB/s)
#21 71.59 [INFO] Downloading from central: https://repo.maven.apache.org/maven2/org/codehaus/plexus/plexus-components/1.3.1/plexus-components-1.3.1.pom
#21 71.78 [INFO] Downloaded from central: https://repo.maven.apache.org/maven2/org/codehaus/plexus/plexus-components/1.3.1/plexus-components-1.3.1.pom (3.1 kB at 16 kB/s)
#21 71.79 [INFO] Downloading from central: https://repo.maven.apache.org/maven2/org/codehaus/plexus/plexus/3.3.1/plexus-3.3.1.pom
#21 71.98 [INFO] Downloaded from central: https://repo.maven.apache.org/maven2/org/codehaus/plexus/plexus/3.3.1/plexus-3.3.1.pom (20 kB at 103 kB/s)
#21 71.99 [INFO] Downloading from central: https://repo.maven.apache.org/maven2/org/sonatype/spice/spice-parent/17/spice-parent-17.pom
#21 72.21 [INFO] Downloaded from central: https://repo.maven.apache.org/maven2/org/sonatype/spice/spice-parent/17/spice-parent-17.pom (6.8 kB at 30 kB/s)
#21 72.21 [INFO] Downloading from central: https://repo.maven.apache.org/maven2/org/sonatype/forge/forge-parent/10/forge-parent-10.pom
#21 72.42 [INFO] Downloaded from central: https://repo.maven.apache.org/maven2/org/sonatype/forge/forge-parent/10/forge-parent-10.pom (14 kB at 66 kB/s)
#21 72.42 [INFO] Downloading from central: https://repo.maven.apache.org/maven2/org/sonatype/plexus/plexus-sec-dispatcher/1.3/plexus-sec-dispatcher-1.3.pom
#21 72.64 [INFO] Downloaded from central: https://repo.maven.apache.org/maven2/org/sonatype/plexus/plexus-sec-dispatcher/1.3/plexus-sec-dispatcher-1.3.pom (3.0 kB at 14 kB/s)
#21 72.64 [INFO] Downloading from central: https://repo.maven.apache.org/maven2/org/sonatype/spice/spice-parent/12/spice-parent-12.pom
#21 72.84 [INFO] Downloaded from central: https://repo.maven.apache.org/maven2/org/sonatype/spice/spice-parent/12/spice-parent-12.pom (6.8 kB at 35 kB/s)
#21 72.84 [INFO] Downloading from central: https://repo.maven.apache.org/maven2/org/sonatype/forge/forge-parent/4/forge-parent-4.pom
#21 73.03 [INFO] Downloaded from central: https://repo.maven.apache.org/maven2/org/sonatype/forge/forge-parent/4/forge-parent-4.pom (8.4 kB at 43 kB/s)
#21 73.04 [INFO] Downloading from central: https://repo.maven.apache.org/maven2/org/sonatype/plexus/plexus-cipher/1.4/plexus-cipher-1.4.pom
#21 73.22 [INFO] Downloaded from central: https://repo.maven.apache.org/maven2/org/sonatype/plexus/plexus-cipher/1.4/plexus-cipher-1.4.pom (2.1 kB at 11 kB/s)
#21 73.22 [INFO] Downloading from central: https://repo.maven.apache.org/maven2/org/apache/maven/maven-repository-metadata/3.2.5/maven-repository-metadata-3.2.5.pom
#21 73.42 [INFO] Downloaded from central: https://repo.maven.apache.org/maven2/org/apache/maven/maven-repository-metadata/3.2.5/maven-repository-metadata-3.2.5.pom (2.2 kB at 11 kB/s)
#21 73.43 [INFO] Downloading from central: https://repo.maven.apache.org/maven2/org/apache/maven/maven-plugin-api/3.2.5/maven-plugin-api-3.2.5.pom
#21 73.63 [INFO] Downloaded from central: https://repo.maven.apache.org/maven2/org/apache/maven/maven-plugin-api/3.2.5/maven-plugin-api-3.2.5.pom (3.0 kB at 15 kB/s)
#21 73.64 [INFO] Downloading from central: https://repo.maven.apache.org/maven2/org/eclipse/sisu/org.eclipse.sisu.plexus/0.3.5/org.eclipse.sisu.plexus-0.3.5.pom
#21 73.85 [INFO] Downloaded from central: https://repo.maven.apache.org/maven2/org/eclipse/sisu/org.eclipse.sisu.plexus/0.3.5/org.eclipse.sisu.plexus-0.3.5.pom (4.3 kB at 20 kB/s)
#21 73.85 [INFO] Downloading from central: https://repo.maven.apache.org/maven2/org/eclipse/sisu/sisu-plexus/0.3.5/sisu-plexus-0.3.5.pom
#21 74.07 [INFO] Downloaded from central: https://repo.maven.apache.org/maven2/org/eclipse/sisu/sisu-plexus/0.3.5/sisu-plexus-0.3.5.pom (14 kB at 62 kB/s)
#21 74.08 [INFO] Downloading from central: https://repo.maven.apache.org/maven2/javax/annotation/javax.annotation-api/1.2/javax.annotation-api-1.2.pom
#21 74.39 [INFO] Downloaded from central: https://repo.maven.apache.org/maven2/javax/annotation/javax.annotation-api/1.2/javax.annotation-api-1.2.pom (13 kB at 43 kB/s)
#21 74.39 [INFO] Downloading from central: https://repo.maven.apache.org/maven2/net/java/jvnet-parent/3/jvnet-parent-3.pom
#21 74.60 [INFO] Downloaded from central: https://repo.maven.apache.org/maven2/net/java/jvnet-parent/3/jvnet-parent-3.pom (4.8 kB at 24 kB/s)
#21 74.60 [INFO] Downloading from central: https://repo.maven.apache.org/maven2/javax/enterprise/cdi-api/1.2/cdi-api-1.2.pom
#21 74.79 [INFO] Downloaded from central: https://repo.maven.apache.org/maven2/javax/enterprise/cdi-api/1.2/cdi-api-1.2.pom (6.3 kB at 33 kB/s)
#21 74.79 [INFO] Downloading from central: https://repo.maven.apache.org/maven2/org/jboss/weld/weld-parent/26/weld-parent-26.pom
#21 75.00 [INFO] Downloaded from central: https://repo.maven.apache.org/maven2/org/jboss/weld/weld-parent/26/weld-parent-26.pom (32 kB at 158 kB/s)
#21 75.00 [INFO] Downloading from central: https://repo.maven.apache.org/maven2/org/eclipse/sisu/org.eclipse.sisu.inject/0.3.5/org.eclipse.sisu.inject-0.3.5.pom
#21 75.19 [INFO] Downloaded from central: https://repo.maven.apache.org/maven2/org/eclipse/sisu/org.eclipse.sisu.inject/0.3.5/org.eclipse.sisu.inject-0.3.5.pom (2.6 kB at 14 kB/s)
#21 75.19 [INFO] Downloading from central: https://repo.maven.apache.org/maven2/org/eclipse/sisu/sisu-inject/0.3.5/sisu-inject-0.3.5.pom
#21 75.38 [INFO] Downloaded from central: https://repo.maven.apache.org/maven2/org/eclipse/sisu/sisu-inject/0.3.5/sisu-inject-0.3.5.pom (14 kB at 76 kB/s)
#21 75.38 [INFO] Downloading from central: https://repo.maven.apache.org/maven2/org/codehaus/plexus/plexus-classworlds/2.5.2/plexus-classworlds-2.5.2.pom
#21 75.58 [INFO] Downloaded from central: https://repo.maven.apache.org/maven2/org/codehaus/plexus/plexus-classworlds/2.5.2/plexus-classworlds-2.5.2.pom (7.3 kB at 37 kB/s)
#21 75.58 [INFO] Downloading from central: https://repo.maven.apache.org/maven2/org/apache/maven/maven-model-builder/3.2.5/maven-model-builder-3.2.5.pom
#21 75.79 [INFO] Downloaded from central: https://repo.maven.apache.org/maven2/org/apache/maven/maven-model-builder/3.2.5/maven-model-builder-3.2.5.pom (3.0 kB at 14 kB/s)
#21 75.80 [INFO] Downloading from central: https://repo.maven.apache.org/maven2/org/apache/maven/maven-aether-provider/3.2.5/maven-aether-provider-3.2.5.pom
#21 75.99 [INFO] Downloaded from central: https://repo.maven.apache.org/maven2/org/apache/maven/maven-aether-provider/3.2.5/maven-aether-provider-3.2.5.pom (4.2 kB at 22 kB/s)
#21 75.99 [INFO] Downloading from central: https://repo.maven.apache.org/maven2/org/eclipse/aether/aether-spi/1.0.0.v20140518/aether-spi-1.0.0.v20140518.pom
#21 76.20 [INFO] Downloaded from central: https://repo.maven.apache.org/maven2/org/eclipse/aether/aether-spi/1.0.0.v20140518/aether-spi-1.0.0.v20140518.pom (2.1 kB at 9.8 kB/s)
#21 76.21 [INFO] Downloading from central: https://repo.maven.apache.org/maven2/org/eclipse/aether/aether-impl/1.0.0.v20140518/aether-impl-1.0.0.v20140518.pom
#21 76.40 [INFO] Downloaded from central: https://repo.maven.apache.org/maven2/org/eclipse/aether/aether-impl/1.0.0.v20140518/aether-impl-1.0.0.v20140518.pom (3.5 kB at 18 kB/s)
#21 76.40 [INFO] Downloading from central: https://repo.maven.apache.org/maven2/org/sonatype/sisu/sisu-guice/3.2.3/sisu-guice-3.2.3.pom
#21 76.63 [INFO] Downloaded from central: https://repo.maven.apache.org/maven2/org/sonatype/sisu/sisu-guice/3.2.3/sisu-guice-3.2.3.pom (11 kB at 47 kB/s)
#21 76.63 [INFO] Downloading from central: https://repo.maven.apache.org/maven2/org/sonatype/sisu/inject/guice-parent/3.2.3/guice-parent-3.2.3.pom
#21 76.82 [INFO] Downloaded from central: https://repo.maven.apache.org/maven2/org/sonatype/sisu/inject/guice-parent/3.2.3/guice-parent-3.2.3.pom (13 kB at 71 kB/s)
#21 76.82 [INFO] Downloading from central: https://repo.maven.apache.org/maven2/org/sonatype/forge/forge-parent/38/forge-parent-38.pom
#21 77.02 [INFO] Downloaded from central: https://repo.maven.apache.org/maven2/org/sonatype/forge/forge-parent/38/forge-parent-38.pom (19 kB at 94 kB/s)
#21 77.03 [INFO] Downloading from central: https://repo.maven.apache.org/maven2/aopalliance/aopalliance/1.0/aopalliance-1.0.pom
#21 77.23 [INFO] Downloaded from central: https://repo.maven.apache.org/maven2/aopalliance/aopalliance/1.0/aopalliance-1.0.pom (363 B at 1.8 kB/s)
#21 77.23 [INFO] Downloading from central: https://repo.maven.apache.org/maven2/com/google/guava/guava/16.0.1/guava-16.0.1.pom
#21 77.42 [INFO] Downloaded from central: https://repo.maven.apache.org/maven2/com/google/guava/guava/16.0.1/guava-16.0.1.pom (6.1 kB at 32 kB/s)
#21 77.42 [INFO] Downloading from central: https://repo.maven.apache.org/maven2/com/google/guava/guava-parent/16.0.1/guava-parent-16.0.1.pom
#21 77.64 [INFO] Downloaded from central: https://repo.maven.apache.org/maven2/com/google/guava/guava-parent/16.0.1/guava-parent-16.0.1.pom (7.3 kB at 34 kB/s)
#21 77.64 [INFO] Downloading from central: https://repo.maven.apache.org/maven2/commons-io/commons-io/2.12.0/commons-io-2.12.0.pom
#21 77.84 [INFO] Downloaded from central: https://repo.maven.apache.org/maven2/commons-io/commons-io/2.12.0/commons-io-2.12.0.pom (20 kB at 103 kB/s)
#21 77.85 [INFO] Downloading from central: https://repo.maven.apache.org/maven2/org/apache/commons/commons-parent/57/commons-parent-57.pom
#21 78.04 [INFO] Downloaded from central: https://repo.maven.apache.org/maven2/org/apache/commons/commons-parent/57/commons-parent-57.pom (83 kB at 425 kB/s)
#21 78.04 [INFO] Downloading from central: https://repo.maven.apache.org/maven2/org/junit/junit-bom/5.9.2/junit-bom-5.9.2.pom
#21 78.24 [INFO] Downloaded from central: https://repo.maven.apache.org/maven2/org/junit/junit-bom/5.9.2/junit-bom-5.9.2.pom (5.6 kB at 28 kB/s)
#21 78.25 [INFO] Downloading from central: https://repo.maven.apache.org/maven2/org/apache/maven/surefire/maven-surefire-common/3.1.2/maven-surefire-common-3.1.2.jar
#21 78.52 [INFO] Downloaded from central: https://repo.maven.apache.org/maven2/org/apache/maven/surefire/maven-surefire-common/3.1.2/maven-surefire-common-3.1.2.jar (306 kB at 1.1 MB/s)
#21 78.52 [INFO] Downloading from central: https://repo.maven.apache.org/maven2/org/apache/maven/surefire/surefire-api/3.1.2/surefire-api-3.1.2.jar
#21 78.52 [INFO] Downloading from central: https://repo.maven.apache.org/maven2/org/apache/maven/surefire/surefire-logger-api/3.1.2/surefire-logger-api-3.1.2.jar
#21 78.52 [INFO] Downloading from central: https://repo.maven.apache.org/maven2/org/apache/maven/surefire/surefire-extensions-api/3.1.2/surefire-extensions-api-3.1.2.jar
#21 78.52 [INFO] Downloading from central: https://repo.maven.apache.org/maven2/org/apache/maven/surefire/surefire-booter/3.1.2/surefire-booter-3.1.2.jar
#21 78.52 [INFO] Downloading from central: https://repo.maven.apache.org/maven2/org/apache/maven/surefire/surefire-extensions-spi/3.1.2/surefire-extensions-spi-3.1.2.jar
#21 78.72 [INFO] Downloaded from central: https://repo.maven.apache.org/maven2/org/apache/maven/surefire/surefire-logger-api/3.1.2/surefire-logger-api-3.1.2.jar (14 kB at 70 kB/s)
#21 78.72 [INFO] Downloading from central: https://repo.maven.apache.org/maven2/org/apache/maven/shared/maven-common-artifact-filters/3.1.1/maven-common-artifact-filters-3.1.1.jar
#21 78.73 [INFO] Downloaded from central: https://repo.maven.apache.org/maven2/org/apache/maven/surefire/surefire-api/3.1.2/surefire-api-3.1.2.jar (171 kB at 840 kB/s)
#21 78.73 [INFO] Downloading from central: https://repo.maven.apache.org/maven2/commons-io/commons-io/2.12.0/commons-io-2.12.0.jar
#21 78.73 [INFO] Downloaded from central: https://repo.maven.apache.org/maven2/org/apache/maven/surefire/surefire-extensions-api/3.1.2/surefire-extensions-api-3.1.2.jar (26 kB at 127 kB/s)
#21 78.73 [INFO] Downloading from central: https://repo.maven.apache.org/maven2/org/apache/maven/surefire/surefire-shared-utils/3.1.2/surefire-shared-utils-3.1.2.jar
#21 78.73 [INFO] Downloaded from central: https://repo.maven.apache.org/maven2/org/apache/maven/surefire/surefire-extensions-spi/3.1.2/surefire-extensions-spi-3.1.2.jar (8.2 kB at 40 kB/s)
#21 78.85 [INFO] Downloaded from central: https://repo.maven.apache.org/maven2/org/apache/maven/surefire/surefire-booter/3.1.2/surefire-booter-3.1.2.jar (118 kB at 364 kB/s)
#21 78.92 [INFO] Downloaded from central: https://repo.maven.apache.org/maven2/org/apache/maven/shared/maven-common-artifact-filters/3.1.1/maven-common-artifact-filters-3.1.1.jar (61 kB at 153 kB/s)
#21 78.99 [INFO] Downloaded from central: https://repo.maven.apache.org/maven2/commons-io/commons-io/2.12.0/commons-io-2.12.0.jar (474 kB at 1.0 MB/s)
#21 80.15 [INFO] Downloaded from central: https://repo.maven.apache.org/maven2/org/apache/maven/surefire/surefire-shared-utils/3.1.2/surefire-shared-utils-3.1.2.jar (2.3 MB at 1.4 MB/s)
#21 80.22 [INFO] Tests are skipped.
#21 80.22 [INFO] 
#21 80.22 [INFO] --- jar:3.3.0:jar (default-jar) @ common-core ---
#21 80.22 [INFO] Downloading from central: https://repo.maven.apache.org/maven2/org/apache/maven/shared/file-management/3.1.0/file-management-3.1.0.pom
#21 80.41 [INFO] Downloaded from central: https://repo.maven.apache.org/maven2/org/apache/maven/shared/file-management/3.1.0/file-management-3.1.0.pom (4.5 kB at 23 kB/s)
#21 80.41 [INFO] Downloading from central: https://repo.maven.apache.org/maven2/org/apache/maven/shared/maven-shared-components/36/maven-shared-components-36.pom
#21 80.63 [INFO] Downloaded from central: https://repo.maven.apache.org/maven2/org/apache/maven/shared/maven-shared-components/36/maven-shared-components-36.pom (4.9 kB at 23 kB/s)
#21 80.63 [INFO] Downloading from central: https://repo.maven.apache.org/maven2/org/apache/maven/maven-parent/36/maven-parent-36.pom
#21 80.84 [INFO] Downloaded from central: https://repo.maven.apache.org/maven2/org/apache/maven/maven-parent/36/maven-parent-36.pom (45 kB at 217 kB/s)
#21 80.84 [INFO] Downloading from central: https://repo.maven.apache.org/maven2/org/apache/apache/26/apache-26.pom
#21 81.05 [INFO] Downloaded from central: https://repo.maven.apache.org/maven2/org/apache/apache/26/apache-26.pom (21 kB at 98 kB/s)
#21 81.05 [INFO] Downloading from central: https://repo.maven.apache.org/maven2/org/codehaus/plexus/plexus-utils/3.3.0/plexus-utils-3.3.0.pom
#21 81.29 [INFO] Downloaded from central: https://repo.maven.apache.org/maven2/org/codehaus/plexus/plexus-utils/3.3.0/plexus-utils-3.3.0.pom (5.2 kB at 22 kB/s)
#21 81.29 [INFO] Downloading from central: https://repo.maven.apache.org/maven2/org/apache/maven/maven-archiver/3.6.0/maven-archiver-3.6.0.pom
#21 81.53 [INFO] Downloaded from central: https://repo.maven.apache.org/maven2/org/apache/maven/maven-archiver/3.6.0/maven-archiver-3.6.0.pom (3.9 kB at 17 kB/s)
#21 81.53 [INFO] Downloading from central: https://repo.maven.apache.org/maven2/org/codehaus/plexus/plexus-io/3.4.0/plexus-io-3.4.0.pom
#21 81.74 [INFO] Downloaded from central: https://repo.maven.apache.org/maven2/org/codehaus/plexus/plexus-io/3.4.0/plexus-io-3.4.0.pom (6.0 kB at 29 kB/s)
#21 81.74 [INFO] Downloading from central: https://repo.maven.apache.org/maven2/org/codehaus/plexus/plexus-archiver/4.4.0/plexus-archiver-4.4.0.pom
#21 81.94 [INFO] Downloaded from central: https://repo.maven.apache.org/maven2/org/codehaus/plexus/plexus-archiver/4.4.0/plexus-archiver-4.4.0.pom (6.3 kB at 32 kB/s)
#21 81.94 [INFO] Downloading from central: https://repo.maven.apache.org/maven2/org/iq80/snappy/snappy/0.4/snappy-0.4.pom
#21 82.17 [INFO] Downloaded from central: https://repo.maven.apache.org/maven2/org/iq80/snappy/snappy/0.4/snappy-0.4.pom (15 kB at 64 kB/s)
#21 82.17 [INFO] Downloading from central: https://repo.maven.apache.org/maven2/org/tukaani/xz/1.9/xz-1.9.pom
#21 82.37 [INFO] Downloaded from central: https://repo.maven.apache.org/maven2/org/tukaani/xz/1.9/xz-1.9.pom (2.0 kB at 10 kB/s)
#21 82.37 [INFO] Downloading from central: https://repo.maven.apache.org/maven2/org/codehaus/plexus/plexus-utils/3.4.2/plexus-utils-3.4.2.pom
#21 82.56 [INFO] Downloaded from central: https://repo.maven.apache.org/maven2/org/codehaus/plexus/plexus-utils/3.4.2/plexus-utils-3.4.2.pom (8.2 kB at 42 kB/s)
#21 82.57 [INFO] Downloading from central: https://repo.maven.apache.org/maven2/org/codehaus/plexus/plexus/8/plexus-8.pom
#21 82.78 [INFO] Downloaded from central: https://repo.maven.apache.org/maven2/org/codehaus/plexus/plexus/8/plexus-8.pom (25 kB at 118 kB/s)
#21 82.78 [INFO] Downloading from central: https://repo.maven.apache.org/maven2/org/apache/maven/shared/file-management/3.1.0/file-management-3.1.0.jar
#21 83.01 [INFO] Downloaded from central: https://repo.maven.apache.org/maven2/org/apache/maven/shared/file-management/3.1.0/file-management-3.1.0.jar (36 kB at 160 kB/s)
#21 83.01 [INFO] Downloading from central: https://repo.maven.apache.org/maven2/org/apache/maven/maven-archiver/3.6.0/maven-archiver-3.6.0.jar
#21 83.01 [INFO] Downloading from central: https://repo.maven.apache.org/maven2/org/codehaus/plexus/plexus-io/3.4.0/plexus-io-3.4.0.jar
#21 83.01 [INFO] Downloading from central: https://repo.maven.apache.org/maven2/org/codehaus/plexus/plexus-archiver/4.4.0/plexus-archiver-4.4.0.jar
#21 83.01 [INFO] Downloading from central: https://repo.maven.apache.org/maven2/org/iq80/snappy/snappy/0.4/snappy-0.4.jar
#21 83.01 [INFO] Downloading from central: https://repo.maven.apache.org/maven2/org/tukaani/xz/1.9/xz-1.9.jar
#21 83.21 [INFO] Downloaded from central: https://repo.maven.apache.org/maven2/org/tukaani/xz/1.9/xz-1.9.jar (116 kB at 580 kB/s)
#21 83.21 [INFO] Downloading from central: https://repo.maven.apache.org/maven2/org/codehaus/plexus/plexus-utils/3.4.2/plexus-utils-3.4.2.jar
#21 83.22 [INFO] Downloaded from central: https://repo.maven.apache.org/maven2/org/codehaus/plexus/plexus-io/3.4.0/plexus-io-3.4.0.jar (79 kB at 376 kB/s)
#21 83.23 [INFO] Downloaded from central: https://repo.maven.apache.org/maven2/org/apache/maven/maven-archiver/3.6.0/maven-archiver-3.6.0.jar (26 kB at 120 kB/s)
#21 83.25 [INFO] Downloaded from central: https://repo.maven.apache.org/maven2/org/codehaus/plexus/plexus-archiver/4.4.0/plexus-archiver-4.4.0.jar (211 kB at 871 kB/s)
#21 83.26 [INFO] Downloaded from central: https://repo.maven.apache.org/maven2/org/iq80/snappy/snappy/0.4/snappy-0.4.jar (58 kB at 237 kB/s)
#21 83.42 [INFO] Downloaded from central: https://repo.maven.apache.org/maven2/org/codehaus/plexus/plexus-utils/3.4.2/plexus-utils-3.4.2.jar (267 kB at 657 kB/s)
#21 83.55 [INFO] Building jar: /workspace/common/common-core/target/common-core-1.0-SNAPSHOT.jar
#21 83.59 [INFO] 
#21 83.59 [INFO] --- spring-boot:3.2.5:repackage (repackage) @ common-core ---
#21 83.59 [INFO] 
#21 83.59 [INFO] --- install:3.1.1:install (default-install) @ common-core ---
#21 83.59 [INFO] Installing /workspace/common/common-core/pom.xml to /root/.m2/repository/com/pork/common-core/1.0-SNAPSHOT/common-core-1.0-SNAPSHOT.pom
#21 83.59 [INFO] Installing /workspace/common/common-core/target/common-core-1.0-SNAPSHOT.jar to /root/.m2/repository/com/pork/common-core/1.0-SNAPSHOT/common-core-1.0-SNAPSHOT.jar
#21 83.59 [INFO] 
#21 83.59 [INFO] ----------------------< com.pork:common-security >----------------------
#21 83.59 [INFO] Building common-security 1.0-SNAPSHOT                              [3/6]
#21 83.59 [INFO]   from common/common-security/pom.xml
#21 83.59 [INFO] --------------------------------[ jar ]---------------------------------
#21 83.60 [INFO] Downloading from central: https://repo.maven.apache.org/maven2/org/redisson/redisson-spring-boot-starter/3.29.0/redisson-spring-boot-starter-3.29.0.pom
#21 83.79 [INFO] Downloaded from central: https://repo.maven.apache.org/maven2/org/redisson/redisson-spring-boot-starter/3.29.0/redisson-spring-boot-starter-3.29.0.pom (6.2 kB at 34 kB/s)
#21 83.79 [INFO] Downloading from central: https://repo.maven.apache.org/maven2/org/redisson/redisson-parent/3.29.0/redisson-parent-3.29.0.pom
#21 84.03 [INFO] Downloaded from central: https://repo.maven.apache.org/maven2/org/redisson/redisson-parent/3.29.0/redisson-parent-3.29.0.pom (14 kB at 56 kB/s)
#21 84.04 [INFO] Downloading from central: https://repo.maven.apache.org/maven2/org/springframework/boot/spring-boot-dependencies/3.2.2/spring-boot-dependencies-3.2.2.pom
#21 84.25 [INFO] Downloaded from central: https://repo.maven.apache.org/maven2/org/springframework/boot/spring-boot-dependencies/3.2.2/spring-boot-dependencies-3.2.2.pom (111 kB at 523 kB/s)
#21 84.25 [INFO] Downloading from central: https://repo.maven.apache.org/maven2/io/dropwizard/metrics/metrics-bom/4.2.23/metrics-bom-4.2.23.pom
#21 84.46 [INFO] Downloaded from central: https://repo.maven.apache.org/maven2/io/dropwizard/metrics/metrics-bom/4.2.23/metrics-bom-4.2.23.pom (8.2 kB at 40 kB/s)
#21 84.46 [INFO] Downloading from central: https://repo.maven.apache.org/maven2/io/dropwizard/metrics/metrics-parent/4.2.23/metrics-parent-4.2.23.pom
#21 84.66 [INFO] Downloaded from central: https://repo.maven.apache.org/maven2/io/dropwizard/metrics/metrics-parent/4.2.23/metrics-parent-4.2.23.pom (21 kB at 103 kB/s)
#21 84.66 [INFO] Downloading from central: https://repo.maven.apache.org/maven2/org/glassfish/jaxb/jaxb-bom/4.0.4/jaxb-bom-4.0.4.pom
#21 84.86 [INFO] Downloaded from central: https://repo.maven.apache.org/maven2/org/glassfish/jaxb/jaxb-bom/4.0.4/jaxb-bom-4.0.4.pom (12 kB at 61 kB/s)
#21 84.86 [INFO] Downloading from central: https://repo.maven.apache.org/maven2/org/apache/groovy/groovy-bom/4.0.17/groovy-bom-4.0.17.pom
#21 85.05 [INFO] Downloaded from central: https://repo.maven.apache.org/maven2/org/apache/groovy/groovy-bom/4.0.17/groovy-bom-4.0.17.pom (27 kB at 146 kB/s)
#21 85.05 [INFO] Downloading from central: https://repo.maven.apache.org/maven2/org/infinispan/infinispan-bom/14.0.21.Final/infinispan-bom-14.0.21.Final.pom
#21 85.28 [INFO] Downloaded from central: https://repo.maven.apache.org/maven2/org/infinispan/infinispan-bom/14.0.21.Final/infinispan-bom-14.0.21.Final.pom (24 kB at 106 kB/s)
#21 85.28 [INFO] Downloading from central: https://repo.maven.apache.org/maven2/org/infinispan/infinispan-build-configuration-parent/14.0.21.Final/infinispan-build-configuration-parent-14.0.21.Final.pom
#21 85.47 [INFO] Downloaded from central: https://repo.maven.apache.org/maven2/org/infinispan/infinispan-build-configuration-parent/14.0.21.Final/infinispan-build-configuration-parent-14.0.21.Final.pom (24 kB at 127 kB/s)
#21 85.47 [INFO] Downloading from central: https://repo.maven.apache.org/maven2/com/fasterxml/jackson/jackson-bom/2.15.3/jackson-bom-2.15.3.pom
#21 85.66 [INFO] Downloaded from central: https://repo.maven.apache.org/maven2/com/fasterxml/jackson/jackson-bom/2.15.3/jackson-bom-2.15.3.pom (18 kB at 95 kB/s)
#21 85.67 [INFO] Downloading from central: https://repo.maven.apache.org/maven2/org/glassfish/jersey/jersey-bom/3.1.5/jersey-bom-3.1.5.pom
#21 85.85 [INFO] Downloaded from central: https://repo.maven.apache.org/maven2/org/glassfish/jersey/jersey-bom/3.1.5/jersey-bom-3.1.5.pom (21 kB at 113 kB/s)
#21 85.85 [INFO] Downloading from central: https://repo.maven.apache.org/maven2/org/eclipse/jetty/ee10/jetty-ee10-bom/12.0.5/jetty-ee10-bom-12.0.5.pom
#21 86.04 [INFO] Downloaded from central: https://repo.maven.apache.org/maven2/org/eclipse/jetty/ee10/jetty-ee10-bom/12.0.5/jetty-ee10-bom-12.0.5.pom (9.2 kB at 50 kB/s)
#21 86.04 [INFO] Downloading from central: https://repo.maven.apache.org/maven2/org/eclipse/jetty/jetty-bom/12.0.5/jetty-bom-12.0.5.pom
#21 86.22 [INFO] Downloaded from central: https://repo.maven.apache.org/maven2/org/eclipse/jetty/jetty-bom/12.0.5/jetty-bom-12.0.5.pom (14 kB at 77 kB/s)
#21 86.23 [INFO] Downloading from central: https://repo.maven.apache.org/maven2/org/jetbrains/kotlin/kotlin-bom/1.9.22/kotlin-bom-1.9.22.pom
#21 86.42 [INFO] Downloaded from central: https://repo.maven.apache.org/maven2/org/jetbrains/kotlin/kotlin-bom/1.9.22/kotlin-bom-1.9.22.pom (9.1 kB at 47 kB/s)
#21 86.42 [INFO] Downloading from central: https://repo.maven.apache.org/maven2/org/jetbrains/kotlinx/kotlinx-serialization-bom/1.6.2/kotlinx-serialization-bom-1.6.2.pom
#21 86.62 [INFO] Downloaded from central: https://repo.maven.apache.org/maven2/org/jetbrains/kotlinx/kotlinx-serialization-bom/1.6.2/kotlinx-serialization-bom-1.6.2.pom (3.8 kB at 19 kB/s)
#21 86.62 [INFO] Downloading from central: https://repo.maven.apache.org/maven2/io/micrometer/micrometer-bom/1.12.2/micrometer-bom-1.12.2.pom
#21 86.82 [INFO] Downloaded from central: https://repo.maven.apache.org/maven2/io/micrometer/micrometer-bom/1.12.2/micrometer-bom-1.12.2.pom (8.0 kB at 42 kB/s)
#21 86.82 [INFO] Downloading from central: https://repo.maven.apache.org/maven2/io/micrometer/micrometer-tracing-bom/1.2.2/micrometer-tracing-bom-1.2.2.pom
#21 87.02 [INFO] Downloaded from central: https://repo.maven.apache.org/maven2/io/micrometer/micrometer-tracing-bom/1.2.2/micrometer-tracing-bom-1.2.2.pom (4.7 kB at 24 kB/s)
#21 87.02 [INFO] Downloading from central: https://repo.maven.apache.org/maven2/io/netty/netty-bom/4.1.105.Final/netty-bom-4.1.105.Final.pom
#21 87.20 [INFO] Downloaded from central: https://repo.maven.apache.org/maven2/io/netty/netty-bom/4.1.105.Final/netty-bom-4.1.105.Final.pom (14 kB at 77 kB/s)
#21 87.20 [INFO] Downloading from central: https://repo.maven.apache.org/maven2/io/projectreactor/reactor-bom/2023.0.2/reactor-bom-2023.0.2.pom
#21 87.40 [INFO] Downloaded from central: https://repo.maven.apache.org/maven2/io/projectreactor/reactor-bom/2023.0.2/reactor-bom-2023.0.2.pom (4.8 kB at 24 kB/s)
#21 87.40 [INFO] Downloading from central: https://repo.maven.apache.org/maven2/org/springframework/amqp/spring-amqp-bom/3.1.1/spring-amqp-bom-3.1.1.pom
#21 87.61 [INFO] Downloaded from central: https://repo.maven.apache.org/maven2/org/springframework/amqp/spring-amqp-bom/3.1.1/spring-amqp-bom-3.1.1.pom (3.9 kB at 18 kB/s)
#21 87.61 [INFO] Downloading from central: https://repo.maven.apache.org/maven2/org/springframework/batch/spring-batch-bom/5.1.0/spring-batch-bom-5.1.0.pom
#21 87.81 [INFO] Downloaded from central: https://repo.maven.apache.org/maven2/org/springframework/batch/spring-batch-bom/5.1.0/spring-batch-bom-5.1.0.pom (3.2 kB at 17 kB/s)
#21 87.81 [INFO] Downloading from central: https://repo.maven.apache.org/maven2/org/springframework/data/spring-data-bom/2023.1.2/spring-data-bom-2023.1.2.pom
#21 88.00 [INFO] Downloaded from central: https://repo.maven.apache.org/maven2/org/springframework/data/spring-data-bom/2023.1.2/spring-data-bom-2023.1.2.pom (5.5 kB at 30 kB/s)
#21 88.00 [INFO] Downloading from central: https://repo.maven.apache.org/maven2/org/springframework/spring-framework-bom/6.1.3/spring-framework-bom-6.1.3.pom
#21 88.22 [INFO] Downloaded from central: https://repo.maven.apache.org/maven2/org/springframework/spring-framework-bom/6.1.3/spring-framework-bom-6.1.3.pom (5.8 kB at 26 kB/s)
#21 88.22 [INFO] Downloading from central: https://repo.maven.apache.org/maven2/org/springframework/integration/spring-integration-bom/6.2.1/spring-integration-bom-6.2.1.pom
#21 88.43 [INFO] Downloaded from central: https://repo.maven.apache.org/maven2/org/springframework/integration/spring-integration-bom/6.2.1/spring-integration-bom-6.2.1.pom (10 kB at 52 kB/s)
#21 88.43 [INFO] Downloading from central: https://repo.maven.apache.org/maven2/org/springframework/pulsar/spring-pulsar-bom/1.0.2/spring-pulsar-bom-1.0.2.pom
#21 88.62 [INFO] Downloaded from central: https://repo.maven.apache.org/maven2/org/springframework/pulsar/spring-pulsar-bom/1.0.2/spring-pulsar-bom-1.0.2.pom (2.7 kB at 14 kB/s)
#21 88.63 [INFO] Downloading from central: https://repo.maven.apache.org/maven2/org/springframework/security/spring-security-bom/6.2.1/spring-security-bom-6.2.1.pom
#21 88.83 [INFO] Downloaded from central: https://repo.maven.apache.org/maven2/org/springframework/security/spring-security-bom/6.2.1/spring-security-bom-6.2.1.pom (5.3 kB at 26 kB/s)
#21 88.83 [INFO] Downloading from central: https://repo.maven.apache.org/maven2/org/springframework/session/spring-session-bom/3.2.1/spring-session-bom-3.2.1.pom
#21 89.05 [INFO] Downloaded from central: https://repo.maven.apache.org/maven2/org/springframework/session/spring-session-bom/3.2.1/spring-session-bom-3.2.1.pom (2.9 kB at 14 kB/s)
#21 89.05 [INFO] Downloading from central: https://repo.maven.apache.org/maven2/org/testcontainers/testcontainers-bom/1.19.3/testcontainers-bom-1.19.3.pom
#21 89.24 [INFO] Downloaded from central: https://repo.maven.apache.org/maven2/org/testcontainers/testcontainers-bom/1.19.3/testcontainers-bom-1.19.3.pom (9.0 kB at 47 kB/s)
#21 89.24 [INFO] Downloading from central: https://repo.maven.apache.org/maven2/com/fasterxml/jackson/jackson-bom/2.17.0/jackson-bom-2.17.0.pom
#21 89.43 [INFO] Downloaded from central: https://repo.maven.apache.org/maven2/com/fasterxml/jackson/jackson-bom/2.17.0/jackson-bom-2.17.0.pom (19 kB at 99 kB/s)
#21 89.43 [INFO] Downloading from central: https://repo.maven.apache.org/maven2/com/fasterxml/jackson/jackson-parent/2.17/jackson-parent-2.17.pom
#21 89.62 [INFO] Downloaded from central: https://repo.maven.apache.org/maven2/com/fasterxml/jackson/jackson-parent/2.17/jackson-parent-2.17.pom (6.5 kB at 35 kB/s)
#21 89.62 [INFO] Downloading from central: https://repo.maven.apache.org/maven2/com/fasterxml/oss-parent/58/oss-parent-58.pom
#21 89.81 [INFO] Downloaded from central: https://repo.maven.apache.org/maven2/com/fasterxml/oss-parent/58/oss-parent-58.pom (24 kB at 128 kB/s)
#21 89.81 [INFO] Downloading from central: https://repo.maven.apache.org/maven2/org/springframework/boot/spring-boot-starter-actuator/3.2.5/spring-boot-starter-actuator-3.2.5.pom
#21 90.02 [INFO] Downloaded from central: https://repo.maven.apache.org/maven2/org/springframework/boot/spring-boot-starter-actuator/3.2.5/spring-boot-starter-actuator-3.2.5.pom (2.8 kB at 13 kB/s)
#21 90.03 [INFO] Downloading from central: https://repo.maven.apache.org/maven2/org/springframework/boot/spring-boot-starter/3.2.5/spring-boot-starter-3.2.5.pom
#21 90.25 [INFO] Downloaded from central: https://repo.maven.apache.org/maven2/org/springframework/boot/spring-boot-starter/3.2.5/spring-boot-starter-3.2.5.pom (3.0 kB at 14 kB/s)
#21 90.25 [INFO] Downloading from central: https://repo.maven.apache.org/maven2/org/springframework/boot/spring-boot/3.2.5/spring-boot-3.2.5.pom
#21 90.45 [INFO] Downloaded from central: https://repo.maven.apache.org/maven2/org/springframework/boot/spring-boot/3.2.5/spring-boot-3.2.5.pom (2.2 kB at 11 kB/s)
#21 90.46 [INFO] Downloading from central: https://repo.maven.apache.org/maven2/org/springframework/boot/spring-boot-autoconfigure/3.2.5/spring-boot-autoconfigure-3.2.5.pom
#21 90.65 [INFO] Downloaded from central: https://repo.maven.apache.org/maven2/org/springframework/boot/spring-boot-autoconfigure/3.2.5/spring-boot-autoconfigure-3.2.5.pom (2.1 kB at 11 kB/s)
#21 90.65 [INFO] Downloading from central: https://repo.maven.apache.org/maven2/org/springframework/boot/spring-boot-starter-logging/3.2.5/spring-boot-starter-logging-3.2.5.pom
#21 90.86 [INFO] Downloaded from central: https://repo.maven.apache.org/maven2/org/springframework/boot/spring-boot-starter-logging/3.2.5/spring-boot-starter-logging-3.2.5.pom (2.5 kB at 12 kB/s)
#21 90.86 [INFO] Downloading from central: https://repo.maven.apache.org/maven2/ch/qos/logback/logback-classic/1.4.14/logback-classic-1.4.14.pom
#21 91.05 [INFO] Downloaded from central: https://repo.maven.apache.org/maven2/ch/qos/logback/logback-classic/1.4.14/logback-classic-1.4.14.pom (13 kB at 70 kB/s)
#21 91.05 [INFO] Downloading from central: https://repo.maven.apache.org/maven2/ch/qos/logback/logback-parent/1.4.14/logback-parent-1.4.14.pom
#21 91.25 [INFO] Downloaded from central: https://repo.maven.apache.org/maven2/ch/qos/logback/logback-parent/1.4.14/logback-parent-1.4.14.pom (20 kB at 97 kB/s)
#21 91.26 [INFO] Downloading from central: https://repo.maven.apache.org/maven2/ch/qos/logback/logback-core/1.4.14/logback-core-1.4.14.pom
#21 91.46 [INFO] Downloaded from central: https://repo.maven.apache.org/maven2/ch/qos/logback/logback-core/1.4.14/logback-core-1.4.14.pom (5.0 kB at 25 kB/s)
#21 91.46 [INFO] Downloading from central: https://repo.maven.apache.org/maven2/org/slf4j/slf4j-api/2.0.13/slf4j-api-2.0.13.pom
#21 91.67 [INFO] Downloaded from central: https://repo.maven.apache.org/maven2/org/slf4j/slf4j-api/2.0.13/slf4j-api-2.0.13.pom (2.8 kB at 13 kB/s)
#21 91.67 [INFO] Downloading from central: https://repo.maven.apache.org/maven2/org/slf4j/slf4j-parent/2.0.13/slf4j-parent-2.0.13.pom
#21 91.87 [INFO] Downloaded from central: https://repo.maven.apache.org/maven2/org/slf4j/slf4j-parent/2.0.13/slf4j-parent-2.0.13.pom (13 kB at 66 kB/s)
#21 91.88 [INFO] Downloading from central: https://repo.maven.apache.org/maven2/org/slf4j/slf4j-bom/2.0.13/slf4j-bom-2.0.13.pom
#21 92.07 [INFO] Downloaded from central: https://repo.maven.apache.org/maven2/org/slf4j/slf4j-bom/2.0.13/slf4j-bom-2.0.13.pom (7.3 kB at 39 kB/s)
#21 92.07 [INFO] Downloading from central: https://repo.maven.apache.org/maven2/org/apache/logging/log4j/log4j-to-slf4j/2.21.1/log4j-to-slf4j-2.21.1.pom
#21 92.26 [INFO] Downloaded from central: https://repo.maven.apache.org/maven2/org/apache/logging/log4j/log4j-to-slf4j/2.21.1/log4j-to-slf4j-2.21.1.pom (4.2 kB at 22 kB/s)
#21 92.27 [INFO] Downloading from central: https://repo.maven.apache.org/maven2/org/apache/logging/log4j/log4j/2.21.1/log4j-2.21.1.pom
#21 92.46 [INFO] Downloaded from central: https://repo.maven.apache.org/maven2/org/apache/logging/log4j/log4j/2.21.1/log4j-2.21.1.pom (35 kB at 183 kB/s)
#21 92.47 [INFO] Downloading from central: https://repo.maven.apache.org/maven2/org/ow2/asm/asm-bom/9.5/asm-bom-9.5.pom
#21 92.66 [INFO] Downloaded from central: https://repo.maven.apache.org/maven2/org/ow2/asm/asm-bom/9.5/asm-bom-9.5.pom (3.2 kB at 17 kB/s)
#21 92.66 [INFO] Downloading from central: https://repo.maven.apache.org/maven2/org/codehaus/groovy/groovy-bom/3.0.19/groovy-bom-3.0.19.pom
#21 92.88 [INFO] Downloaded from central: https://repo.maven.apache.org/maven2/org/codehaus/groovy/groovy-bom/3.0.19/groovy-bom-3.0.19.pom (26 kB at 121 kB/s)
#21 92.88 [INFO] Downloading from central: https://repo.maven.apache.org/maven2/com/fasterxml/jackson/jackson-bom/2.15.2/jackson-bom-2.15.2.pom
#21 93.07 [INFO] Downloaded from central: https://repo.maven.apache.org/maven2/com/fasterxml/jackson/jackson-bom/2.15.2/jackson-bom-2.15.2.pom (18 kB at 98 kB/s)
#21 93.07 [INFO] Downloading from central: https://repo.maven.apache.org/maven2/jakarta/platform/jakarta.jakartaee-bom/9.1.0/jakarta.jakartaee-bom-9.1.0.pom
#21 93.26 [INFO] Downloaded from central: https://repo.maven.apache.org/maven2/jakarta/platform/jakarta.jakartaee-bom/9.1.0/jakarta.jakartaee-bom-9.1.0.pom (9.6 kB at 49 kB/s)
#21 93.26 [INFO] Downloading from central: https://repo.maven.apache.org/maven2/jakarta/platform/jakartaee-api-parent/9.1.0/jakartaee-api-parent-9.1.0.pom
#21 93.45 [INFO] Downloaded from central: https://repo.maven.apache.org/maven2/jakarta/platform/jakartaee-api-parent/9.1.0/jakartaee-api-parent-9.1.0.pom (15 kB at 81 kB/s)
#21 93.45 [INFO] Downloading from central: https://repo.maven.apache.org/maven2/org/eclipse/ee4j/project/1.0.7/project-1.0.7.pom
#21 93.67 [INFO] Downloaded from central: https://repo.maven.apache.org/maven2/org/eclipse/ee4j/project/1.0.7/project-1.0.7.pom (14 kB at 64 kB/s)
#21 93.67 [INFO] Downloading from central: https://repo.maven.apache.org/maven2/org/eclipse/jetty/jetty-bom/9.4.53.v20231009/jetty-bom-9.4.53.v20231009.pom
#21 93.90 [INFO] Downloaded from central: https://repo.maven.apache.org/maven2/org/eclipse/jetty/jetty-bom/9.4.53.v20231009/jetty-bom-9.4.53.v20231009.pom (18 kB at 76 kB/s)
#21 93.91 [INFO] Downloading from central: https://repo.maven.apache.org/maven2/org/junit/junit-bom/5.10.0/junit-bom-5.10.0.pom
#21 94.09 [INFO] Downloaded from central: https://repo.maven.apache.org/maven2/org/junit/junit-bom/5.10.0/junit-bom-5.10.0.pom (5.6 kB at 30 kB/s)
#21 94.09 [INFO] Downloading from central: https://repo.maven.apache.org/maven2/io/fabric8/kubernetes-client-bom/5.12.4/kubernetes-client-bom-5.12.4.pom
#21 94.33 [INFO] Downloaded from central: https://repo.maven.apache.org/maven2/io/fabric8/kubernetes-client-bom/5.12.4/kubernetes-client-bom-5.12.4.pom (26 kB at 110 kB/s)
#21 94.33 [INFO] Downloading from central: https://repo.maven.apache.org/maven2/org/mockito/mockito-bom/4.11.0/mockito-bom-4.11.0.pom
#21 94.52 [INFO] Downloaded from central: https://repo.maven.apache.org/maven2/org/mockito/mockito-bom/4.11.0/mockito-bom-4.11.0.pom (3.2 kB at 17 kB/s)
#21 94.52 [INFO] Downloading from central: https://repo.maven.apache.org/maven2/io/netty/netty-bom/4.1.97.Final/netty-bom-4.1.97.Final.pom
#21 94.71 [INFO] Downloaded from central: https://repo.maven.apache.org/maven2/io/netty/netty-bom/4.1.97.Final/netty-bom-4.1.97.Final.pom (13 kB at 70 kB/s)
#21 94.71 [INFO] Downloading from central: https://repo.maven.apache.org/maven2/org/springframework/spring-framework-bom/5.3.29/spring-framework-bom-5.3.29.pom
#21 94.92 [INFO] Downloaded from central: https://repo.maven.apache.org/maven2/org/springframework/spring-framework-bom/5.3.29/spring-framework-bom-5.3.29.pom (5.7 kB at 27 kB/s)
#21 94.93 [INFO] Downloading from central: https://repo.maven.apache.org/maven2/org/apache/logging/log4j/log4j-api/2.21.1/log4j-api-2.21.1.pom
#21 95.14 [INFO] Downloaded from central: https://repo.maven.apache.org/maven2/org/apache/logging/log4j/log4j-api/2.21.1/log4j-api-2.21.1.pom (4.0 kB at 19 kB/s)
#21 95.14 [INFO] Downloading from central: https://repo.maven.apache.org/maven2/org/slf4j/jul-to-slf4j/2.0.13/jul-to-slf4j-2.0.13.pom
#21 95.34 [INFO] Downloaded from central: https://repo.maven.apache.org/maven2/org/slf4j/jul-to-slf4j/2.0.13/jul-to-slf4j-2.0.13.pom (1.1 kB at 5.5 kB/s)
#21 95.34 [INFO] Downloading from central: https://repo.maven.apache.org/maven2/jakarta/annotation/jakarta.annotation-api/2.1.1/jakarta.annotation-api-2.1.1.pom
#21 95.53 [INFO] Downloaded from central: https://repo.maven.apache.org/maven2/jakarta/annotation/jakarta.annotation-api/2.1.1/jakarta.annotation-api-2.1.1.pom (16 kB at 85 kB/s)
#21 95.53 [INFO] Downloading from central: https://repo.maven.apache.org/maven2/org/yaml/snakeyaml/2.2/snakeyaml-2.2.pom
#21 95.73 [INFO] Downloaded from central: https://repo.maven.apache.org/maven2/org/yaml/snakeyaml/2.2/snakeyaml-2.2.pom (21 kB at 109 kB/s)
#21 95.73 [INFO] Downloading from central: https://repo.maven.apache.org/maven2/org/springframework/boot/spring-boot-actuator-autoconfigure/3.2.5/spring-boot-actuator-autoconfigure-3.2.5.pom
#21 95.92 [INFO] Downloaded from central: https://repo.maven.apache.org/maven2/org/springframework/boot/spring-boot-actuator-autoconfigure/3.2.5/spring-boot-actuator-autoconfigure-3.2.5.pom (2.9 kB at 16 kB/s)
#21 95.92 [INFO] Downloading from central: https://repo.maven.apache.org/maven2/org/springframework/boot/spring-boot-actuator/3.2.5/spring-boot-actuator-3.2.5.pom
#21 96.11 [INFO] Downloaded from central: https://repo.maven.apache.org/maven2/org/springframework/boot/spring-boot-actuator/3.2.5/spring-boot-actuator-3.2.5.pom (2.0 kB at 11 kB/s)
#21 96.11 [INFO] Downloading from central: https://repo.maven.apache.org/maven2/com/fasterxml/jackson/core/jackson-databind/2.15.4/jackson-databind-2.15.4.pom
#21 96.29 [INFO] Downloaded from central: https://repo.maven.apache.org/maven2/com/fasterxml/jackson/core/jackson-databind/2.15.4/jackson-databind-2.15.4.pom (19 kB at 106 kB/s)
#21 96.30 [INFO] Downloading from central: https://repo.maven.apache.org/maven2/com/fasterxml/jackson/jackson-base/2.15.4/jackson-base-2.15.4.pom
#21 96.50 [INFO] Downloaded from central: https://repo.maven.apache.org/maven2/com/fasterxml/jackson/jackson-base/2.15.4/jackson-base-2.15.4.pom (11 kB at 55 kB/s)
#21 96.50 [INFO] Downloading from central: https://repo.maven.apache.org/maven2/com/fasterxml/jackson/core/jackson-annotations/2.15.4/jackson-annotations-2.15.4.pom
#21 96.71 [INFO] Downloaded from central: https://repo.maven.apache.org/maven2/com/fasterxml/jackson/core/jackson-annotations/2.15.4/jackson-annotations-2.15.4.pom (7.1 kB at 35 kB/s)
#21 96.71 [INFO] Downloading from central: https://repo.maven.apache.org/maven2/com/fasterxml/jackson/core/jackson-core/2.15.4/jackson-core-2.15.4.pom
#21 96.90 [INFO] Downloaded from central: https://repo.maven.apache.org/maven2/com/fasterxml/jackson/core/jackson-core/2.15.4/jackson-core-2.15.4.pom (9.9 kB at 52 kB/s)
#21 96.90 [INFO] Downloading from central: https://repo.maven.apache.org/maven2/com/fasterxml/jackson/datatype/jackson-datatype-jsr310/2.15.4/jackson-datatype-jsr310-2.15.4.pom
#21 97.11 [INFO] Downloaded from central: https://repo.maven.apache.org/maven2/com/fasterxml/jackson/datatype/jackson-datatype-jsr310/2.15.4/jackson-datatype-jsr310-2.15.4.pom (4.9 kB at 24 kB/s)
#21 97.11 [INFO] Downloading from central: https://repo.maven.apache.org/maven2/com/fasterxml/jackson/module/jackson-modules-java8/2.15.4/jackson-modules-java8-2.15.4.pom
#21 97.30 [INFO] Downloaded from central: https://repo.maven.apache.org/maven2/com/fasterxml/jackson/module/jackson-modules-java8/2.15.4/jackson-modules-java8-2.15.4.pom (3.1 kB at 16 kB/s)
#21 97.31 [INFO] Downloading from central: https://repo.maven.apache.org/maven2/io/micrometer/micrometer-jakarta9/1.12.5/micrometer-jakarta9-1.12.5.pom
#21 97.49 [INFO] Downloaded from central: https://repo.maven.apache.org/maven2/io/micrometer/micrometer-jakarta9/1.12.5/micrometer-jakarta9-1.12.5.pom (3.8 kB at 20 kB/s)
#21 97.49 [INFO] Downloading from central: https://repo.maven.apache.org/maven2/io/micrometer/micrometer-core/1.12.5/micrometer-core-1.12.5.pom
#21 97.68 [INFO] Downloaded from central: https://repo.maven.apache.org/maven2/io/micrometer/micrometer-core/1.12.5/micrometer-core-1.12.5.pom (10 kB at 56 kB/s)
#21 97.68 [INFO] Downloading from central: https://repo.maven.apache.org/maven2/org/hdrhistogram/HdrHistogram/2.1.12/HdrHistogram-2.1.12.pom
#21 97.88 [INFO] Downloaded from central: https://repo.maven.apache.org/maven2/org/hdrhistogram/HdrHistogram/2.1.12/HdrHistogram-2.1.12.pom (11 kB at 54 kB/s)
#21 97.88 [INFO] Downloading from central: https://repo.maven.apache.org/maven2/org/latencyutils/LatencyUtils/2.0.3/LatencyUtils-2.0.3.pom
#21 98.09 [INFO] Downloaded from central: https://repo.maven.apache.org/maven2/org/latencyutils/LatencyUtils/2.0.3/LatencyUtils-2.0.3.pom (7.2 kB at 35 kB/s)
#21 98.10 [INFO] Downloading from central: https://repo.maven.apache.org/maven2/org/redisson/redisson/3.29.0/redisson-3.29.0.pom
#21 98.34 [INFO] Downloaded from central: https://repo.maven.apache.org/maven2/org/redisson/redisson/3.29.0/redisson-3.29.0.pom (23 kB at 97 kB/s)
#21 98.34 [INFO] Downloading from central: https://repo.maven.apache.org/maven2/io/netty/netty-common/4.1.109.Final/netty-common-4.1.109.Final.pom
#21 98.53 [INFO] Downloaded from central: https://repo.maven.apache.org/maven2/io/netty/netty-common/4.1.109.Final/netty-common-4.1.109.Final.pom (12 kB at 63 kB/s)
#21 98.53 [INFO] Downloading from central: https://repo.maven.apache.org/maven2/io/netty/netty-parent/4.1.109.Final/netty-parent-4.1.109.Final.pom
#21 98.76 [INFO] Downloaded from central: https://repo.maven.apache.org/maven2/io/netty/netty-parent/4.1.109.Final/netty-parent-4.1.109.Final.pom (87 kB at 370 kB/s)
#21 98.77 [INFO] Downloading from central: https://repo.maven.apache.org/maven2/io/netty/netty-codec/4.1.109.Final/netty-codec-4.1.109.Final.pom
#21 98.97 [INFO] Downloaded from central: https://repo.maven.apache.org/maven2/io/netty/netty-codec/4.1.109.Final/netty-codec-4.1.109.Final.pom (5.5 kB at 27 kB/s)
#21 98.98 [INFO] Downloading from central: https://repo.maven.apache.org/maven2/io/netty/netty-buffer/4.1.109.Final/netty-buffer-4.1.109.Final.pom
#21 99.16 [INFO] Downloaded from central: https://repo.maven.apache.org/maven2/io/netty/netty-buffer/4.1.109.Final/netty-buffer-4.1.109.Final.pom (1.6 kB at 8.6 kB/s)
#21 99.16 [INFO] Downloading from central: https://repo.maven.apache.org/maven2/io/netty/netty-transport/4.1.109.Final/netty-transport-4.1.109.Final.pom
#21 99.35 [INFO] Downloaded from central: https://repo.maven.apache.org/maven2/io/netty/netty-transport/4.1.109.Final/netty-transport-4.1.109.Final.pom (2.2 kB at 12 kB/s)
#21 99.35 [INFO] Downloading from central: https://repo.maven.apache.org/maven2/io/netty/netty-resolver/4.1.109.Final/netty-resolver-4.1.109.Final.pom
#21 99.55 [INFO] Downloaded from central: https://repo.maven.apache.org/maven2/io/netty/netty-resolver/4.1.109.Final/netty-resolver-4.1.109.Final.pom (1.6 kB at 7.9 kB/s)
#21 99.56 [INFO] Downloading from central: https://repo.maven.apache.org/maven2/io/netty/netty-resolver-dns/4.1.109.Final/netty-resolver-dns-4.1.109.Final.pom
#21 99.78 [INFO] Downloaded from central: https://repo.maven.apache.org/maven2/io/netty/netty-resolver-dns/4.1.109.Final/netty-resolver-dns-4.1.109.Final.pom (3.7 kB at 17 kB/s)
#21 99.78 [INFO] Downloading from central: https://repo.maven.apache.org/maven2/io/netty/netty-codec-dns/4.1.109.Final/netty-codec-dns-4.1.109.Final.pom
#21 99.98 [INFO] Downloaded from central: https://repo.maven.apache.org/maven2/io/netty/netty-codec-dns/4.1.109.Final/netty-codec-dns-4.1.109.Final.pom (2.7 kB at 14 kB/s)
#21 99.98 [INFO] Downloading from central: https://repo.maven.apache.org/maven2/io/netty/netty-handler/4.1.109.Final/netty-handler-4.1.109.Final.pom
#21 100.2 [INFO] Downloaded from central: https://repo.maven.apache.org/maven2/io/netty/netty-handler/4.1.109.Final/netty-handler-4.1.109.Final.pom (4.6 kB at 21 kB/s)
#21 100.2 [INFO] Downloading from central: https://repo.maven.apache.org/maven2/io/netty/netty-transport-native-unix-common/4.1.109.Final/netty-transport-native-unix-common-4.1.109.Final.pom
#21 100.4 [INFO] Downloaded from central: https://repo.maven.apache.org/maven2/io/netty/netty-transport-native-unix-common/4.1.109.Final/netty-transport-native-unix-common-4.1.109.Final.pom (33 kB at 176 kB/s)
#21 100.4 [INFO] Downloading from central: https://repo.maven.apache.org/maven2/javax/cache/cache-api/1.1.1/cache-api-1.1.1.pom
#21 100.6 [INFO] Downloaded from central: https://repo.maven.apache.org/maven2/javax/cache/cache-api/1.1.1/cache-api-1.1.1.pom (12 kB at 61 kB/s)
#21 100.6 [INFO] Downloading from central: https://repo.maven.apache.org/maven2/io/projectreactor/reactor-core/3.6.5/reactor-core-3.6.5.pom
#21 100.8 [INFO] Downloaded from central: https://repo.maven.apache.org/maven2/io/projectreactor/reactor-core/3.6.5/reactor-core-3.6.5.pom (2.1 kB at 11 kB/s)
#21 100.8 [INFO] Downloading from central: https://repo.maven.apache.org/maven2/org/reactivestreams/reactive-streams/1.0.4/reactive-streams-1.0.4.pom
#21 101.0 [INFO] Downloaded from central: https://repo.maven.apache.org/maven2/org/reactivestreams/reactive-streams/1.0.4/reactive-streams-1.0.4.pom (1.1 kB at 5.7 kB/s)
#21 101.0 [INFO] Downloading from central: https://repo.maven.apache.org/maven2/io/reactivex/rxjava3/rxjava/3.1.8/rxjava-3.1.8.pom
#21 101.2 [INFO] Downloaded from central: https://repo.maven.apache.org/maven2/io/reactivex/rxjava3/rxjava/3.1.8/rxjava-3.1.8.pom (1.8 kB at 9.2 kB/s)
#21 101.2 [INFO] Downloading from central: https://repo.maven.apache.org/maven2/com/esotericsoftware/kryo/5.6.0/kryo-5.6.0.pom
#21 101.4 [INFO] Downloaded from central: https://repo.maven.apache.org/maven2/com/esotericsoftware/kryo/5.6.0/kryo-5.6.0.pom (4.7 kB at 22 kB/s)
#21 101.4 [INFO] Downloading from central: https://repo.maven.apache.org/maven2/com/esotericsoftware/kryo-parent/5.6.0/kryo-parent-5.6.0.pom
#21 101.6 [INFO] Downloaded from central: https://repo.maven.apache.org/maven2/com/esotericsoftware/kryo-parent/5.6.0/kryo-parent-5.6.0.pom (15 kB at 71 kB/s)
#21 101.6 [INFO] Downloading from central: https://repo.maven.apache.org/maven2/com/esotericsoftware/reflectasm/1.11.9/reflectasm-1.11.9.pom
#21 101.8 [INFO] Downloaded from central: https://repo.maven.apache.org/maven2/com/esotericsoftware/reflectasm/1.11.9/reflectasm-1.11.9.pom (4.1 kB at 21 kB/s)
#21 101.8 [INFO] Downloading from central: https://repo.maven.apache.org/maven2/org/objenesis/objenesis/3.3/objenesis-3.3.pom
#21 102.0 [INFO] Downloaded from central: https://repo.maven.apache.org/maven2/org/objenesis/objenesis/3.3/objenesis-3.3.pom (3.0 kB at 15 kB/s)
#21 102.0 [INFO] Downloading from central: https://repo.maven.apache.org/maven2/org/objenesis/objenesis-parent/3.3/objenesis-parent-3.3.pom
#21 102.2 [INFO] Downloaded from central: https://repo.maven.apache.org/maven2/org/objenesis/objenesis-parent/3.3/objenesis-parent-3.3.pom (19 kB at 97 kB/s)
#21 102.2 [INFO] Downloading from central: https://repo.maven.apache.org/maven2/com/esotericsoftware/minlog/1.3.1/minlog-1.3.1.pom
#21 102.4 [INFO] Downloaded from central: https://repo.maven.apache.org/maven2/com/esotericsoftware/minlog/1.3.1/minlog-1.3.1.pom (3.6 kB at 20 kB/s)
#21 102.4 [INFO] Downloading from central: https://repo.maven.apache.org/maven2/com/fasterxml/jackson/dataformat/jackson-dataformat-yaml/2.15.4/jackson-dataformat-yaml-2.15.4.pom
#21 102.6 [INFO] Downloaded from central: https://repo.maven.apache.org/maven2/com/fasterxml/jackson/dataformat/jackson-dataformat-yaml/2.15.4/jackson-dataformat-yaml-2.15.4.pom (2.6 kB at 14 kB/s)
#21 102.6 [INFO] Downloading from central: https://repo.maven.apache.org/maven2/com/fasterxml/jackson/dataformat/jackson-dataformats-text/2.15.4/jackson-dataformats-text-2.15.4.pom
#21 102.8 [INFO] Downloaded from central: https://repo.maven.apache.org/maven2/com/fasterxml/jackson/dataformat/jackson-dataformats-text/2.15.4/jackson-dataformats-text-2.15.4.pom (3.5 kB at 13 kB/s)
#21 102.8 [INFO] Downloading from central: https://repo.maven.apache.org/maven2/net/bytebuddy/byte-buddy/1.14.13/byte-buddy-1.14.13.pom
#21 103.0 [INFO] Downloaded from central: https://repo.maven.apache.org/maven2/net/bytebuddy/byte-buddy/1.14.13/byte-buddy-1.14.13.pom (16 kB at 83 kB/s)
#21 103.0 [INFO] Downloading from central: https://repo.maven.apache.org/maven2/net/bytebuddy/byte-buddy-parent/1.14.13/byte-buddy-parent-1.14.13.pom
#21 103.3 [INFO] Downloaded from central: https://repo.maven.apache.org/maven2/net/bytebuddy/byte-buddy-parent/1.14.13/byte-buddy-parent-1.14.13.pom (63 kB at 289 kB/s)
#21 103.3 [INFO] Downloading from central: https://repo.maven.apache.org/maven2/org/jodd/jodd-util/6.2.2/jodd-util-6.2.2.pom
#21 103.5 [INFO] Downloaded from central: https://repo.maven.apache.org/maven2/org/jodd/jodd-util/6.2.2/jodd-util-6.2.2.pom (1.4 kB at 6.9 kB/s)
#21 103.5 [INFO] Downloading from central: https://repo.maven.apache.org/maven2/org/redisson/redisson-spring-data-32/3.29.0/redisson-spring-data-32-3.29.0.pom
#21 103.7 [INFO] Downloaded from central: https://repo.maven.apache.org/maven2/org/redisson/redisson-spring-data-32/3.29.0/redisson-spring-data-32-3.29.0.pom (3.1 kB at 16 kB/s)
#21 103.7 [INFO] Downloading from central: https://repo.maven.apache.org/maven2/org/redisson/redisson-spring-data/3.29.0/redisson-spring-data-3.29.0.pom
#21 103.9 [INFO] Downloaded from central: https://repo.maven.apache.org/maven2/org/redisson/redisson-spring-data/3.29.0/redisson-spring-data-3.29.0.pom (4.0 kB at 20 kB/s)
#21 103.9 [INFO] Downloading from central: https://repo.maven.apache.org/maven2/org/springframework/data/spring-data-redis/3.2.5/spring-data-redis-3.2.5.pom
#21 104.1 [INFO] Downloaded from central: https://repo.maven.apache.org/maven2/org/springframework/data/spring-data-redis/3.2.5/spring-data-redis-3.2.5.pom (9.7 kB at 51 kB/s)
#21 104.1 [INFO] Downloading from central: https://repo.maven.apache.org/maven2/org/springframework/data/build/spring-data-parent/3.2.5/spring-data-parent-3.2.5.pom
#21 104.3 [INFO] Downloaded from central: https://repo.maven.apache.org/maven2/org/springframework/data/build/spring-data-parent/3.2.5/spring-data-parent-3.2.5.pom (40 kB at 180 kB/s)
#21 104.3 [INFO] Downloading from central: https://repo.maven.apache.org/maven2/org/springframework/data/build/spring-data-build/3.2.5/spring-data-build-3.2.5.pom
#21 104.5 [INFO] Downloaded from central: https://repo.maven.apache.org/maven2/org/springframework/data/build/spring-data-build/3.2.5/spring-data-build-3.2.5.pom (7.2 kB at 36 kB/s)
#21 104.5 [INFO] Downloading from central: https://repo.maven.apache.org/maven2/org/springframework/data/spring-data-keyvalue/3.2.5/spring-data-keyvalue-3.2.5.pom
#21 104.7 [INFO] Downloaded from central: https://repo.maven.apache.org/maven2/org/springframework/data/spring-data-keyvalue/3.2.5/spring-data-keyvalue-3.2.5.pom (2.7 kB at 13 kB/s)
#21 104.7 [INFO] Downloading from central: https://repo.maven.apache.org/maven2/org/springframework/data/spring-data-commons/3.2.5/spring-data-commons-3.2.5.pom
#21 104.9 [INFO] Downloaded from central: https://repo.maven.apache.org/maven2/org/springframework/data/spring-data-commons/3.2.5/spring-data-commons-3.2.5.pom (9.9 kB at 54 kB/s)
#21 104.9 [INFO] Downloading from central: https://repo.maven.apache.org/maven2/org/springframework/spring-tx/6.1.6/spring-tx-6.1.6.pom
#21 105.1 [INFO] Downloaded from central: https://repo.maven.apache.org/maven2/org/springframework/spring-tx/6.1.6/spring-tx-6.1.6.pom (2.2 kB at 11 kB/s)
#21 105.1 [INFO] Downloading from central: https://repo.maven.apache.org/maven2/org/springframework/spring-oxm/6.1.6/spring-oxm-6.1.6.pom
#21 105.3 [INFO] Downloaded from central: https://repo.maven.apache.org/maven2/org/springframework/spring-oxm/6.1.6/spring-oxm-6.1.6.pom (2.2 kB at 12 kB/s)
#21 105.3 [INFO] Downloading from central: https://repo.maven.apache.org/maven2/org/springframework/spring-context-support/6.1.6/spring-context-support-6.1.6.pom
#21 105.5 [INFO] Downloaded from central: https://repo.maven.apache.org/maven2/org/springframework/spring-context-support/6.1.6/spring-context-support-6.1.6.pom (2.4 kB at 13 kB/s)
#21 105.5 [INFO] Downloading from central: https://repo.maven.apache.org/maven2/org/bouncycastle/bcprov-jdk15to18/1.76/bcprov-jdk15to18-1.76.pom
#21 105.7 [INFO] Downloaded from central: https://repo.maven.apache.org/maven2/org/bouncycastle/bcprov-jdk15to18/1.76/bcprov-jdk15to18-1.76.pom (1.1 kB at 5.7 kB/s)
#21 105.7 [INFO] Downloading from central: https://repo.maven.apache.org/maven2/org/springframework/boot/spring-boot-starter-data-redis/3.2.5/spring-boot-starter-data-redis-3.2.5.pom
#21 105.9 [INFO] Downloaded from central: https://repo.maven.apache.org/maven2/org/springframework/boot/spring-boot-starter-data-redis/3.2.5/spring-boot-starter-data-redis-3.2.5.pom (2.5 kB at 13 kB/s)
#21 105.9 [INFO] Downloading from central: https://repo.maven.apache.org/maven2/io/lettuce/lettuce-core/6.3.2.RELEASE/lettuce-core-6.3.2.RELEASE.pom
#21 106.1 [INFO] Downloaded from central: https://repo.maven.apache.org/maven2/io/lettuce/lettuce-core/6.3.2.RELEASE/lettuce-core-6.3.2.RELEASE.pom (7.4 kB at 37 kB/s)
#21 106.1 [INFO] Downloading from central: https://repo.maven.apache.org/maven2/org/redisson/redisson-spring-boot-starter/3.29.0/redisson-spring-boot-starter-3.29.0.jar
#21 106.3 [INFO] Downloaded from central: https://repo.maven.apache.org/maven2/org/redisson/redisson-spring-boot-starter/3.29.0/redisson-spring-boot-starter-3.29.0.jar (16 kB at 83 kB/s)
#21 106.3 [INFO] Downloading from central: https://repo.maven.apache.org/maven2/org/springframework/boot/spring-boot-starter-actuator/3.2.5/spring-boot-starter-actuator-3.2.5.jar
#21 106.3 [INFO] Downloading from central: https://repo.maven.apache.org/maven2/org/springframework/boot/spring-boot-actuator-autoconfigure/3.2.5/spring-boot-actuator-autoconfigure-3.2.5.jar
#21 106.3 [INFO] Downloading from central: https://repo.maven.apache.org/maven2/org/springframework/boot/spring-boot-actuator/3.2.5/spring-boot-actuator-3.2.5.jar
#21 106.3 [INFO] Downloading from central: https://repo.maven.apache.org/maven2/com/fasterxml/jackson/datatype/jackson-datatype-jsr310/2.15.4/jackson-datatype-jsr310-2.15.4.jar
#21 106.3 [INFO] Downloading from central: https://repo.maven.apache.org/maven2/io/micrometer/micrometer-jakarta9/1.12.5/micrometer-jakarta9-1.12.5.jar
#21 106.5 [INFO] Downloaded from central: https://repo.maven.apache.org/maven2/io/micrometer/micrometer-jakarta9/1.12.5/micrometer-jakarta9-1.12.5.jar (32 kB at 155 kB/s)
#21 106.5 [INFO] Downloading from central: https://repo.maven.apache.org/maven2/io/micrometer/micrometer-core/1.12.5/micrometer-core-1.12.5.jar
#21 106.5 [INFO] Downloaded from central: https://repo.maven.apache.org/maven2/org/springframework/boot/spring-boot-starter-actuator/3.2.5/spring-boot-starter-actuator-3.2.5.jar (4.8 kB at 21 kB/s)
#21 106.5 [INFO] Downloading from central: https://repo.maven.apache.org/maven2/org/hdrhistogram/HdrHistogram/2.1.12/HdrHistogram-2.1.12.jar
#21 106.5 [INFO] Downloaded from central: https://repo.maven.apache.org/maven2/com/fasterxml/jackson/datatype/jackson-datatype-jsr310/2.15.4/jackson-datatype-jsr310-2.15.4.jar (123 kB at 530 kB/s)
#21 106.5 [INFO] Downloading from central: https://repo.maven.apache.org/maven2/org/latencyutils/LatencyUtils/2.0.3/LatencyUtils-2.0.3.jar
#21 107.1 [INFO] Downloaded from central: https://repo.maven.apache.org/maven2/org/latencyutils/LatencyUtils/2.0.3/LatencyUtils-2.0.3.jar (30 kB at 36 kB/s)
#21 107.1 [INFO] Downloading from central: https://repo.maven.apache.org/maven2/org/redisson/redisson/3.29.0/redisson-3.29.0.jar
#21 107.1 [INFO] Downloaded from central: https://repo.maven.apache.org/maven2/org/hdrhistogram/HdrHistogram/2.1.12/HdrHistogram-2.1.12.jar (174 kB at 201 kB/s)
#21 107.1 [INFO] Downloading from central: https://repo.maven.apache.org/maven2/io/netty/netty-common/4.1.109.Final/netty-common-4.1.109.Final.jar
#21 107.4 [INFO] Downloaded from central: https://repo.maven.apache.org/maven2/org/springframework/boot/spring-boot-actuator/3.2.5/spring-boot-actuator-3.2.5.jar (651 kB at 593 kB/s)
#21 107.4 [INFO] Downloading from central: https://repo.maven.apache.org/maven2/io/netty/netty-codec/4.1.109.Final/netty-codec-4.1.109.Final.jar
#21 107.4 [INFO] Downloaded from central: https://repo.maven.apache.org/maven2/io/micrometer/micrometer-core/1.12.5/micrometer-core-1.12.5.jar (884 kB at 795 kB/s)
#21 107.4 [INFO] Downloading from central: https://repo.maven.apache.org/maven2/io/netty/netty-buffer/4.1.109.Final/netty-buffer-4.1.109.Final.jar
#21 107.4 [INFO] Downloaded from central: https://repo.maven.apache.org/maven2/io/netty/netty-common/4.1.109.Final/netty-common-4.1.109.Final.jar (664 kB at 566 kB/s)
#21 107.4 [INFO] Downloading from central: https://repo.maven.apache.org/maven2/io/netty/netty-transport/4.1.109.Final/netty-transport-4.1.109.Final.jar
#21 107.5 [INFO] Downloaded from central: https://repo.maven.apache.org/maven2/org/springframework/boot/spring-boot-actuator-autoconfigure/3.2.5/spring-boot-actuator-autoconfigure-3.2.5.jar (756 kB at 611 kB/s)
#21 107.5 [INFO] Downloading from central: https://repo.maven.apache.org/maven2/io/netty/netty-resolver/4.1.109.Final/netty-resolver-4.1.109.Final.jar
#21 107.9 [INFO] Downloaded from central: https://repo.maven.apache.org/maven2/io/netty/netty-resolver/4.1.109.Final/netty-resolver-4.1.109.Final.jar (38 kB at 23 kB/s)
#21 107.9 [INFO] Downloading from central: https://repo.maven.apache.org/maven2/io/netty/netty-resolver-dns/4.1.109.Final/netty-resolver-dns-4.1.109.Final.jar
#21 108.3 [INFO] Downloaded from central: https://repo.maven.apache.org/maven2/io/netty/netty-resolver-dns/4.1.109.Final/netty-resolver-dns-4.1.109.Final.jar (181 kB at 91 kB/s)
#21 108.3 [INFO] Downloading from central: https://repo.maven.apache.org/maven2/io/netty/netty-codec-dns/4.1.109.Final/netty-codec-dns-4.1.109.Final.jar
#21 108.3 [INFO] Downloaded from central: https://repo.maven.apache.org/maven2/io/netty/netty-codec/4.1.109.Final/netty-codec-4.1.109.Final.jar (353 kB at 174 kB/s)
#21 108.3 [INFO] Downloading from central: https://repo.maven.apache.org/maven2/io/netty/netty-handler/4.1.109.Final/netty-handler-4.1.109.Final.jar
#21 108.3 [INFO] Downloaded from central: https://repo.maven.apache.org/maven2/io/netty/netty-transport/4.1.109.Final/netty-transport-4.1.109.Final.jar (498 kB at 241 kB/s)
#21 108.3 [INFO] Downloading from central: https://repo.maven.apache.org/maven2/io/netty/netty-transport-native-unix-common/4.1.109.Final/netty-transport-native-unix-common-4.1.109.Final.jar
#21 108.4 [INFO] Downloaded from central: https://repo.maven.apache.org/maven2/io/netty/netty-buffer/4.1.109.Final/netty-buffer-4.1.109.Final.jar (307 kB at 146 kB/s)
#21 108.4 [INFO] Downloading from central: https://repo.maven.apache.org/maven2/javax/cache/cache-api/1.1.1/cache-api-1.1.1.jar
#21 108.5 [INFO] Downloaded from central: https://repo.maven.apache.org/maven2/io/netty/netty-codec-dns/4.1.109.Final/netty-codec-dns-4.1.109.Final.jar (67 kB at 30 kB/s)
#21 108.5 [INFO] Downloading from central: https://repo.maven.apache.org/maven2/io/projectreactor/reactor-core/3.6.5/reactor-core-3.6.5.jar
#21 108.5 [INFO] Downloaded from central: https://repo.maven.apache.org/maven2/io/netty/netty-transport-native-unix-common/4.1.109.Final/netty-transport-native-unix-common-4.1.109.Final.jar (44 kB at 20 kB/s)
#21 108.5 [INFO] Downloading from central: https://repo.maven.apache.org/maven2/org/reactivestreams/reactive-streams/1.0.4/reactive-streams-1.0.4.jar
#21 108.6 [INFO] Downloaded from central: https://repo.maven.apache.org/maven2/javax/cache/cache-api/1.1.1/cache-api-1.1.1.jar (51 kB at 22 kB/s)
#21 108.6 [INFO] Downloading from central: https://repo.maven.apache.org/maven2/io/reactivex/rxjava3/rxjava/3.1.8/rxjava-3.1.8.jar
#21 108.7 [INFO] Downloaded from central: https://repo.maven.apache.org/maven2/org/reactivestreams/reactive-streams/1.0.4/reactive-streams-1.0.4.jar (12 kB at 4.7 kB/s)
#21 108.7 [INFO] Downloading from central: https://repo.maven.apache.org/maven2/com/esotericsoftware/kryo/5.6.0/kryo-5.6.0.jar
#21 109.0 [INFO] Downloaded from central: https://repo.maven.apache.org/maven2/com/esotericsoftware/kryo/5.6.0/kryo-5.6.0.jar (374 kB at 138 kB/s)
#21 109.0 [INFO] Downloading from central: https://repo.maven.apache.org/maven2/com/esotericsoftware/reflectasm/1.11.9/reflectasm-1.11.9.jar
#21 109.2 [INFO] Downloaded from central: https://repo.maven.apache.org/maven2/com/esotericsoftware/reflectasm/1.11.9/reflectasm-1.11.9.jar (72 kB at 25 kB/s)
#21 109.2 [INFO] Downloading from central: https://repo.maven.apache.org/maven2/org/objenesis/objenesis/3.3/objenesis-3.3.jar
#21 109.3 [INFO] Downloaded from central: https://repo.maven.apache.org/maven2/io/netty/netty-handler/4.1.109.Final/netty-handler-4.1.109.Final.jar (569 kB at 190 kB/s)
#21 109.3 [INFO] Downloading from central: https://repo.maven.apache.org/maven2/com/esotericsoftware/minlog/1.3.1/minlog-1.3.1.jar
#21 109.4 [INFO] Downloaded from central: https://repo.maven.apache.org/maven2/org/objenesis/objenesis/3.3/objenesis-3.3.jar (49 kB at 16 kB/s)
#21 109.4 [INFO] Downloading from central: https://repo.maven.apache.org/maven2/org/slf4j/slf4j-api/2.0.13/slf4j-api-2.0.13.jar
#21 109.4 [INFO] Downloaded from central: https://repo.maven.apache.org/maven2/io/projectreactor/reactor-core/3.6.5/reactor-core-3.6.5.jar (1.9 MB at 596 kB/s)
#21 109.4 [INFO] Downloading from central: https://repo.maven.apache.org/maven2/com/fasterxml/jackson/core/jackson-annotations/2.15.4/jackson-annotations-2.15.4.jar
#21 109.5 [INFO] Downloaded from central: https://repo.maven.apache.org/maven2/com/esotericsoftware/minlog/1.3.1/minlog-1.3.1.jar (5.9 kB at 1.8 kB/s)
#21 109.5 [INFO] Downloading from central: https://repo.maven.apache.org/maven2/com/fasterxml/jackson/dataformat/jackson-dataformat-yaml/2.15.4/jackson-dataformat-yaml-2.15.4.jar
#21 109.6 [INFO] Downloaded from central: https://repo.maven.apache.org/maven2/org/slf4j/slf4j-api/2.0.13/slf4j-api-2.0.13.jar (69 kB at 21 kB/s)
#21 109.6 [INFO] Downloading from central: https://repo.maven.apache.org/maven2/com/fasterxml/jackson/core/jackson-core/2.15.4/jackson-core-2.15.4.jar
#21 109.6 [INFO] Downloaded from central: https://repo.maven.apache.org/maven2/com/fasterxml/jackson/core/jackson-annotations/2.15.4/jackson-annotations-2.15.4.jar (76 kB at 22 kB/s)
#21 109.6 [INFO] Downloading from central: https://repo.maven.apache.org/maven2/com/fasterxml/jackson/core/jackson-databind/2.15.4/jackson-databind-2.15.4.jar
#21 109.8 [INFO] Downloaded from central: https://repo.maven.apache.org/maven2/com/fasterxml/jackson/dataformat/jackson-dataformat-yaml/2.15.4/jackson-dataformat-yaml-2.15.4.jar (55 kB at 16 kB/s)
#21 109.8 [INFO] Downloading from central: https://repo.maven.apache.org/maven2/net/bytebuddy/byte-buddy/1.14.13/byte-buddy-1.14.13.jar
#21 109.9 [INFO] Downloaded from central: https://repo.maven.apache.org/maven2/com/fasterxml/jackson/core/jackson-core/2.15.4/jackson-core-2.15.4.jar (548 kB at 152 kB/s)
#21 109.9 [INFO] Downloading from central: https://repo.maven.apache.org/maven2/org/jodd/jodd-util/6.2.2/jodd-util-6.2.2.jar
#21 110.1 [INFO] Downloaded from central: https://repo.maven.apache.org/maven2/org/jodd/jodd-util/6.2.2/jodd-util-6.2.2.jar (338 kB at 88 kB/s)
#21 110.1 [INFO] Downloading from central: https://repo.maven.apache.org/maven2/org/redisson/redisson-spring-data-32/3.29.0/redisson-spring-data-32-3.29.0.jar
#21 112.3 [INFO] Downloaded from central: https://repo.maven.apache.org/maven2/org/redisson/redisson-spring-data-32/3.29.0/redisson-spring-data-32-3.29.0.jar (248 kB at 41 kB/s)
#21 112.3 [INFO] Downloading from central: https://repo.maven.apache.org/maven2/org/bouncycastle/bcprov-jdk15to18/1.76/bcprov-jdk15to18-1.76.jar
#21 112.3 [INFO] Downloaded from central: https://repo.maven.apache.org/maven2/io/reactivex/rxjava3/rxjava/3.1.8/rxjava-3.1.8.jar (2.7 MB at 441 kB/s)
#21 112.3 [INFO] Downloading from central: https://repo.maven.apache.org/maven2/org/springframework/boot/spring-boot-starter-data-redis/3.2.5/spring-boot-starter-data-redis-3.2.5.jar
#21 112.4 [INFO] Downloaded from central: https://repo.maven.apache.org/maven2/com/fasterxml/jackson/core/jackson-databind/2.15.4/jackson-databind-2.15.4.jar (1.6 MB at 264 kB/s)
#21 112.4 [INFO] Downloading from central: https://repo.maven.apache.org/maven2/org/springframework/boot/spring-boot-starter/3.2.5/spring-boot-starter-3.2.5.jar
#21 112.6 [INFO] Downloaded from central: https://repo.maven.apache.org/maven2/org/springframework/boot/spring-boot-starter-data-redis/3.2.5/spring-boot-starter-data-redis-3.2.5.jar (4.8 kB at 760 B/s)
#21 112.6 [INFO] Downloading from central: https://repo.maven.apache.org/maven2/org/springframework/boot/spring-boot/3.2.5/spring-boot-3.2.5.jar
#21 112.8 [INFO] Downloaded from central: https://repo.maven.apache.org/maven2/org/springframework/boot/spring-boot-starter/3.2.5/spring-boot-starter-3.2.5.jar (4.8 kB at 735 B/s)
#21 112.8 [INFO] Downloading from central: https://repo.maven.apache.org/maven2/org/springframework/boot/spring-boot-autoconfigure/3.2.5/spring-boot-autoconfigure-3.2.5.jar
#21 114.3 [INFO] Downloaded from central: https://repo.maven.apache.org/maven2/org/springframework/boot/spring-boot/3.2.5/spring-boot-3.2.5.jar (1.6 MB at 200 kB/s)
#21 114.3 [INFO] Downloading from central: https://repo.maven.apache.org/maven2/org/springframework/boot/spring-boot-starter-logging/3.2.5/spring-boot-starter-logging-3.2.5.jar
#21 114.4 [INFO] Downloaded from central: https://repo.maven.apache.org/maven2/org/springframework/boot/spring-boot-autoconfigure/3.2.5/spring-boot-autoconfigure-3.2.5.jar (1.9 MB at 238 kB/s)
#21 114.4 [INFO] Downloading from central: https://repo.maven.apache.org/maven2/ch/qos/logback/logback-classic/1.4.14/logback-classic-1.4.14.jar
#21 114.7 [INFO] Downloaded from central: https://repo.maven.apache.org/maven2/org/springframework/boot/spring-boot-starter-logging/3.2.5/spring-boot-starter-logging-3.2.5.jar (4.8 kB at 567 B/s)
#21 114.7 [INFO] Downloading from central: https://repo.maven.apache.org/maven2/ch/qos/logback/logback-core/1.4.14/logback-core-1.4.14.jar
#21 114.8 [INFO] Downloaded from central: https://repo.maven.apache.org/maven2/ch/qos/logback/logback-classic/1.4.14/logback-classic-1.4.14.jar (284 kB at 33 kB/s)
#21 114.8 [INFO] Downloading from central: https://repo.maven.apache.org/maven2/org/apache/logging/log4j/log4j-to-slf4j/2.21.1/log4j-to-slf4j-2.21.1.jar
#21 115.0 [INFO] Downloaded from central: https://repo.maven.apache.org/maven2/org/redisson/redisson/3.29.0/redisson-3.29.0.jar (2.5 MB at 287 kB/s)
#21 115.0 [INFO] Downloading from central: https://repo.maven.apache.org/maven2/org/apache/logging/log4j/log4j-api/2.21.1/log4j-api-2.21.1.jar
#21 115.0 [INFO] Downloaded from central: https://repo.maven.apache.org/maven2/org/bouncycastle/bcprov-jdk15to18/1.76/bcprov-jdk15to18-1.76.jar (6.5 MB at 751 kB/s)
#21 115.0 [INFO] Downloading from central: https://repo.maven.apache.org/maven2/org/slf4j/jul-to-slf4j/2.0.13/jul-to-slf4j-2.0.13.jar
#21 115.0 [INFO] Downloaded from central: https://repo.maven.apache.org/maven2/org/apache/logging/log4j/log4j-to-slf4j/2.21.1/log4j-to-slf4j-2.21.1.jar (23 kB at 2.6 kB/s)
#21 115.0 [INFO] Downloading from central: https://repo.maven.apache.org/maven2/jakarta/annotation/jakarta.annotation-api/2.1.1/jakarta.annotation-api-2.1.1.jar
#21 115.2 [INFO] Downloaded from central: https://repo.maven.apache.org/maven2/org/slf4j/jul-to-slf4j/2.0.13/jul-to-slf4j-2.0.13.jar (6.3 kB at 713 B/s)
#21 115.2 [INFO] Downloading from central: https://repo.maven.apache.org/maven2/org/yaml/snakeyaml/2.2/snakeyaml-2.2.jar
#21 115.2 [INFO] Downloaded from central: https://repo.maven.apache.org/maven2/jakarta/annotation/jakarta.annotation-api/2.1.1/jakarta.annotation-api-2.1.1.jar (26 kB at 2.9 kB/s)
#21 115.2 [INFO] Downloading from central: https://repo.maven.apache.org/maven2/io/lettuce/lettuce-core/6.3.2.RELEASE/lettuce-core-6.3.2.RELEASE.jar
#21 115.2 [INFO] Downloaded from central: https://repo.maven.apache.org/maven2/ch/qos/logback/logback-core/1.4.14/logback-core-1.4.14.jar (597 kB at 67 kB/s)
#21 115.2 [INFO] Downloading from central: https://repo.maven.apache.org/maven2/org/springframework/data/spring-data-redis/3.2.5/spring-data-redis-3.2.5.jar
#21 115.4 [INFO] Downloaded from central: https://repo.maven.apache.org/maven2/org/apache/logging/log4j/log4j-api/2.21.1/log4j-api-2.21.1.jar (317 kB at 35 kB/s)
#21 115.4 [INFO] Downloading from central: https://repo.maven.apache.org/maven2/org/springframework/data/spring-data-keyvalue/3.2.5/spring-data-keyvalue-3.2.5.jar
#21 115.4 [INFO] Downloaded from central: https://repo.maven.apache.org/maven2/org/yaml/snakeyaml/2.2/snakeyaml-2.2.jar (334 kB at 36 kB/s)
#21 115.4 [INFO] Downloading from central: https://repo.maven.apache.org/maven2/org/springframework/data/spring-data-commons/3.2.5/spring-data-commons-3.2.5.jar
#21 115.7 [INFO] Downloaded from central: https://repo.maven.apache.org/maven2/org/springframework/data/spring-data-keyvalue/3.2.5/spring-data-keyvalue-3.2.5.jar (124 kB at 13 kB/s)
#21 115.7 [INFO] Downloading from central: https://repo.maven.apache.org/maven2/org/springframework/spring-tx/6.1.6/spring-tx-6.1.6.jar
#21 115.8 [INFO] Downloaded from central: https://repo.maven.apache.org/maven2/net/bytebuddy/byte-buddy/1.14.13/byte-buddy-1.14.13.jar (4.2 MB at 440 kB/s)
#21 115.8 [INFO] Downloading from central: https://repo.maven.apache.org/maven2/org/springframework/spring-oxm/6.1.6/spring-oxm-6.1.6.jar
#21 116.2 [INFO] Downloaded from central: https://repo.maven.apache.org/maven2/org/springframework/spring-oxm/6.1.6/spring-oxm-6.1.6.jar (60 kB at 6.0 kB/s)
#21 116.2 [INFO] Downloading from central: https://repo.maven.apache.org/maven2/org/springframework/spring-context-support/6.1.6/spring-context-support-6.1.6.jar
#21 116.2 [INFO] Downloaded from central: https://repo.maven.apache.org/maven2/org/springframework/spring-tx/6.1.6/spring-tx-6.1.6.jar (285 kB at 29 kB/s)
#21 116.4 [INFO] Downloaded from central: https://repo.maven.apache.org/maven2/org/springframework/data/spring-data-commons/3.2.5/spring-data-commons-3.2.5.jar (1.4 MB at 142 kB/s)
#21 116.4 [INFO] Downloaded from central: https://repo.maven.apache.org/maven2/io/lettuce/lettuce-core/6.3.2.RELEASE/lettuce-core-6.3.2.RELEASE.jar (2.0 MB at 196 kB/s)
#21 116.5 [INFO] Downloaded from central: https://repo.maven.apache.org/maven2/org/springframework/spring-context-support/6.1.6/spring-context-support-6.1.6.jar (173 kB at 17 kB/s)
#21 116.7 [INFO] Downloaded from central: https://repo.maven.apache.org/maven2/org/springframework/data/spring-data-redis/3.2.5/spring-data-redis-3.2.5.jar (2.2 MB at 211 kB/s)
#21 116.7 [INFO] 
#21 116.7 [INFO] --- resources:3.3.1:resources (default-resources) @ common-security ---
#21 116.7 [INFO] Copying 0 resource from src/main/resources to target/classes
#21 116.7 [INFO] Copying 1 resource from src/main/resources to target/classes
#21 116.7 [INFO] 
#21 116.7 [INFO] --- compiler:3.11.0:compile (default-compile) @ common-security ---
#21 116.7 [INFO] Changes detected - recompiling the module! :dependency
#21 116.7 [INFO] Compiling 3 source files with javac [debug release 17] to target/classes
#21 118.1 [INFO] 
#21 118.1 [INFO] --- resources:3.3.1:testResources (default-testResources) @ common-security ---
#21 118.1 [INFO] skip non existing resourceDirectory /workspace/common/common-security/src/test/resources
#21 118.1 [INFO] 
#21 118.1 [INFO] --- compiler:3.11.0:testCompile (default-testCompile) @ common-security ---
#21 118.1 [INFO] No sources to compile
#21 118.1 [INFO] 
#21 118.1 [INFO] --- surefire:3.1.2:test (default-test) @ common-security ---
#21 118.1 [INFO] Tests are skipped.
#21 118.1 [INFO] 
#21 118.1 [INFO] --- jar:3.3.0:jar (default-jar) @ common-security ---
#21 118.1 [INFO] Building jar: /workspace/common/common-security/target/common-security-1.0-SNAPSHOT.jar
#21 118.1 [INFO] 
#21 118.1 [INFO] --- spring-boot:3.2.5:repackage (repackage) @ common-security ---
#21 118.1 [INFO] 
#21 118.1 [INFO] --- install:3.1.1:install (default-install) @ common-security ---
#21 118.1 [INFO] Installing /workspace/common/common-security/pom.xml to /root/.m2/repository/com/pork/common-security/1.0-SNAPSHOT/common-security-1.0-SNAPSHOT.pom
#21 118.1 [INFO] Installing /workspace/common/common-security/target/common-security-1.0-SNAPSHOT.jar to /root/.m2/repository/com/pork/common-security/1.0-SNAPSHOT/common-security-1.0-SNAPSHOT.jar
#21 118.1 [INFO] 
#21 118.1 [INFO] ------------------------< com.pork:common-web >-------------------------
#21 118.1 [INFO] Building common-web 1.0-SNAPSHOT                                   [4/6]
#21 118.1 [INFO]   from common/common-web/pom.xml
#21 118.1 [INFO] --------------------------------[ jar ]---------------------------------
#21 118.2 [INFO] Downloading from central: https://repo.maven.apache.org/maven2/com/baomidou/mybatis-plus-jsqlparser/3.5.9/mybatis-plus-jsqlparser-3.5.9.pom
#21 118.4 [INFO] Downloaded from central: https://repo.maven.apache.org/maven2/com/baomidou/mybatis-plus-jsqlparser/3.5.9/mybatis-plus-jsqlparser-3.5.9.pom (2.3 kB at 11 kB/s)
#21 118.4 [INFO] Downloading from central: https://repo.maven.apache.org/maven2/com/github/jsqlparser/jsqlparser/5.0/jsqlparser-5.0.pom
#21 118.6 [INFO] Downloaded from central: https://repo.maven.apache.org/maven2/com/github/jsqlparser/jsqlparser/5.0/jsqlparser-5.0.pom (27 kB at 136 kB/s)
#21 118.6 [INFO] Downloading from central: https://repo.maven.apache.org/maven2/com/baomidou/mybatis-plus-jsqlparser-common/3.5.9/mybatis-plus-jsqlparser-common-3.5.9.pom
#21 118.8 [INFO] Downloaded from central: https://repo.maven.apache.org/maven2/com/baomidou/mybatis-plus-jsqlparser-common/3.5.9/mybatis-plus-jsqlparser-common-3.5.9.pom (1.6 kB at 8.5 kB/s)
#21 118.8 [INFO] Downloading from central: https://repo.maven.apache.org/maven2/org/springframework/boot/spring-boot-starter-web/3.2.5/spring-boot-starter-web-3.2.5.pom
#21 119.0 [INFO] Downloaded from central: https://repo.maven.apache.org/maven2/org/springframework/boot/spring-boot-starter-web/3.2.5/spring-boot-starter-web-3.2.5.pom (2.9 kB at 15 kB/s)
#21 119.0 [INFO] Downloading from central: https://repo.maven.apache.org/maven2/org/springframework/boot/spring-boot-starter-json/3.2.5/spring-boot-starter-json-3.2.5.pom
#21 119.2 [INFO] Downloaded from central: https://repo.maven.apache.org/maven2/org/springframework/boot/spring-boot-starter-json/3.2.5/spring-boot-starter-json-3.2.5.pom (3.1 kB at 15 kB/s)
#21 119.2 [INFO] Downloading from central: https://repo.maven.apache.org/maven2/org/springframework/spring-web/6.1.6/spring-web-6.1.6.pom
#21 119.4 [INFO] Downloaded from central: https://repo.maven.apache.org/maven2/org/springframework/spring-web/6.1.6/spring-web-6.1.6.pom (2.4 kB at 12 kB/s)
#21 119.4 [INFO] Downloading from central: https://repo.maven.apache.org/maven2/com/fasterxml/jackson/datatype/jackson-datatype-jdk8/2.15.4/jackson-datatype-jdk8-2.15.4.pom
#21 119.6 [INFO] Downloaded from central: https://repo.maven.apache.org/maven2/com/fasterxml/jackson/datatype/jackson-datatype-jdk8/2.15.4/jackson-datatype-jdk8-2.15.4.pom (2.6 kB at 13 kB/s)
#21 119.6 [INFO] Downloading from central: https://repo.maven.apache.org/maven2/com/fasterxml/jackson/module/jackson-module-parameter-names/2.15.4/jackson-module-parameter-names-2.15.4.pom
#21 119.8 [INFO] Downloaded from central: https://repo.maven.apache.org/maven2/com/fasterxml/jackson/module/jackson-module-parameter-names/2.15.4/jackson-module-parameter-names-2.15.4.pom (4.4 kB at 22 kB/s)
#21 119.8 [INFO] Downloading from central: https://repo.maven.apache.org/maven2/org/springframework/boot/spring-boot-starter-tomcat/3.2.5/spring-boot-starter-tomcat-3.2.5.pom
#21 120.0 [INFO] Downloaded from central: https://repo.maven.apache.org/maven2/org/springframework/boot/spring-boot-starter-tomcat/3.2.5/spring-boot-starter-tomcat-3.2.5.pom (3.1 kB at 15 kB/s)
#21 120.0 [INFO] Downloading from central: https://repo.maven.apache.org/maven2/org/apache/tomcat/embed/tomcat-embed-core/10.1.20/tomcat-embed-core-10.1.20.pom
#21 120.2 [INFO] Downloaded from central: https://repo.maven.apache.org/maven2/org/apache/tomcat/embed/tomcat-embed-core/10.1.20/tomcat-embed-core-10.1.20.pom (1.7 kB at 9.0 kB/s)
#21 120.2 [INFO] Downloading from central: https://repo.maven.apache.org/maven2/org/apache/tomcat/embed/tomcat-embed-el/10.1.20/tomcat-embed-el-10.1.20.pom
#21 120.4 [INFO] Downloaded from central: https://repo.maven.apache.org/maven2/org/apache/tomcat/embed/tomcat-embed-el/10.1.20/tomcat-embed-el-10.1.20.pom (1.5 kB at 7.9 kB/s)
#21 120.4 [INFO] Downloading from central: https://repo.maven.apache.org/maven2/org/apache/tomcat/embed/tomcat-embed-websocket/10.1.20/tomcat-embed-websocket-10.1.20.pom
#21 120.6 [INFO] Downloaded from central: https://repo.maven.apache.org/maven2/org/apache/tomcat/embed/tomcat-embed-websocket/10.1.20/tomcat-embed-websocket-10.1.20.pom (1.7 kB at 8.8 kB/s)
#21 120.6 [INFO] Downloading from central: https://repo.maven.apache.org/maven2/org/springframework/spring-webmvc/6.1.6/spring-webmvc-6.1.6.pom
#21 120.8 [INFO] Downloaded from central: https://repo.maven.apache.org/maven2/org/springframework/spring-webmvc/6.1.6/spring-webmvc-6.1.6.pom (2.9 kB at 15 kB/s)
#21 120.8 [INFO] Downloading from central: https://repo.maven.apache.org/maven2/org/springframework/boot/spring-boot-starter-validation/3.2.5/spring-boot-starter-validation-3.2.5.pom
#21 121.0 [INFO] Downloaded from central: https://repo.maven.apache.org/maven2/org/springframework/boot/spring-boot-starter-validation/3.2.5/spring-boot-starter-validation-3.2.5.pom (2.5 kB at 13 kB/s)
#21 121.0 [INFO] Downloading from central: https://repo.maven.apache.org/maven2/org/hibernate/validator/hibernate-validator/8.0.1.Final/hibernate-validator-8.0.1.Final.pom
#21 121.2 [INFO] Downloaded from central: https://repo.maven.apache.org/maven2/org/hibernate/validator/hibernate-validator/8.0.1.Final/hibernate-validator-8.0.1.Final.pom (15 kB at 70 kB/s)
#21 121.2 [INFO] Downloading from central: https://repo.maven.apache.org/maven2/org/hibernate/validator/hibernate-validator-parent/8.0.1.Final/hibernate-validator-parent-8.0.1.Final.pom
#21 121.4 [INFO] Downloaded from central: https://repo.maven.apache.org/maven2/org/hibernate/validator/hibernate-validator-parent/8.0.1.Final/hibernate-validator-parent-8.0.1.Final.pom (81 kB at 365 kB/s)
#21 121.4 [INFO] Downloading from central: https://repo.maven.apache.org/maven2/org/jboss/arquillian/arquillian-bom/1.7.0.Alpha10/arquillian-bom-1.7.0.Alpha10.pom
#21 121.6 [INFO] Downloaded from central: https://repo.maven.apache.org/maven2/org/jboss/arquillian/arquillian-bom/1.7.0.Alpha10/arquillian-bom-1.7.0.Alpha10.pom (10 kB at 53 kB/s)
#21 121.6 [INFO] Downloading from central: https://repo.maven.apache.org/maven2/org/jboss/shrinkwrap/shrinkwrap-bom/1.2.6/shrinkwrap-bom-1.2.6.pom
#21 121.8 [INFO] Downloaded from central: https://repo.maven.apache.org/maven2/org/jboss/shrinkwrap/shrinkwrap-bom/1.2.6/shrinkwrap-bom-1.2.6.pom (4.0 kB at 21 kB/s)
#21 121.8 [INFO] Downloading from central: https://repo.maven.apache.org/maven2/org/jboss/shrinkwrap/resolver/shrinkwrap-resolver-bom/3.1.4/shrinkwrap-resolver-bom-3.1.4.pom
#21 122.0 [INFO] Downloaded from central: https://repo.maven.apache.org/maven2/org/jboss/shrinkwrap/resolver/shrinkwrap-resolver-bom/3.1.4/shrinkwrap-resolver-bom-3.1.4.pom (7.0 kB at 35 kB/s)
#21 122.0 [INFO] Downloading from central: https://repo.maven.apache.org/maven2/org/apache/maven/maven/3.6.3/maven-3.6.3.pom
#21 122.2 [INFO] Downloaded from central: https://repo.maven.apache.org/maven2/org/apache/maven/maven/3.6.3/maven-3.6.3.pom (26 kB at 136 kB/s)
#21 122.2 [INFO] Downloading from central: https://repo.maven.apache.org/maven2/org/apache/maven/maven-parent/33/maven-parent-33.pom
#21 122.4 [INFO] Downloaded from central: https://repo.maven.apache.org/maven2/org/apache/maven/maven-parent/33/maven-parent-33.pom (44 kB at 225 kB/s)
#21 122.4 [INFO] Downloading from central: https://repo.maven.apache.org/maven2/org/jboss/shrinkwrap/descriptors/shrinkwrap-descriptors-bom/2.0.0/shrinkwrap-descriptors-bom-2.0.0.pom
#21 122.6 [INFO] Downloaded from central: https://repo.maven.apache.org/maven2/org/jboss/shrinkwrap/descriptors/shrinkwrap-descriptors-bom/2.0.0/shrinkwrap-descriptors-bom-2.0.0.pom (5.2 kB at 26 kB/s)
#21 122.6 [INFO] Downloading from central: https://repo.maven.apache.org/maven2/org/jboss/logging/jboss-logging/3.5.3.Final/jboss-logging-3.5.3.Final.pom
#21 122.8 [INFO] Downloaded from central: https://repo.maven.apache.org/maven2/org/jboss/logging/jboss-logging/3.5.3.Final/jboss-logging-3.5.3.Final.pom (19 kB at 89 kB/s)
#21 122.8 [INFO] Downloading from central: https://repo.maven.apache.org/maven2/org/jboss/logging/logging-parent/1.0.1.Final/logging-parent-1.0.1.Final.pom
#21 123.1 [INFO] Downloaded from central: https://repo.maven.apache.org/maven2/org/jboss/logging/logging-parent/1.0.1.Final/logging-parent-1.0.1.Final.pom (6.0 kB at 28 kB/s)
#21 123.1 [INFO] Downloading from central: https://repo.maven.apache.org/maven2/com/fasterxml/classmate/1.6.0/classmate-1.6.0.pom
#21 123.3 [INFO] Downloaded from central: https://repo.maven.apache.org/maven2/com/fasterxml/classmate/1.6.0/classmate-1.6.0.pom (6.6 kB at 33 kB/s)
#21 123.3 [INFO] Downloading from central: https://repo.maven.apache.org/maven2/com/fasterxml/oss-parent/55/oss-parent-55.pom
#21 123.5 [INFO] Downloaded from central: https://repo.maven.apache.org/maven2/com/fasterxml/oss-parent/55/oss-parent-55.pom (24 kB at 111 kB/s)
#21 123.5 [INFO] Downloading from central: https://repo.maven.apache.org/maven2/com/github/xiaoymin/knife4j-openapi3-jakarta-spring-boot-starter/4.4.0/knife4j-openapi3-jakarta-spring-boot-starter-4.4.0.pom
#21 123.7 [INFO] Downloaded from central: https://repo.maven.apache.org/maven2/com/github/xiaoymin/knife4j-openapi3-jakarta-spring-boot-starter/4.4.0/knife4j-openapi3-jakarta-spring-boot-starter-4.4.0.pom (2.6 kB at 13 kB/s)
#21 123.7 [INFO] Downloading from central: https://repo.maven.apache.org/maven2/com/github/xiaoymin/knife4j/4.4.0/knife4j-4.4.0.pom
#21 123.9 [INFO] Downloaded from central: https://repo.maven.apache.org/maven2/com/github/xiaoymin/knife4j/4.4.0/knife4j-4.4.0.pom (15 kB at 76 kB/s)
#21 123.9 [INFO] Downloading from central: https://repo.maven.apache.org/maven2/com/github/xiaoymin/knife4j-core/4.4.0/knife4j-core-4.4.0.pom
#21 124.1 [INFO] Downloaded from central: https://repo.maven.apache.org/maven2/com/github/xiaoymin/knife4j-core/4.4.0/knife4j-core-4.4.0.pom (1.6 kB at 7.7 kB/s)
#21 124.1 [INFO] Downloading from central: https://repo.maven.apache.org/maven2/com/github/xiaoymin/knife4j-openapi3-ui/4.4.0/knife4j-openapi3-ui-4.4.0.pom
#21 124.3 [INFO] Downloaded from central: https://repo.maven.apache.org/maven2/com/github/xiaoymin/knife4j-openapi3-ui/4.4.0/knife4j-openapi3-ui-4.4.0.pom (1.1 kB at 5.3 kB/s)
#21 124.3 [INFO] Downloading from central: https://repo.maven.apache.org/maven2/org/springdoc/springdoc-openapi-starter-webmvc-ui/2.3.0/springdoc-openapi-starter-webmvc-ui-2.3.0.pom
#21 124.5 [INFO] Downloaded from central: https://repo.maven.apache.org/maven2/org/springdoc/springdoc-openapi-starter-webmvc-ui/2.3.0/springdoc-openapi-starter-webmvc-ui-2.3.0.pom (1.8 kB at 9.0 kB/s)
#21 124.5 [INFO] Downloading from central: https://repo.maven.apache.org/maven2/org/springdoc/springdoc-openapi/2.3.0/springdoc-openapi-2.3.0.pom
#21 124.7 [INFO] Downloaded from central: https://repo.maven.apache.org/maven2/org/springdoc/springdoc-openapi/2.3.0/springdoc-openapi-2.3.0.pom (10 kB at 52 kB/s)
#21 124.7 [INFO] Downloading from central: https://repo.maven.apache.org/maven2/org/springframework/boot/spring-boot-starter-parent/3.2.0/spring-boot-starter-parent-3.2.0.pom
#21 124.9 [INFO] Downloaded from central: https://repo.maven.apache.org/maven2/org/springframework/boot/spring-boot-starter-parent/3.2.0/spring-boot-starter-parent-3.2.0.pom (13 kB at 65 kB/s)
#21 124.9 [INFO] Downloading from central: https://repo.maven.apache.org/maven2/org/springframework/boot/spring-boot-dependencies/3.2.0/spring-boot-dependencies-3.2.0.pom
#21 125.1 [INFO] Downloaded from central: https://repo.maven.apache.org/maven2/org/springframework/boot/spring-boot-dependencies/3.2.0/spring-boot-dependencies-3.2.0.pom (111 kB at 538 kB/s)
#21 125.1 [INFO] Downloading from central: https://repo.maven.apache.org/maven2/io/dropwizard/metrics/metrics-bom/4.2.22/metrics-bom-4.2.22.pom
#21 125.3 [INFO] Downloaded from central: https://repo.maven.apache.org/maven2/io/dropwizard/metrics/metrics-bom/4.2.22/metrics-bom-4.2.22.pom (8.2 kB at 41 kB/s)
#21 125.3 [INFO] Downloading from central: https://repo.maven.apache.org/maven2/io/dropwizard/metrics/metrics-parent/4.2.22/metrics-parent-4.2.22.pom
#21 125.5 [INFO] Downloaded from central: https://repo.maven.apache.org/maven2/io/dropwizard/metrics/metrics-parent/4.2.22/metrics-parent-4.2.22.pom (21 kB at 93 kB/s)
#21 125.5 [INFO] Downloading from central: https://repo.maven.apache.org/maven2/org/apache/groovy/groovy-bom/4.0.15/groovy-bom-4.0.15.pom
#21 125.7 [INFO] Downloaded from central: https://repo.maven.apache.org/maven2/org/apache/groovy/groovy-bom/4.0.15/groovy-bom-4.0.15.pom (27 kB at 138 kB/s)
#21 125.7 [INFO] Downloading from central: https://repo.maven.apache.org/maven2/org/glassfish/jersey/jersey-bom/3.1.3/jersey-bom-3.1.3.pom
#21 125.9 [INFO] Downloaded from central: https://repo.maven.apache.org/maven2/org/glassfish/jersey/jersey-bom/3.1.3/jersey-bom-3.1.3.pom (19 kB at 96 kB/s)
#21 125.9 [INFO] Downloading from central: https://repo.maven.apache.org/maven2/org/eclipse/jetty/ee10/jetty-ee10-bom/12.0.3/jetty-ee10-bom-12.0.3.pom
#21 126.1 [INFO] Downloaded from central: https://repo.maven.apache.org/maven2/org/eclipse/jetty/ee10/jetty-ee10-bom/12.0.3/jetty-ee10-bom-12.0.3.pom (9.2 kB at 47 kB/s)
#21 126.1 [INFO] Downloading from central: https://repo.maven.apache.org/maven2/org/eclipse/jetty/jetty-bom/12.0.3/jetty-bom-12.0.3.pom
#21 126.4 [INFO] Downloaded from central: https://repo.maven.apache.org/maven2/org/eclipse/jetty/jetty-bom/12.0.3/jetty-bom-12.0.3.pom (14 kB at 60 kB/s)
#21 126.4 [INFO] Downloading from central: https://repo.maven.apache.org/maven2/org/jetbrains/kotlin/kotlin-bom/1.9.20/kotlin-bom-1.9.20.pom
#21 126.6 [INFO] Downloaded from central: https://repo.maven.apache.org/maven2/org/jetbrains/kotlin/kotlin-bom/1.9.20/kotlin-bom-1.9.20.pom (9.1 kB at 47 kB/s)
#21 126.6 [INFO] Downloading from central: https://repo.maven.apache.org/maven2/org/jetbrains/kotlinx/kotlinx-serialization-bom/1.6.1/kotlinx-serialization-bom-1.6.1.pom
#21 126.7 [INFO] Downloaded from central: https://repo.maven.apache.org/maven2/org/jetbrains/kotlinx/kotlinx-serialization-bom/1.6.1/kotlinx-serialization-bom-1.6.1.pom (3.8 kB at 20 kB/s)
#21 126.8 [INFO] Downloading from central: https://repo.maven.apache.org/maven2/io/micrometer/micrometer-bom/1.12.0/micrometer-bom-1.12.0.pom
#21 126.9 [INFO] Downloaded from central: https://repo.maven.apache.org/maven2/io/micrometer/micrometer-bom/1.12.0/micrometer-bom-1.12.0.pom (8.0 kB at 42 kB/s)
#21 126.9 [INFO] Downloading from central: https://repo.maven.apache.org/maven2/io/micrometer/micrometer-tracing-bom/1.2.0/micrometer-tracing-bom-1.2.0.pom
#21 127.2 [INFO] Downloaded from central: https://repo.maven.apache.org/maven2/io/micrometer/micrometer-tracing-bom/1.2.0/micrometer-tracing-bom-1.2.0.pom (4.7 kB at 22 kB/s)
#21 127.2 [INFO] Downloading from central: https://repo.maven.apache.org/maven2/io/netty/netty-bom/4.1.101.Final/netty-bom-4.1.101.Final.pom
#21 127.4 [INFO] Downloaded from central: https://repo.maven.apache.org/maven2/io/netty/netty-bom/4.1.101.Final/netty-bom-4.1.101.Final.pom (13 kB at 67 kB/s)
#21 127.4 [INFO] Downloading from central: https://repo.maven.apache.org/maven2/com/oracle/database/jdbc/ojdbc-bom/23.3.0.23.09/ojdbc-bom-23.3.0.23.09.pom
#21 127.6 [INFO] Downloaded from central: https://repo.maven.apache.org/maven2/com/oracle/database/jdbc/ojdbc-bom/23.3.0.23.09/ojdbc-bom-23.3.0.23.09.pom (7.2 kB at 37 kB/s)
#21 127.6 [INFO] Downloading from central: https://repo.maven.apache.org/maven2/io/projectreactor/reactor-bom/2023.0.0/reactor-bom-2023.0.0.pom
#21 127.7 [INFO] Downloaded from central: https://repo.maven.apache.org/maven2/io/projectreactor/reactor-bom/2023.0.0/reactor-bom-2023.0.0.pom (4.8 kB at 24 kB/s)
#21 127.8 [INFO] Downloading from central: https://repo.maven.apache.org/maven2/org/springframework/amqp/spring-amqp-bom/3.1.0/spring-amqp-bom-3.1.0.pom
#21 127.9 [INFO] Downloaded from central: https://repo.maven.apache.org/maven2/org/springframework/amqp/spring-amqp-bom/3.1.0/spring-amqp-bom-3.1.0.pom (3.4 kB at 17 kB/s)
#21 127.9 [INFO] Downloading from central: https://repo.maven.apache.org/maven2/org/springframework/data/spring-data-bom/2023.1.0/spring-data-bom-2023.1.0.pom
#21 128.2 [INFO] Downloaded from central: https://repo.maven.apache.org/maven2/org/springframework/data/spring-data-bom/2023.1.0/spring-data-bom-2023.1.0.pom (5.5 kB at 27 kB/s)
#21 128.2 [INFO] Downloading from central: https://repo.maven.apache.org/maven2/org/springframework/spring-framework-bom/6.1.1/spring-framework-bom-6.1.1.pom
#21 128.4 [INFO] Downloaded from central: https://repo.maven.apache.org/maven2/org/springframework/spring-framework-bom/6.1.1/spring-framework-bom-6.1.1.pom (5.8 kB at 28 kB/s)
#21 128.4 [INFO] Downloading from central: https://repo.maven.apache.org/maven2/org/springframework/integration/spring-integration-bom/6.2.0/spring-integration-bom-6.2.0.pom
#21 128.6 [INFO] Downloaded from central: https://repo.maven.apache.org/maven2/org/springframework/integration/spring-integration-bom/6.2.0/spring-integration-bom-6.2.0.pom (10 kB at 53 kB/s)
#21 128.6 [INFO] Downloading from central: https://repo.maven.apache.org/maven2/org/springframework/security/spring-security-bom/6.2.0/spring-security-bom-6.2.0.pom
#21 128.8 [INFO] Downloaded from central: https://repo.maven.apache.org/maven2/org/springframework/security/spring-security-bom/6.2.0/spring-security-bom-6.2.0.pom (5.3 kB at 28 kB/s)
#21 128.8 [INFO] Downloading from central: https://repo.maven.apache.org/maven2/org/springframework/session/spring-session-bom/3.2.0/spring-session-bom-3.2.0.pom
#21 128.9 [INFO] Downloaded from central: https://repo.maven.apache.org/maven2/org/springframework/session/spring-session-bom/3.2.0/spring-session-bom-3.2.0.pom (2.9 kB at 15 kB/s)
#21 129.0 [INFO] Downloading from central: https://repo.maven.apache.org/maven2/org/springframework/ws/spring-ws-bom/4.0.8/spring-ws-bom-4.0.8.pom
#21 129.1 [INFO] Downloaded from central: https://repo.maven.apache.org/maven2/org/springframework/ws/spring-ws-bom/4.0.8/spring-ws-bom-4.0.8.pom (3.5 kB at 18 kB/s)
#21 129.2 [INFO] Downloading from central: https://repo.maven.apache.org/maven2/org/springdoc/springdoc-openapi-starter-webmvc-api/2.3.0/springdoc-openapi-starter-webmvc-api-2.3.0.pom
#21 129.4 [INFO] Downloaded from central: https://repo.maven.apache.org/maven2/org/springdoc/springdoc-openapi-starter-webmvc-api/2.3.0/springdoc-openapi-starter-webmvc-api-2.3.0.pom (1.8 kB at 8.8 kB/s)
#21 129.4 [INFO] Downloading from central: https://repo.maven.apache.org/maven2/org/springdoc/springdoc-openapi-starter-common/2.3.0/springdoc-openapi-starter-common-2.3.0.pom
#21 129.6 [INFO] Downloaded from central: https://repo.maven.apache.org/maven2/org/springdoc/springdoc-openapi-starter-common/2.3.0/springdoc-openapi-starter-common-2.3.0.pom (4.5 kB at 21 kB/s)
#21 129.6 [INFO] Downloading from central: https://repo.maven.apache.org/maven2/io/swagger/core/v3/swagger-core-jakarta/2.2.19/swagger-core-jakarta-2.2.19.pom
#21 129.8 [INFO] Downloaded from central: https://repo.maven.apache.org/maven2/io/swagger/core/v3/swagger-core-jakarta/2.2.19/swagger-core-jakarta-2.2.19.pom (3.0 kB at 15 kB/s)
#21 129.8 [INFO] Downloading from central: https://repo.maven.apache.org/maven2/io/swagger/core/v3/swagger-project-jakarta/2.2.19/swagger-project-jakarta-2.2.19.pom
#21 130.0 [INFO] Downloaded from central: https://repo.maven.apache.org/maven2/io/swagger/core/v3/swagger-project-jakarta/2.2.19/swagger-project-jakarta-2.2.19.pom (27 kB at 137 kB/s)
#21 130.0 [INFO] Downloading from central: https://repo.maven.apache.org/maven2/org/apache/commons/commons-lang3/3.13.0/commons-lang3-3.13.0.pom
#21 130.2 [INFO] Downloaded from central: https://repo.maven.apache.org/maven2/org/apache/commons/commons-lang3/3.13.0/commons-lang3-3.13.0.pom (31 kB at 159 kB/s)
#21 130.2 [INFO] Downloading from central: https://repo.maven.apache.org/maven2/io/swagger/core/v3/swagger-annotations-jakarta/2.2.19/swagger-annotations-jakarta-2.2.19.pom
#21 130.4 [INFO] Downloaded from central: https://repo.maven.apache.org/maven2/io/swagger/core/v3/swagger-annotations-jakarta/2.2.19/swagger-annotations-jakarta-2.2.19.pom (709 B at 3.7 kB/s)
#21 130.4 [INFO] Downloading from central: https://repo.maven.apache.org/maven2/io/swagger/core/v3/swagger-models-jakarta/2.2.19/swagger-models-jakarta-2.2.19.pom
#21 130.6 [INFO] Downloaded from central: https://repo.maven.apache.org/maven2/io/swagger/core/v3/swagger-models-jakarta/2.2.19/swagger-models-jakarta-2.2.19.pom (857 B at 4.3 kB/s)
#21 130.6 [INFO] Downloading from central: https://repo.maven.apache.org/maven2/jakarta/xml/bind/jakarta.xml.bind-api/4.0.2/jakarta.xml.bind-api-4.0.2.pom
#21 130.8 [INFO] Downloaded from central: https://repo.maven.apache.org/maven2/jakarta/xml/bind/jakarta.xml.bind-api/4.0.2/jakarta.xml.bind-api-4.0.2.pom (13 kB at 66 kB/s)
#21 130.8 [INFO] Downloading from central: https://repo.maven.apache.org/maven2/jakarta/xml/bind/jakarta.xml.bind-api-parent/4.0.2/jakarta.xml.bind-api-parent-4.0.2.pom
#21 131.0 [INFO] Downloaded from central: https://repo.maven.apache.org/maven2/jakarta/xml/bind/jakarta.xml.bind-api-parent/4.0.2/jakarta.xml.bind-api-parent-4.0.2.pom (9.1 kB at 46 kB/s)
#21 131.0 [INFO] Downloading from central: https://repo.maven.apache.org/maven2/jakarta/activation/jakarta.activation-api/2.1.3/jakarta.activation-api-2.1.3.pom
#21 131.2 [INFO] Downloaded from central: https://repo.maven.apache.org/maven2/jakarta/activation/jakarta.activation-api/2.1.3/jakarta.activation-api-2.1.3.pom (19 kB at 78 kB/s)
#21 131.2 [INFO] Downloading from central: https://repo.maven.apache.org/maven2/org/webjars/swagger-ui/5.10.3/swagger-ui-5.10.3.pom
#21 131.5 [INFO] Downloaded from central: https://repo.maven.apache.org/maven2/org/webjars/swagger-ui/5.10.3/swagger-ui-5.10.3.pom (6.2 kB at 24 kB/s)
#21 131.5 [INFO] Downloading from central: https://repo.maven.apache.org/maven2/com/baomidou/mybatis-plus-jsqlparser/3.5.9/mybatis-plus-jsqlparser-3.5.9.jar
#21 131.8 [INFO] Downloaded from central: https://repo.maven.apache.org/maven2/com/baomidou/mybatis-plus-jsqlparser/3.5.9/mybatis-plus-jsqlparser-3.5.9.jar (88 kB at 289 kB/s)
#21 131.8 [INFO] Downloading from central: https://repo.maven.apache.org/maven2/com/github/jsqlparser/jsqlparser/5.0/jsqlparser-5.0.jar
#21 131.8 [INFO] Downloading from central: https://repo.maven.apache.org/maven2/com/baomidou/mybatis-plus-jsqlparser-common/3.5.9/mybatis-plus-jsqlparser-common-3.5.9.jar
#21 131.8 [INFO] Downloading from central: https://repo.maven.apache.org/maven2/org/springframework/boot/spring-boot-starter-web/3.2.5/spring-boot-starter-web-3.2.5.jar
#21 131.8 [INFO] Downloading from central: https://repo.maven.apache.org/maven2/org/springframework/boot/spring-boot-starter-json/3.2.5/spring-boot-starter-json-3.2.5.jar
#21 131.8 [INFO] Downloading from central: https://repo.maven.apache.org/maven2/com/fasterxml/jackson/datatype/jackson-datatype-jdk8/2.15.4/jackson-datatype-jdk8-2.15.4.jar
#21 132.1 [INFO] Downloaded from central: https://repo.maven.apache.org/maven2/org/springframework/boot/spring-boot-starter-web/3.2.5/spring-boot-starter-web-3.2.5.jar (4.8 kB at 18 kB/s)
#21 132.1 [INFO] Downloaded from central: https://repo.maven.apache.org/maven2/com/baomidou/mybatis-plus-jsqlparser-common/3.5.9/mybatis-plus-jsqlparser-common-3.5.9.jar (5.8 kB at 22 kB/s)
#21 132.1 [INFO] Downloading from central: https://repo.maven.apache.org/maven2/com/fasterxml/jackson/module/jackson-module-parameter-names/2.15.4/jackson-module-parameter-names-2.15.4.jar
#21 132.1 [INFO] Downloading from central: https://repo.maven.apache.org/maven2/org/springframework/boot/spring-boot-starter-tomcat/3.2.5/spring-boot-starter-tomcat-3.2.5.jar
#21 132.1 [INFO] Downloaded from central: https://repo.maven.apache.org/maven2/org/springframework/boot/spring-boot-starter-json/3.2.5/spring-boot-starter-json-3.2.5.jar (4.7 kB at 18 kB/s)
#21 132.1 [INFO] Downloading from central: https://repo.maven.apache.org/maven2/org/apache/tomcat/embed/tomcat-embed-core/10.1.20/tomcat-embed-core-10.1.20.jar
#21 132.1 [INFO] Downloaded from central: https://repo.maven.apache.org/maven2/com/fasterxml/jackson/datatype/jackson-datatype-jdk8/2.15.4/jackson-datatype-jdk8-2.15.4.jar (36 kB at 134 kB/s)
#21 132.1 [INFO] Downloading from central: https://repo.maven.apache.org/maven2/org/apache/tomcat/embed/tomcat-embed-websocket/10.1.20/tomcat-embed-websocket-10.1.20.jar
#21 132.3 [INFO] Downloaded from central: https://repo.maven.apache.org/maven2/org/springframework/boot/spring-boot-starter-tomcat/3.2.5/spring-boot-starter-tomcat-3.2.5.jar (4.8 kB at 10 kB/s)
#21 132.3 [INFO] Downloading from central: https://repo.maven.apache.org/maven2/org/springframework/spring-web/6.1.6/spring-web-6.1.6.jar
#21 132.3 [INFO] Downloaded from central: https://repo.maven.apache.org/maven2/com/fasterxml/jackson/module/jackson-module-parameter-names/2.15.4/jackson-module-parameter-names-2.15.4.jar (10 kB at 21 kB/s)
#21 132.3 [INFO] Downloading from central: https://repo.maven.apache.org/maven2/org/springframework/spring-webmvc/6.1.6/spring-webmvc-6.1.6.jar
#21 132.8 [INFO] Downloaded from central: https://repo.maven.apache.org/maven2/org/apache/tomcat/embed/tomcat-embed-websocket/10.1.20/tomcat-embed-websocket-10.1.20.jar (282 kB at 278 kB/s)
#21 132.8 [INFO] Downloading from central: https://repo.maven.apache.org/maven2/org/springframework/boot/spring-boot-starter-validation/3.2.5/spring-boot-starter-validation-3.2.5.jar
#21 132.8 [INFO] Downloaded from central: https://repo.maven.apache.org/maven2/com/github/jsqlparser/jsqlparser/5.0/jsqlparser-5.0.jar (1.1 MB at 1.1 MB/s)
#21 132.8 [INFO] Downloading from central: https://repo.maven.apache.org/maven2/org/apache/tomcat/embed/tomcat-embed-el/10.1.20/tomcat-embed-el-10.1.20.jar
#21 133.4 [INFO] Downloaded from central: https://repo.maven.apache.org/maven2/org/apache/tomcat/embed/tomcat-embed-el/10.1.20/tomcat-embed-el-10.1.20.jar (261 kB at 162 kB/s)
#21 133.4 [INFO] Downloading from central: https://repo.maven.apache.org/maven2/org/hibernate/validator/hibernate-validator/8.0.1.Final/hibernate-validator-8.0.1.Final.jar
#21 133.7 [INFO] Downloaded from central: https://repo.maven.apache.org/maven2/org/springframework/spring-webmvc/6.1.6/spring-webmvc-6.1.6.jar (1.0 MB at 549 kB/s)
#21 133.7 [INFO] Downloading from central: https://repo.maven.apache.org/maven2/org/jboss/logging/jboss-logging/3.5.3.Final/jboss-logging-3.5.3.Final.jar
#21 133.8 [INFO] Downloaded from central: https://repo.maven.apache.org/maven2/org/apache/tomcat/embed/tomcat-embed-core/10.1.20/tomcat-embed-core-10.1.20.jar (3.5 MB at 1.8 MB/s)
#21 133.8 [INFO] Downloading from central: https://repo.maven.apache.org/maven2/com/fasterxml/classmate/1.6.0/classmate-1.6.0.jar
#21 133.8 [INFO] Downloaded from central: https://repo.maven.apache.org/maven2/org/springframework/spring-web/6.1.6/spring-web-6.1.6.jar (1.9 MB at 951 kB/s)
#21 133.8 [INFO] Downloading from central: https://repo.maven.apache.org/maven2/com/github/xiaoymin/knife4j-openapi3-jakarta-spring-boot-starter/4.4.0/knife4j-openapi3-jakarta-spring-boot-starter-4.4.0.jar
#21 134.0 [INFO] Downloaded from central: https://repo.maven.apache.org/maven2/org/jboss/logging/jboss-logging/3.5.3.Final/jboss-logging-3.5.3.Final.jar (59 kB at 27 kB/s)
#21 134.0 [INFO] Downloading from central: https://repo.maven.apache.org/maven2/com/github/xiaoymin/knife4j-core/4.4.0/knife4j-core-4.4.0.jar
#21 134.1 [INFO] Downloaded from central: https://repo.maven.apache.org/maven2/com/fasterxml/classmate/1.6.0/classmate-1.6.0.jar (69 kB at 30 kB/s)
#21 134.1 [INFO] Downloading from central: https://repo.maven.apache.org/maven2/com/github/xiaoymin/knife4j-openapi3-ui/4.4.0/knife4j-openapi3-ui-4.4.0.jar
#21 134.1 [INFO] Downloaded from central: https://repo.maven.apache.org/maven2/com/github/xiaoymin/knife4j-openapi3-jakarta-spring-boot-starter/4.4.0/knife4j-openapi3-jakarta-spring-boot-starter-4.4.0.jar (39 kB at 17 kB/s)
#21 134.1 [INFO] Downloading from central: https://repo.maven.apache.org/maven2/org/springdoc/springdoc-openapi-starter-webmvc-ui/2.3.0/springdoc-openapi-starter-webmvc-ui-2.3.0.jar
#21 134.2 [INFO] Downloaded from central: https://repo.maven.apache.org/maven2/com/github/xiaoymin/knife4j-core/4.4.0/knife4j-core-4.4.0.jar (59 kB at 24 kB/s)
#21 134.2 [INFO] Downloading from central: https://repo.maven.apache.org/maven2/org/springdoc/springdoc-openapi-starter-webmvc-api/2.3.0/springdoc-openapi-starter-webmvc-api-2.3.0.jar
#21 134.2 [INFO] Downloaded from central: https://repo.maven.apache.org/maven2/org/springframework/boot/spring-boot-starter-validation/3.2.5/spring-boot-starter-validation-3.2.5.jar (4.8 kB at 2.0 kB/s)
#21 134.2 [INFO] Downloading from central: https://repo.maven.apache.org/maven2/org/springdoc/springdoc-openapi-starter-common/2.3.0/springdoc-openapi-starter-common-2.3.0.jar
#21 134.3 [INFO] Downloaded from central: https://repo.maven.apache.org/maven2/org/hibernate/validator/hibernate-validator/8.0.1.Final/hibernate-validator-8.0.1.Final.jar (1.3 MB at 528 kB/s)
#21 134.3 [INFO] Downloading from central: https://repo.maven.apache.org/maven2/io/swagger/core/v3/swagger-core-jakarta/2.2.19/swagger-core-jakarta-2.2.19.jar
#21 134.3 [INFO] Downloaded from central: https://repo.maven.apache.org/maven2/org/springdoc/springdoc-openapi-starter-webmvc-ui/2.3.0/springdoc-openapi-starter-webmvc-ui-2.3.0.jar (23 kB at 9.2 kB/s)
#21 134.3 [INFO] Downloading from central: https://repo.maven.apache.org/maven2/org/apache/commons/commons-lang3/3.13.0/commons-lang3-3.13.0.jar
#21 134.5 [INFO] Downloaded from central: https://repo.maven.apache.org/maven2/org/springdoc/springdoc-openapi-starter-webmvc-api/2.3.0/springdoc-openapi-starter-webmvc-api-2.3.0.jar (42 kB at 16 kB/s)
#21 134.5 [INFO] Downloading from central: https://repo.maven.apache.org/maven2/io/swagger/core/v3/swagger-annotations-jakarta/2.2.19/swagger-annotations-jakarta-2.2.19.jar
#21 134.7 [INFO] Downloaded from central: https://repo.maven.apache.org/maven2/io/swagger/core/v3/swagger-core-jakarta/2.2.19/swagger-core-jakarta-2.2.19.jar (227 kB at 80 kB/s)
#21 134.7 [INFO] Downloading from central: https://repo.maven.apache.org/maven2/io/swagger/core/v3/swagger-models-jakarta/2.2.19/swagger-models-jakarta-2.2.19.jar
#21 134.8 [INFO] Downloaded from central: https://repo.maven.apache.org/maven2/io/swagger/core/v3/swagger-annotations-jakarta/2.2.19/swagger-annotations-jakarta-2.2.19.jar (49 kB at 16 kB/s)
#21 134.8 [INFO] Downloading from central: https://repo.maven.apache.org/maven2/jakarta/xml/bind/jakarta.xml.bind-api/4.0.2/jakarta.xml.bind-api-4.0.2.jar
#21 134.9 [INFO] Downloaded from central: https://repo.maven.apache.org/maven2/org/springdoc/springdoc-openapi-starter-common/2.3.0/springdoc-openapi-starter-common-2.3.0.jar (472 kB at 155 kB/s)
#21 134.9 [INFO] Downloading from central: https://repo.maven.apache.org/maven2/jakarta/activation/jakarta.activation-api/2.1.3/jakarta.activation-api-2.1.3.jar
#21 134.9 [INFO] Downloaded from central: https://repo.maven.apache.org/maven2/org/apache/commons/commons-lang3/3.13.0/commons-lang3-3.13.0.jar (632 kB at 207 kB/s)
#21 134.9 [INFO] Downloading from central: https://repo.maven.apache.org/maven2/org/webjars/swagger-ui/5.10.3/swagger-ui-5.10.3.jar
#21 135.0 [INFO] Downloaded from central: https://repo.maven.apache.org/maven2/io/swagger/core/v3/swagger-models-jakarta/2.2.19/swagger-models-jakarta-2.2.19.jar (135 kB at 42 kB/s)
#21 135.1 [INFO] Downloaded from central: https://repo.maven.apache.org/maven2/jakarta/activation/jakarta.activation-api/2.1.3/jakarta.activation-api-2.1.3.jar (67 kB at 20 kB/s)
#21 135.1 [INFO] Downloaded from central: https://repo.maven.apache.org/maven2/jakarta/xml/bind/jakarta.xml.bind-api/4.0.2/jakarta.xml.bind-api-4.0.2.jar (131 kB at 39 kB/s)
#21 135.2 [INFO] Downloaded from central: https://repo.maven.apache.org/maven2/com/github/xiaoymin/knife4j-openapi3-ui/4.4.0/knife4j-openapi3-ui-4.4.0.jar (3.6 MB at 1.1 MB/s)
#21 137.5 [INFO] Downloaded from central: https://repo.maven.apache.org/maven2/org/webjars/swagger-ui/5.10.3/swagger-ui-5.10.3.jar (4.0 MB at 708 kB/s)
#21 137.5 [INFO] 
#21 137.5 [INFO] --- resources:3.3.1:resources (default-resources) @ common-web ---
#21 137.5 [INFO] Copying 0 resource from src/main/resources to target/classes
#21 137.5 [INFO] Copying 1 resource from src/main/resources to target/classes
#21 137.5 [INFO] 
#21 137.5 [INFO] --- compiler:3.11.0:compile (default-compile) @ common-web ---
#21 137.5 [INFO] Changes detected - recompiling the module! :dependency
#21 137.5 [INFO] Compiling 8 source files with javac [debug release 17] to target/classes
#21 138.2 [INFO] 
#21 138.2 [INFO] --- resources:3.3.1:testResources (default-testResources) @ common-web ---
#21 138.2 [INFO] skip non existing resourceDirectory /workspace/common/common-web/src/test/resources
#21 138.2 [INFO] 
#21 138.2 [INFO] --- compiler:3.11.0:testCompile (default-testCompile) @ common-web ---
#21 138.3 [INFO] No sources to compile
#21 138.3 [INFO] 
#21 138.3 [INFO] --- surefire:3.1.2:test (default-test) @ common-web ---
#21 138.3 [INFO] Tests are skipped.
#21 138.3 [INFO] 
#21 138.3 [INFO] --- jar:3.3.0:jar (default-jar) @ common-web ---
#21 138.3 [INFO] Building jar: /workspace/common/common-web/target/common-web-1.0-SNAPSHOT.jar
#21 138.3 [INFO] 
#21 138.3 [INFO] --- spring-boot:3.2.5:repackage (repackage) @ common-web ---
#21 138.3 [INFO] 
#21 138.3 [INFO] --- install:3.1.1:install (default-install) @ common-web ---
#21 138.3 [INFO] Installing /workspace/common/common-web/pom.xml to /root/.m2/repository/com/pork/common-web/1.0-SNAPSHOT/common-web-1.0-SNAPSHOT.pom
#21 138.3 [INFO] Installing /workspace/common/common-web/target/common-web-1.0-SNAPSHOT.jar to /root/.m2/repository/com/pork/common-web/1.0-SNAPSHOT/common-web-1.0-SNAPSHOT.jar
#21 138.3 [INFO] 
#21 138.3 [INFO] -------------------------< com.pork:common-mq >-------------------------
#21 138.3 [INFO] Building common-mq 1.0-SNAPSHOT                                    [5/6]
#21 138.3 [INFO]   from common/common-mq/pom.xml
#21 138.3 [INFO] --------------------------------[ jar ]---------------------------------
#21 138.3 [INFO] Downloading from central: https://repo.maven.apache.org/maven2/org/springframework/boot/spring-boot-starter-amqp/3.2.5/spring-boot-starter-amqp-3.2.5.pom
#21 138.5 [INFO] Downloaded from central: https://repo.maven.apache.org/maven2/org/springframework/boot/spring-boot-starter-amqp/3.2.5/spring-boot-starter-amqp-3.2.5.pom (2.5 kB at 13 kB/s)
#21 138.5 [INFO] Downloading from central: https://repo.maven.apache.org/maven2/org/springframework/spring-messaging/6.1.6/spring-messaging-6.1.6.pom
#21 138.7 [INFO] Downloaded from central: https://repo.maven.apache.org/maven2/org/springframework/spring-messaging/6.1.6/spring-messaging-6.1.6.pom (2.2 kB at 12 kB/s)
#21 138.7 [INFO] Downloading from central: https://repo.maven.apache.org/maven2/org/springframework/amqp/spring-rabbit/3.1.4/spring-rabbit-3.1.4.pom
#21 138.9 [INFO] Downloaded from central: https://repo.maven.apache.org/maven2/org/springframework/amqp/spring-rabbit/3.1.4/spring-rabbit-3.1.4.pom (7.0 kB at 32 kB/s)
#21 138.9 [INFO] Downloading from central: https://repo.maven.apache.org/maven2/org/springframework/amqp/spring-amqp/3.1.4/spring-amqp-3.1.4.pom
#21 139.1 [INFO] Downloaded from central: https://repo.maven.apache.org/maven2/org/springframework/amqp/spring-amqp/3.1.4/spring-amqp-3.1.4.pom (7.1 kB at 37 kB/s)
#21 139.1 [INFO] Downloading from central: https://repo.maven.apache.org/maven2/org/springframework/retry/spring-retry/2.0.5/spring-retry-2.0.5.pom
#21 139.3 [INFO] Downloaded from central: https://repo.maven.apache.org/maven2/org/springframework/retry/spring-retry/2.0.5/spring-retry-2.0.5.pom (8.8 kB at 42 kB/s)
#21 139.3 [INFO] Downloading from central: https://repo.maven.apache.org/maven2/org/springframework/spring-framework-bom/6.0.15/spring-framework-bom-6.0.15.pom
#21 139.5 [INFO] Downloaded from central: https://repo.maven.apache.org/maven2/org/springframework/spring-framework-bom/6.0.15/spring-framework-bom-6.0.15.pom (5.8 kB at 31 kB/s)
#21 139.5 [INFO] Downloading from central: https://repo.maven.apache.org/maven2/com/rabbitmq/amqp-client/5.19.0/amqp-client-5.19.0.pom
#21 139.7 [INFO] Downloaded from central: https://repo.maven.apache.org/maven2/com/rabbitmq/amqp-client/5.19.0/amqp-client-5.19.0.pom (41 kB at 209 kB/s)
#21 139.7 [INFO] Downloading from central: https://repo.maven.apache.org/maven2/org/springframework/boot/spring-boot-starter-amqp/3.2.5/spring-boot-starter-amqp-3.2.5.jar
#21 139.9 [INFO] Downloaded from central: https://repo.maven.apache.org/maven2/org/springframework/boot/spring-boot-starter-amqp/3.2.5/spring-boot-starter-amqp-3.2.5.jar (4.8 kB at 24 kB/s)
#21 139.9 [INFO] Downloading from central: https://repo.maven.apache.org/maven2/org/springframework/spring-messaging/6.1.6/spring-messaging-6.1.6.jar
#21 139.9 [INFO] Downloading from central: https://repo.maven.apache.org/maven2/org/springframework/amqp/spring-rabbit/3.1.4/spring-rabbit-3.1.4.jar
#21 139.9 [INFO] Downloading from central: https://repo.maven.apache.org/maven2/org/springframework/amqp/spring-amqp/3.1.4/spring-amqp-3.1.4.jar
#21 139.9 [INFO] Downloading from central: https://repo.maven.apache.org/maven2/org/springframework/retry/spring-retry/2.0.5/spring-retry-2.0.5.jar
#21 139.9 [INFO] Downloading from central: https://repo.maven.apache.org/maven2/com/rabbitmq/amqp-client/5.19.0/amqp-client-5.19.0.jar
#21 140.3 [INFO] Downloaded from central: https://repo.maven.apache.org/maven2/org/springframework/retry/spring-retry/2.0.5/spring-retry-2.0.5.jar (155 kB at 446 kB/s)
#21 140.3 [INFO] Downloaded from central: https://repo.maven.apache.org/maven2/org/springframework/amqp/spring-amqp/3.1.4/spring-amqp-3.1.4.jar (159 kB at 389 kB/s)
#21 140.4 [INFO] Downloaded from central: https://repo.maven.apache.org/maven2/org/springframework/amqp/spring-rabbit/3.1.4/spring-rabbit-3.1.4.jar (620 kB at 1.4 MB/s)
#21 140.4 [INFO] Downloaded from central: https://repo.maven.apache.org/maven2/org/springframework/spring-messaging/6.1.6/spring-messaging-6.1.6.jar (615 kB at 1.2 MB/s)
#21 140.5 [INFO] Downloaded from central: https://repo.maven.apache.org/maven2/com/rabbitmq/amqp-client/5.19.0/amqp-client-5.19.0.jar (697 kB at 1.3 MB/s)
#21 140.5 [INFO] 
#21 140.5 [INFO] --- resources:3.3.1:resources (default-resources) @ common-mq ---
#21 140.5 [INFO] Copying 0 resource from src/main/resources to target/classes
#21 140.5 [INFO] Copying 1 resource from src/main/resources to target/classes
#21 140.5 [INFO] 
#21 140.5 [INFO] --- compiler:3.11.0:compile (default-compile) @ common-mq ---
#21 140.5 [INFO] Changes detected - recompiling the module! :dependency
#21 140.5 [INFO] Compiling 6 source files with javac [debug release 17] to target/classes
#21 141.3 [INFO] 
#21 141.3 [INFO] --- resources:3.3.1:testResources (default-testResources) @ common-mq ---
#21 141.3 [INFO] skip non existing resourceDirectory /workspace/common/common-mq/src/test/resources
#21 141.3 [INFO] 
#21 141.3 [INFO] --- compiler:3.11.0:testCompile (default-testCompile) @ common-mq ---
#21 141.3 [INFO] No sources to compile
#21 141.3 [INFO] 
#21 141.3 [INFO] --- surefire:3.1.2:test (default-test) @ common-mq ---
#21 141.3 [INFO] Tests are skipped.
#21 141.3 [INFO] 
#21 141.3 [INFO] --- jar:3.3.0:jar (default-jar) @ common-mq ---
#21 141.3 [INFO] Building jar: /workspace/common/common-mq/target/common-mq-1.0-SNAPSHOT.jar
#21 141.3 [INFO] 
#21 141.3 [INFO] --- spring-boot:3.2.5:repackage (repackage) @ common-mq ---
#21 141.3 [INFO] 
#21 141.3 [INFO] --- install:3.1.1:install (default-install) @ common-mq ---
#21 141.3 [INFO] Installing /workspace/common/common-mq/pom.xml to /root/.m2/repository/com/pork/common-mq/1.0-SNAPSHOT/common-mq-1.0-SNAPSHOT.pom
#21 141.3 [INFO] Installing /workspace/common/common-mq/target/common-mq-1.0-SNAPSHOT.jar to /root/.m2/repository/com/pork/common-mq/1.0-SNAPSHOT/common-mq-1.0-SNAPSHOT.jar
#21 141.3 [INFO] 
#21 141.3 [INFO] ---------------------< com.pork:breeding-service >----------------------
#21 141.3 [INFO] Building breeding-service 1.0-SNAPSHOT                             [6/6]
#21 141.3 [INFO]   from breeding-service/pom.xml
#21 141.3 [INFO] --------------------------------[ jar ]---------------------------------
#21 141.3 [INFO] Downloading from central: https://repo.maven.apache.org/maven2/com/alibaba/cloud/spring-cloud-starter-alibaba-nacos-discovery/2023.0.1.0/spring-cloud-starter-alibaba-nacos-discovery-2023.0.1.0.pom
#21 141.6 [INFO] Downloaded from central: https://repo.maven.apache.org/maven2/com/alibaba/cloud/spring-cloud-starter-alibaba-nacos-discovery/2023.0.1.0/spring-cloud-starter-alibaba-nacos-discovery-2023.0.1.0.pom (5.4 kB at 25 kB/s)
#21 141.6 [INFO] Downloading from central: https://repo.maven.apache.org/maven2/com/alibaba/cloud/spring-cloud-alibaba-starters/2023.0.1.0/spring-cloud-alibaba-starters-2023.0.1.0.pom
#21 141.8 [INFO] Downloaded from central: https://repo.maven.apache.org/maven2/com/alibaba/cloud/spring-cloud-alibaba-starters/2023.0.1.0/spring-cloud-alibaba-starters-2023.0.1.0.pom (2.6 kB at 13 kB/s)
#21 141.8 [INFO] Downloading from central: https://repo.maven.apache.org/maven2/com/alibaba/cloud/spring-cloud-alibaba/2023.0.1.0/spring-cloud-alibaba-2023.0.1.0.pom
#21 142.0 [INFO] Downloaded from central: https://repo.maven.apache.org/maven2/com/alibaba/cloud/spring-cloud-alibaba/2023.0.1.0/spring-cloud-alibaba-2023.0.1.0.pom (2.4 kB at 12 kB/s)
#21 142.0 [INFO] Downloading from central: https://repo.maven.apache.org/maven2/org/springframework/cloud/spring-cloud-build/4.1.0/spring-cloud-build-4.1.0.pom
#21 142.2 [INFO] Downloaded from central: https://repo.maven.apache.org/maven2/org/springframework/cloud/spring-cloud-build/4.1.0/spring-cloud-build-4.1.0.pom (50 kB at 234 kB/s)
#21 142.2 [INFO] Downloading from central: https://repo.maven.apache.org/maven2/org/springframework/cloud/spring-cloud-build-dependencies/4.1.0/spring-cloud-build-dependencies-4.1.0.pom
#21 142.4 [INFO] Downloaded from central: https://repo.maven.apache.org/maven2/org/springframework/cloud/spring-cloud-build-dependencies/4.1.0/spring-cloud-build-dependencies-4.1.0.pom (3.2 kB at 15 kB/s)
#21 142.4 [INFO] Downloading from central: https://repo.maven.apache.org/maven2/com/alibaba/cloud/spring-cloud-alibaba-commons/2023.0.1.0/spring-cloud-alibaba-commons-2023.0.1.0.pom
#21 142.6 [INFO] Downloaded from central: https://repo.maven.apache.org/maven2/com/alibaba/cloud/spring-cloud-alibaba-commons/2023.0.1.0/spring-cloud-alibaba-commons-2023.0.1.0.pom (2.7 kB at 12 kB/s)
#21 142.6 [INFO] Downloading from central: https://repo.maven.apache.org/maven2/com/alibaba/nacos/nacos-client/2.3.2/nacos-client-2.3.2.pom
#21 142.8 [INFO] Downloaded from central: https://repo.maven.apache.org/maven2/com/alibaba/nacos/nacos-client/2.3.2/nacos-client-2.3.2.pom (3.0 kB at 14 kB/s)
#21 142.8 [INFO] Downloading from central: https://repo.maven.apache.org/maven2/com/alibaba/nacos/nacos-auth-plugin/2.3.2/nacos-auth-plugin-2.3.2.pom
#21 143.0 [INFO] Downloaded from central: https://repo.maven.apache.org/maven2/com/alibaba/nacos/nacos-auth-plugin/2.3.2/nacos-auth-plugin-2.3.2.pom (1.4 kB at 7.0 kB/s)
#21 143.0 [INFO] Downloading from central: https://repo.maven.apache.org/maven2/com/alibaba/nacos/nacos-encryption-plugin/2.3.2/nacos-encryption-plugin-2.3.2.pom
#21 143.2 [INFO] Downloaded from central: https://repo.maven.apache.org/maven2/com/alibaba/nacos/nacos-encryption-plugin/2.3.2/nacos-encryption-plugin-2.3.2.pom (1.4 kB at 6.5 kB/s)
#21 143.2 [INFO] Downloading from central: https://repo.maven.apache.org/maven2/commons-codec/commons-codec/1.16.1/commons-codec-1.16.1.pom
#21 143.5 [INFO] Downloaded from central: https://repo.maven.apache.org/maven2/commons-codec/commons-codec/1.16.1/commons-codec-1.16.1.pom (16 kB at 73 kB/s)
#21 143.5 [INFO] Downloading from central: https://repo.maven.apache.org/maven2/org/apache/commons/commons-parent/66/commons-parent-66.pom
#21 143.7 [INFO] Downloaded from central: https://repo.maven.apache.org/maven2/org/apache/commons/commons-parent/66/commons-parent-66.pom (77 kB at 374 kB/s)
#21 143.7 [INFO] Downloading from central: https://repo.maven.apache.org/maven2/org/apache/apache/31/apache-31.pom
#21 143.9 [INFO] Downloaded from central: https://repo.maven.apache.org/maven2/org/apache/apache/31/apache-31.pom (24 kB at 109 kB/s)
#21 143.9 [INFO] Downloading from central: https://repo.maven.apache.org/maven2/org/apache/httpcomponents/httpasyncclient/4.1.5/httpasyncclient-4.1.5.pom
#21 144.1 [INFO] Downloaded from central: https://repo.maven.apache.org/maven2/org/apache/httpcomponents/httpasyncclient/4.1.5/httpasyncclient-4.1.5.pom (5.9 kB at 28 kB/s)
#21 144.1 [INFO] Downloading from central: https://repo.maven.apache.org/maven2/org/apache/httpcomponents/httpcomponents-asyncclient/4.1.5/httpcomponents-asyncclient-4.1.5.pom
#21 144.3 [INFO] Downloaded from central: https://repo.maven.apache.org/maven2/org/apache/httpcomponents/httpcomponents-asyncclient/4.1.5/httpcomponents-asyncclient-4.1.5.pom (10 kB at 48 kB/s)
#21 144.3 [INFO] Downloading from central: https://repo.maven.apache.org/maven2/org/apache/httpcomponents/httpcomponents-parent/11/httpcomponents-parent-11.pom
#21 144.5 [INFO] Downloaded from central: https://repo.maven.apache.org/maven2/org/apache/httpcomponents/httpcomponents-parent/11/httpcomponents-parent-11.pom (35 kB at 177 kB/s)
#21 144.5 [INFO] Downloading from central: https://repo.maven.apache.org/maven2/org/apache/httpcomponents/httpcore/4.4.16/httpcore-4.4.16.pom
#21 144.7 [INFO] Downloaded from central: https://repo.maven.apache.org/maven2/org/apache/httpcomponents/httpcore/4.4.16/httpcore-4.4.16.pom (5.0 kB at 26 kB/s)
#21 144.7 [INFO] Downloading from central: https://repo.maven.apache.org/maven2/org/apache/httpcomponents/httpcomponents-core/4.4.16/httpcomponents-core-4.4.16.pom
#21 144.9 [INFO] Downloaded from central: https://repo.maven.apache.org/maven2/org/apache/httpcomponents/httpcomponents-core/4.4.16/httpcomponents-core-4.4.16.pom (12 kB at 59 kB/s)
#21 144.9 [INFO] Downloading from central: https://repo.maven.apache.org/maven2/org/apache/httpcomponents/httpcore-nio/4.4.16/httpcore-nio-4.4.16.pom
#21 145.1 [INFO] Downloaded from central: https://repo.maven.apache.org/maven2/org/apache/httpcomponents/httpcore-nio/4.4.16/httpcore-nio-4.4.16.pom (5.5 kB at 26 kB/s)
#21 145.1 [INFO] Downloading from central: https://repo.maven.apache.org/maven2/org/apache/httpcomponents/httpclient/4.5.13/httpclient-4.5.13.pom
#21 145.3 [INFO] Downloaded from central: https://repo.maven.apache.org/maven2/org/apache/httpcomponents/httpclient/4.5.13/httpclient-4.5.13.pom (6.6 kB at 33 kB/s)
#21 145.3 [INFO] Downloading from central: https://repo.maven.apache.org/maven2/org/apache/httpcomponents/httpcomponents-client/4.5.13/httpcomponents-client-4.5.13.pom
#21 145.5 [INFO] Downloaded from central: https://repo.maven.apache.org/maven2/org/apache/httpcomponents/httpcomponents-client/4.5.13/httpcomponents-client-4.5.13.pom (16 kB at 85 kB/s)
#21 145.5 [INFO] Downloading from central: https://repo.maven.apache.org/maven2/io/prometheus/simpleclient/0.16.0/simpleclient-0.16.0.pom
#21 145.7 [INFO] Downloaded from central: https://repo.maven.apache.org/maven2/io/prometheus/simpleclient/0.16.0/simpleclient-0.16.0.pom (2.2 kB at 11 kB/s)
#21 145.7 [INFO] Downloading from central: https://repo.maven.apache.org/maven2/io/prometheus/simpleclient_tracer_otel/0.16.0/simpleclient_tracer_otel-0.16.0.pom
#21 145.9 [INFO] Downloaded from central: https://repo.maven.apache.org/maven2/io/prometheus/simpleclient_tracer_otel/0.16.0/simpleclient_tracer_otel-0.16.0.pom (1.5 kB at 7.7 kB/s)
#21 145.9 [INFO] Downloading from central: https://repo.maven.apache.org/maven2/io/prometheus/simpleclient_tracer/0.16.0/simpleclient_tracer-0.16.0.pom
#21 146.1 [INFO] Downloaded from central: https://repo.maven.apache.org/maven2/io/prometheus/simpleclient_tracer/0.16.0/simpleclient_tracer-0.16.0.pom (1.2 kB at 6.0 kB/s)
#21 146.1 [INFO] Downloading from central: https://repo.maven.apache.org/maven2/io/prometheus/simpleclient_tracer_common/0.16.0/simpleclient_tracer_common-0.16.0.pom
#21 146.3 [INFO] Downloaded from central: https://repo.maven.apache.org/maven2/io/prometheus/simpleclient_tracer_common/0.16.0/simpleclient_tracer_common-0.16.0.pom (839 B at 4.3 kB/s)
#21 146.3 [INFO] Downloading from central: https://repo.maven.apache.org/maven2/io/prometheus/simpleclient_tracer_otel_agent/0.16.0/simpleclient_tracer_otel_agent-0.16.0.pom
#21 146.5 [INFO] Downloaded from central: https://repo.maven.apache.org/maven2/io/prometheus/simpleclient_tracer_otel_agent/0.16.0/simpleclient_tracer_otel_agent-0.16.0.pom (2.4 kB at 12 kB/s)
#21 146.5 [INFO] Downloading from central: https://repo.maven.apache.org/maven2/com/alibaba/spring/spring-context-support/1.0.11/spring-context-support-1.0.11.pom
#21 146.7 [INFO] Downloaded from central: https://repo.maven.apache.org/maven2/com/alibaba/spring/spring-context-support/1.0.11/spring-context-support-1.0.11.pom (6.0 kB at 29 kB/s)
#21 146.7 [INFO] Downloading from central: https://repo.maven.apache.org/maven2/org/springframework/cloud/spring-cloud-commons/4.1.2/spring-cloud-commons-4.1.2.pom
#21 146.9 [INFO] Downloaded from central: https://repo.maven.apache.org/maven2/org/springframework/cloud/spring-cloud-commons/4.1.2/spring-cloud-commons-4.1.2.pom (7.3 kB at 35 kB/s)
#21 146.9 [INFO] Downloading from central: https://repo.maven.apache.org/maven2/org/springframework/cloud/spring-cloud-commons-parent/4.1.2/spring-cloud-commons-parent-4.1.2.pom
#21 147.1 [INFO] Downloaded from central: https://repo.maven.apache.org/maven2/org/springframework/cloud/spring-cloud-commons-parent/4.1.2/spring-cloud-commons-parent-4.1.2.pom (4.5 kB at 22 kB/s)
#21 147.2 [INFO] Downloading from central: https://repo.maven.apache.org/maven2/org/springframework/cloud/spring-cloud-build/4.1.1/spring-cloud-build-4.1.1.pom
#21 147.3 [INFO] Downloaded from central: https://repo.maven.apache.org/maven2/org/springframework/cloud/spring-cloud-build/4.1.1/spring-cloud-build-4.1.1.pom (50 kB at 252 kB/s)
#21 147.4 [INFO] Downloading from central: https://repo.maven.apache.org/maven2/org/springframework/cloud/spring-cloud-build-dependencies/4.1.1/spring-cloud-build-dependencies-4.1.1.pom
#21 147.5 [INFO] Downloaded from central: https://repo.maven.apache.org/maven2/org/springframework/cloud/spring-cloud-build-dependencies/4.1.1/spring-cloud-build-dependencies-4.1.1.pom (3.2 kB at 16 kB/s)
#21 147.5 [INFO] Downloading from central: https://repo.maven.apache.org/maven2/org/springframework/boot/spring-boot-dependencies/3.2.4/spring-boot-dependencies-3.2.4.pom
#21 147.8 [INFO] Downloaded from central: https://repo.maven.apache.org/maven2/org/springframework/boot/spring-boot-dependencies/3.2.4/spring-boot-dependencies-3.2.4.pom (111 kB at 510 kB/s)
#21 147.8 [INFO] Downloading from central: https://repo.maven.apache.org/maven2/org/apache/groovy/groovy-bom/4.0.20/groovy-bom-4.0.20.pom
#21 148.0 [INFO] Downloaded from central: https://repo.maven.apache.org/maven2/org/apache/groovy/groovy-bom/4.0.20/groovy-bom-4.0.20.pom (27 kB at 140 kB/s)
#21 148.0 [INFO] Downloading from central: https://repo.maven.apache.org/maven2/org/eclipse/jetty/ee10/jetty-ee10-bom/12.0.7/jetty-ee10-bom-12.0.7.pom
#21 148.2 [INFO] Downloaded from central: https://repo.maven.apache.org/maven2/org/eclipse/jetty/ee10/jetty-ee10-bom/12.0.7/jetty-ee10-bom-12.0.7.pom (9.2 kB at 40 kB/s)
#21 148.2 [INFO] Downloading from central: https://repo.maven.apache.org/maven2/org/eclipse/jetty/jetty-bom/12.0.7/jetty-bom-12.0.7.pom
#21 148.4 [INFO] Downloaded from central: https://repo.maven.apache.org/maven2/org/eclipse/jetty/jetty-bom/12.0.7/jetty-bom-12.0.7.pom (14 kB at 69 kB/s)
#21 148.4 [INFO] Downloading from central: https://repo.maven.apache.org/maven2/io/micrometer/micrometer-bom/1.12.4/micrometer-bom-1.12.4.pom
#21 148.6 [INFO] Downloaded from central: https://repo.maven.apache.org/maven2/io/micrometer/micrometer-bom/1.12.4/micrometer-bom-1.12.4.pom (7.9 kB at 39 kB/s)
#21 148.6 [INFO] Downloading from central: https://repo.maven.apache.org/maven2/io/micrometer/micrometer-tracing-bom/1.2.4/micrometer-tracing-bom-1.2.4.pom
#21 148.8 [INFO] Downloaded from central: https://repo.maven.apache.org/maven2/io/micrometer/micrometer-tracing-bom/1.2.4/micrometer-tracing-bom-1.2.4.pom (4.5 kB at 23 kB/s)
#21 148.8 [INFO] Downloading from central: https://repo.maven.apache.org/maven2/io/netty/netty-bom/4.1.107.Final/netty-bom-4.1.107.Final.pom
#21 149.0 [INFO] Downloaded from central: https://repo.maven.apache.org/maven2/io/netty/netty-bom/4.1.107.Final/netty-bom-4.1.107.Final.pom (14 kB at 69 kB/s)
#21 149.0 [INFO] Downloading from central: https://repo.maven.apache.org/maven2/io/projectreactor/reactor-bom/2023.0.4/reactor-bom-2023.0.4.pom
#21 149.2 [INFO] Downloaded from central: https://repo.maven.apache.org/maven2/io/projectreactor/reactor-bom/2023.0.4/reactor-bom-2023.0.4.pom (4.8 kB at 24 kB/s)
#21 149.2 [INFO] Downloading from central: https://repo.maven.apache.org/maven2/org/springframework/amqp/spring-amqp-bom/3.1.3/spring-amqp-bom-3.1.3.pom
#21 149.4 [INFO] Downloaded from central: https://repo.maven.apache.org/maven2/org/springframework/amqp/spring-amqp-bom/3.1.3/spring-amqp-bom-3.1.3.pom (3.9 kB at 19 kB/s)
#21 149.4 [INFO] Downloading from central: https://repo.maven.apache.org/maven2/org/springframework/data/spring-data-bom/2023.1.4/spring-data-bom-2023.1.4.pom
#21 149.6 [INFO] Downloaded from central: https://repo.maven.apache.org/maven2/org/springframework/data/spring-data-bom/2023.1.4/spring-data-bom-2023.1.4.pom (5.5 kB at 28 kB/s)
#21 149.6 [INFO] Downloading from central: https://repo.maven.apache.org/maven2/org/springframework/spring-framework-bom/6.1.5/spring-framework-bom-6.1.5.pom
#21 149.8 [INFO] Downloaded from central: https://repo.maven.apache.org/maven2/org/springframework/spring-framework-bom/6.1.5/spring-framework-bom-6.1.5.pom (5.8 kB at 28 kB/s)
#21 149.8 [INFO] Downloading from central: https://repo.maven.apache.org/maven2/org/springframework/integration/spring-integration-bom/6.2.3/spring-integration-bom-6.2.3.pom
#21 150.0 [INFO] Downloaded from central: https://repo.maven.apache.org/maven2/org/springframework/integration/spring-integration-bom/6.2.3/spring-integration-bom-6.2.3.pom (10 kB at 52 kB/s)
#21 150.0 [INFO] Downloading from central: https://repo.maven.apache.org/maven2/org/springframework/pulsar/spring-pulsar-bom/1.0.4/spring-pulsar-bom-1.0.4.pom
#21 150.2 [INFO] Downloaded from central: https://repo.maven.apache.org/maven2/org/springframework/pulsar/spring-pulsar-bom/1.0.4/spring-pulsar-bom-1.0.4.pom (2.7 kB at 13 kB/s)
#21 150.2 [INFO] Downloading from central: https://repo.maven.apache.org/maven2/org/springframework/security/spring-security-bom/6.2.3/spring-security-bom-6.2.3.pom
#21 150.4 [INFO] Downloaded from central: https://repo.maven.apache.org/maven2/org/springframework/security/spring-security-bom/6.2.3/spring-security-bom-6.2.3.pom (5.3 kB at 26 kB/s)
#21 150.4 [INFO] Downloading from central: https://repo.maven.apache.org/maven2/org/springframework/security/spring-security-crypto/6.2.4/spring-security-crypto-6.2.4.pom
#21 150.6 [INFO] Downloaded from central: https://repo.maven.apache.org/maven2/org/springframework/security/spring-security-crypto/6.2.4/spring-security-crypto-6.2.4.pom (1.9 kB at 9.0 kB/s)
#21 150.6 [INFO] Downloading from central: https://repo.maven.apache.org/maven2/org/springframework/cloud/spring-cloud-context/4.1.2/spring-cloud-context-4.1.2.pom
#21 150.8 [INFO] Downloaded from central: https://repo.maven.apache.org/maven2/org/springframework/cloud/spring-cloud-context/4.1.2/spring-cloud-context-4.1.2.pom (6.3 kB at 31 kB/s)
#21 150.8 [INFO] Downloading from central: https://repo.maven.apache.org/maven2/com/alibaba/cloud/spring-cloud-starter-alibaba-nacos-config/2023.0.1.0/spring-cloud-starter-alibaba-nacos-config-2023.0.1.0.pom
#21 151.0 [INFO] Downloaded from central: https://repo.maven.apache.org/maven2/com/alibaba/cloud/spring-cloud-starter-alibaba-nacos-config/2023.0.1.0/spring-cloud-starter-alibaba-nacos-config-2023.0.1.0.pom (4.6 kB at 24 kB/s)
#21 151.0 [INFO] Downloading from central: https://repo.maven.apache.org/maven2/com/baomidou/mybatis-plus-spring-boot3-starter/3.5.9/mybatis-plus-spring-boot3-starter-3.5.9.pom
#21 151.3 [INFO] Downloaded from central: https://repo.maven.apache.org/maven2/com/baomidou/mybatis-plus-spring-boot3-starter/3.5.9/mybatis-plus-spring-boot3-starter-3.5.9.pom (3.9 kB at 19 kB/s)
#21 151.3 [INFO] Downloading from central: https://repo.maven.apache.org/maven2/org/springframework/boot/spring-boot-dependencies/3.3.4/spring-boot-dependencies-3.3.4.pom
#21 151.5 [INFO] Downloaded from central: https://repo.maven.apache.org/maven2/org/springframework/boot/spring-boot-dependencies/3.3.4/spring-boot-dependencies-3.3.4.pom (100 kB at 484 kB/s)
#21 151.5 [INFO] Downloading from central: https://repo.maven.apache.org/maven2/org/apache/activemq/activemq-bom/6.1.3/activemq-bom-6.1.3.pom
#21 151.7 [INFO] Downloaded from central: https://repo.maven.apache.org/maven2/org/apache/activemq/activemq-bom/6.1.3/activemq-bom-6.1.3.pom (7.9 kB at 37 kB/s)
#21 151.7 [INFO] Downloading from central: https://repo.maven.apache.org/maven2/org/apache/activemq/artemis-bom/2.33.0/artemis-bom-2.33.0.pom
#21 151.9 [INFO] Downloaded from central: https://repo.maven.apache.org/maven2/org/apache/activemq/artemis-bom/2.33.0/artemis-bom-2.33.0.pom (9.6 kB at 47 kB/s)
#21 151.9 [INFO] Downloading from central: https://repo.maven.apache.org/maven2/org/apache/activemq/artemis-project/2.33.0/artemis-project-2.33.0.pom
#21 152.1 [INFO] Downloaded from central: https://repo.maven.apache.org/maven2/org/apache/activemq/artemis-project/2.33.0/artemis-project-2.33.0.pom (64 kB at 306 kB/s)
#21 152.1 [INFO] Downloading from central: https://repo.maven.apache.org/maven2/org/assertj/assertj-bom/3.25.3/assertj-bom-3.25.3.pom
#21 152.3 [INFO] Downloaded from central: https://repo.maven.apache.org/maven2/org/assertj/assertj-bom/3.25.3/assertj-bom-3.25.3.pom (3.7 kB at 19 kB/s)
#21 152.3 [INFO] Downloading from central: https://repo.maven.apache.org/maven2/io/zipkin/reporter2/zipkin-reporter-bom/3.4.2/zipkin-reporter-bom-3.4.2.pom
#21 152.5 [INFO] Downloaded from central: https://repo.maven.apache.org/maven2/io/zipkin/reporter2/zipkin-reporter-bom/3.4.2/zipkin-reporter-bom-3.4.2.pom (6.4 kB at 31 kB/s)
#21 152.5 [INFO] Downloading from central: https://repo.maven.apache.org/maven2/io/zipkin/brave/brave-bom/6.0.3/brave-bom-6.0.3.pom
#21 152.7 [INFO] Downloaded from central: https://repo.maven.apache.org/maven2/io/zipkin/brave/brave-bom/6.0.3/brave-bom-6.0.3.pom (11 kB at 55 kB/s)
#21 152.7 [INFO] Downloading from central: https://repo.maven.apache.org/maven2/org/apache/cassandra/java-driver-bom/4.18.1/java-driver-bom-4.18.1.pom
#21 152.9 [INFO] Downloaded from central: https://repo.maven.apache.org/maven2/org/apache/cassandra/java-driver-bom/4.18.1/java-driver-bom-4.18.1.pom (5.5 kB at 27 kB/s)
#21 152.9 [INFO] Downloading from central: https://repo.maven.apache.org/maven2/org/apache/groovy/groovy-bom/4.0.23/groovy-bom-4.0.23.pom
#21 153.1 [INFO] Downloaded from central: https://repo.maven.apache.org/maven2/org/apache/groovy/groovy-bom/4.0.23/groovy-bom-4.0.23.pom (27 kB at 137 kB/s)
#21 153.1 [INFO] Downloading from central: https://repo.maven.apache.org/maven2/org/infinispan/infinispan-bom/15.0.8.Final/infinispan-bom-15.0.8.Final.pom
#21 153.3 [INFO] Downloaded from central: https://repo.maven.apache.org/maven2/org/infinispan/infinispan-bom/15.0.8.Final/infinispan-bom-15.0.8.Final.pom (18 kB at 89 kB/s)
#21 153.3 [INFO] Downloading from central: https://repo.maven.apache.org/maven2/org/infinispan/infinispan-build-configuration-parent/15.0.8.Final/infinispan-build-configuration-parent-15.0.8.Final.pom
#21 153.5 [INFO] Downloaded from central: https://repo.maven.apache.org/maven2/org/infinispan/infinispan-build-configuration-parent/15.0.8.Final/infinispan-build-configuration-parent-15.0.8.Final.pom (19 kB at 95 kB/s)
#21 153.5 [INFO] Downloading from central: https://repo.maven.apache.org/maven2/org/jboss/jboss-parent/43/jboss-parent-43.pom
#21 153.7 [INFO] Downloaded from central: https://repo.maven.apache.org/maven2/org/jboss/jboss-parent/43/jboss-parent-43.pom (75 kB at 354 kB/s)
#21 153.7 [INFO] Downloading from central: https://repo.maven.apache.org/maven2/com/fasterxml/jackson/jackson-bom/2.17.2/jackson-bom-2.17.2.pom
#21 153.9 [INFO] Downloaded from central: https://repo.maven.apache.org/maven2/com/fasterxml/jackson/jackson-bom/2.17.2/jackson-bom-2.17.2.pom (19 kB at 96 kB/s)
#21 153.9 [INFO] Downloading from central: https://repo.maven.apache.org/maven2/org/glassfish/jersey/jersey-bom/3.1.8/jersey-bom-3.1.8.pom
#21 154.1 [INFO] Downloaded from central: https://repo.maven.apache.org/maven2/org/glassfish/jersey/jersey-bom/3.1.8/jersey-bom-3.1.8.pom (21 kB at 100 kB/s)
#21 154.1 [INFO] Downloading from central: https://repo.maven.apache.org/maven2/org/eclipse/jetty/ee10/jetty-ee10-bom/12.0.13/jetty-ee10-bom-12.0.13.pom
#21 154.3 [INFO] Downloaded from central: https://repo.maven.apache.org/maven2/org/eclipse/jetty/ee10/jetty-ee10-bom/12.0.13/jetty-ee10-bom-12.0.13.pom (9.6 kB at 49 kB/s)
#21 154.3 [INFO] Downloading from central: https://repo.maven.apache.org/maven2/org/eclipse/jetty/jetty-bom/12.0.13/jetty-bom-12.0.13.pom
#21 154.5 [INFO] Downloaded from central: https://repo.maven.apache.org/maven2/org/eclipse/jetty/jetty-bom/12.0.13/jetty-bom-12.0.13.pom (14 kB at 72 kB/s)
#21 154.5 [INFO] Downloading from central: https://repo.maven.apache.org/maven2/org/junit/junit-bom/5.10.3/junit-bom-5.10.3.pom
#21 154.7 [INFO] Downloaded from central: https://repo.maven.apache.org/maven2/org/junit/junit-bom/5.10.3/junit-bom-5.10.3.pom (5.6 kB at 29 kB/s)
#21 154.7 [INFO] Downloading from central: https://repo.maven.apache.org/maven2/org/jetbrains/kotlin/kotlin-bom/1.9.25/kotlin-bom-1.9.25.pom
#21 154.9 [INFO] Downloaded from central: https://repo.maven.apache.org/maven2/org/jetbrains/kotlin/kotlin-bom/1.9.25/kotlin-bom-1.9.25.pom (9.1 kB at 44 kB/s)
#21 154.9 [INFO] Downloading from central: https://repo.maven.apache.org/maven2/org/jetbrains/kotlinx/kotlinx-coroutines-bom/1.8.1/kotlinx-coroutines-bom-1.8.1.pom
#21 155.1 [INFO] Downloaded from central: https://repo.maven.apache.org/maven2/org/jetbrains/kotlinx/kotlinx-coroutines-bom/1.8.1/kotlinx-coroutines-bom-1.8.1.pom (4.3 kB at 22 kB/s)
#21 155.1 [INFO] Downloading from central: https://repo.maven.apache.org/maven2/org/apache/logging/log4j/log4j-bom/2.23.1/log4j-bom-2.23.1.pom
#21 155.3 [INFO] Downloaded from central: https://repo.maven.apache.org/maven2/org/apache/logging/log4j/log4j-bom/2.23.1/log4j-bom-2.23.1.pom (12 kB at 62 kB/s)
#21 155.3 [INFO] Downloading from central: https://repo.maven.apache.org/maven2/org/apache/logging/logging-parent/10.6.0/logging-parent-10.6.0.pom
#21 155.5 [INFO] Downloaded from central: https://repo.maven.apache.org/maven2/org/apache/logging/logging-parent/10.6.0/logging-parent-10.6.0.pom (54 kB at 250 kB/s)
#21 155.6 [INFO] Downloading from central: https://repo.maven.apache.org/maven2/io/micrometer/micrometer-bom/1.13.4/micrometer-bom-1.13.4.pom
#21 155.7 [INFO] Downloaded from central: https://repo.maven.apache.org/maven2/io/micrometer/micrometer-bom/1.13.4/micrometer-bom-1.13.4.pom (8.4 kB at 43 kB/s)
#21 155.7 [INFO] Downloading from central: https://repo.maven.apache.org/maven2/io/micrometer/micrometer-tracing-bom/1.3.4/micrometer-tracing-bom-1.3.4.pom
#21 155.9 [INFO] Downloaded from central: https://repo.maven.apache.org/maven2/io/micrometer/micrometer-tracing-bom/1.3.4/micrometer-tracing-bom-1.3.4.pom (4.5 kB at 24 kB/s)
#21 155.9 [INFO] Downloading from central: https://repo.maven.apache.org/maven2/org/mockito/mockito-bom/5.11.0/mockito-bom-5.11.0.pom
#21 156.1 [INFO] Downloaded from central: https://repo.maven.apache.org/maven2/org/mockito/mockito-bom/5.11.0/mockito-bom-5.11.0.pom (3.0 kB at 15 kB/s)
#21 156.1 [INFO] Downloading from central: https://repo.maven.apache.org/maven2/io/netty/netty-bom/4.1.113.Final/netty-bom-4.1.113.Final.pom
#21 156.3 [INFO] Downloaded from central: https://repo.maven.apache.org/maven2/io/netty/netty-bom/4.1.113.Final/netty-bom-4.1.113.Final.pom (14 kB at 72 kB/s)
#21 156.3 [INFO] Downloading from central: https://repo.maven.apache.org/maven2/io/opentelemetry/opentelemetry-bom/1.37.0/opentelemetry-bom-1.37.0.pom
#21 156.5 [INFO] Downloaded from central: https://repo.maven.apache.org/maven2/io/opentelemetry/opentelemetry-bom/1.37.0/opentelemetry-bom-1.37.0.pom (5.7 kB at 28 kB/s)
#21 156.5 [INFO] Downloading from central: https://repo.maven.apache.org/maven2/io/prometheus/prometheus-metrics-bom/1.2.1/prometheus-metrics-bom-1.2.1.pom
#21 156.7 [INFO] Downloaded from central: https://repo.maven.apache.org/maven2/io/prometheus/prometheus-metrics-bom/1.2.1/prometheus-metrics-bom-1.2.1.pom (6.1 kB at 32 kB/s)
#21 156.7 [INFO] Downloading from central: https://repo.maven.apache.org/maven2/io/prometheus/client_java/1.2.1/client_java-1.2.1.pom
#21 156.9 [INFO] Downloaded from central: https://repo.maven.apache.org/maven2/io/prometheus/client_java/1.2.1/client_java-1.2.1.pom (13 kB at 66 kB/s)
#21 156.9 [INFO] Downloading from central: https://repo.maven.apache.org/maven2/org/apache/pulsar/pulsar-bom/3.2.4/pulsar-bom-3.2.4.pom
#21 157.1 [INFO] Downloaded from central: https://repo.maven.apache.org/maven2/org/apache/pulsar/pulsar-bom/3.2.4/pulsar-bom-3.2.4.pom (26 kB at 127 kB/s)
#21 157.1 [INFO] Downloading from central: https://repo.maven.apache.org/maven2/com/querydsl/querydsl-bom/5.1.0/querydsl-bom-5.1.0.pom
#21 157.4 [INFO] Downloaded from central: https://repo.maven.apache.org/maven2/com/querydsl/querydsl-bom/5.1.0/querydsl-bom-5.1.0.pom (7.2 kB at 33 kB/s)
#21 157.4 [INFO] Downloading from central: https://repo.maven.apache.org/maven2/io/projectreactor/reactor-bom/2023.0.10/reactor-bom-2023.0.10.pom
#21 157.6 [INFO] Downloaded from central: https://repo.maven.apache.org/maven2/io/projectreactor/reactor-bom/2023.0.10/reactor-bom-2023.0.10.pom (4.8 kB at 23 kB/s)
#21 157.6 [INFO] Downloading from central: https://repo.maven.apache.org/maven2/io/rest-assured/rest-assured-bom/5.4.0/rest-assured-bom-5.4.0.pom
#21 157.8 [INFO] Downloaded from central: https://repo.maven.apache.org/maven2/io/rest-assured/rest-assured-bom/5.4.0/rest-assured-bom-5.4.0.pom (4.5 kB at 23 kB/s)
#21 157.8 [INFO] Downloading from central: https://repo.maven.apache.org/maven2/org/seleniumhq/selenium/selenium-bom/4.19.1/selenium-bom-4.19.1.pom
#21 158.0 [INFO] Downloaded from central: https://repo.maven.apache.org/maven2/org/seleniumhq/selenium/selenium-bom/4.19.1/selenium-bom-4.19.1.pom (6.0 kB at 29 kB/s)
#21 158.0 [INFO] Downloading from central: https://repo.maven.apache.org/maven2/org/springframework/amqp/spring-amqp-bom/3.1.7/spring-amqp-bom-3.1.7.pom
#21 158.2 [INFO] Downloaded from central: https://repo.maven.apache.org/maven2/org/springframework/amqp/spring-amqp-bom/3.1.7/spring-amqp-bom-3.1.7.pom (3.9 kB at 20 kB/s)
#21 158.2 [INFO] Downloading from central: https://repo.maven.apache.org/maven2/org/springframework/batch/spring-batch-bom/5.1.2/spring-batch-bom-5.1.2.pom
#21 158.4 [INFO] Downloaded from central: https://repo.maven.apache.org/maven2/org/springframework/batch/spring-batch-bom/5.1.2/spring-batch-bom-5.1.2.pom (3.2 kB at 16 kB/s)
#21 158.4 [INFO] Downloading from central: https://repo.maven.apache.org/maven2/org/springframework/data/spring-data-bom/2024.0.4/spring-data-bom-2024.0.4.pom
#21 158.6 [INFO] Downloaded from central: https://repo.maven.apache.org/maven2/org/springframework/data/spring-data-bom/2024.0.4/spring-data-bom-2024.0.4.pom (5.5 kB at 28 kB/s)
#21 158.6 [INFO] Downloading from central: https://repo.maven.apache.org/maven2/org/springframework/spring-framework-bom/6.1.13/spring-framework-bom-6.1.13.pom
#21 158.8 [INFO] Downloaded from central: https://repo.maven.apache.org/maven2/org/springframework/spring-framework-bom/6.1.13/spring-framework-bom-6.1.13.pom (5.8 kB at 25 kB/s)
#21 158.8 [INFO] Downloading from central: https://repo.maven.apache.org/maven2/org/springframework/integration/spring-integration-bom/6.3.4/spring-integration-bom-6.3.4.pom
#21 159.0 [INFO] Downloaded from central: https://repo.maven.apache.org/maven2/org/springframework/integration/spring-integration-bom/6.3.4/spring-integration-bom-6.3.4.pom (10 kB at 43 kB/s)
#21 159.0 [INFO] Downloading from central: https://repo.maven.apache.org/maven2/org/springframework/pulsar/spring-pulsar-bom/1.1.4/spring-pulsar-bom-1.1.4.pom
#21 159.2 [INFO] Downloaded from central: https://repo.maven.apache.org/maven2/org/springframework/pulsar/spring-pulsar-bom/1.1.4/spring-pulsar-bom-1.1.4.pom (2.9 kB at 14 kB/s)
#21 159.2 [INFO] Downloading from central: https://repo.maven.apache.org/maven2/org/springframework/security/spring-security-bom/6.3.3/spring-security-bom-6.3.3.pom
#21 159.6 [INFO] Downloaded from central: https://repo.maven.apache.org/maven2/org/springframework/security/spring-security-bom/6.3.3/spring-security-bom-6.3.3.pom (5.3 kB at 17 kB/s)
#21 159.6 [INFO] Downloading from central: https://repo.maven.apache.org/maven2/org/springframework/session/spring-session-bom/3.3.2/spring-session-bom-3.3.2.pom
#21 159.8 [INFO] Downloaded from central: https://repo.maven.apache.org/maven2/org/springframework/session/spring-session-bom/3.3.2/spring-session-bom-3.3.2.pom (2.9 kB at 12 kB/s)
#21 159.8 [INFO] Downloading from central: https://repo.maven.apache.org/maven2/org/springframework/ws/spring-ws-bom/4.0.11/spring-ws-bom-4.0.11.pom
#21 160.0 [INFO] Downloaded from central: https://repo.maven.apache.org/maven2/org/springframework/ws/spring-ws-bom/4.0.11/spring-ws-bom-4.0.11.pom (3.5 kB at 16 kB/s)
#21 160.0 [INFO] Downloading from central: https://repo.maven.apache.org/maven2/org/testcontainers/testcontainers-bom/1.19.8/testcontainers-bom-1.19.8.pom
#21 160.3 [INFO] Downloaded from central: https://repo.maven.apache.org/maven2/org/testcontainers/testcontainers-bom/1.19.8/testcontainers-bom-1.19.8.pom (10 kB at 43 kB/s)
#21 160.3 [INFO] Downloading from central: https://repo.maven.apache.org/maven2/com/baomidou/mybatis-plus/3.5.9/mybatis-plus-3.5.9.pom
#21 160.5 [INFO] Downloaded from central: https://repo.maven.apache.org/maven2/com/baomidou/mybatis-plus/3.5.9/mybatis-plus-3.5.9.pom (2.2 kB at 10 kB/s)
#21 160.5 [INFO] Downloading from central: https://repo.maven.apache.org/maven2/com/baomidou/mybatis-plus-spring/3.5.9/mybatis-plus-spring-3.5.9.pom
#21 160.7 [INFO] Downloaded from central: https://repo.maven.apache.org/maven2/com/baomidou/mybatis-plus-spring/3.5.9/mybatis-plus-spring-3.5.9.pom (2.8 kB at 13 kB/s)
#21 160.7 [INFO] Downloading from central: https://repo.maven.apache.org/maven2/org/mybatis/mybatis-spring/3.0.4/mybatis-spring-3.0.4.pom
#21 160.9 [INFO] Downloaded from central: https://repo.maven.apache.org/maven2/org/mybatis/mybatis-spring/3.0.4/mybatis-spring-3.0.4.pom (15 kB at 74 kB/s)
#21 160.9 [INFO] Downloading from central: https://repo.maven.apache.org/maven2/org/mybatis/mybatis-parent/45/mybatis-parent-45.pom
#21 161.2 [INFO] Downloaded from central: https://repo.maven.apache.org/maven2/org/mybatis/mybatis-parent/45/mybatis-parent-45.pom (50 kB at 138 kB/s)
#21 161.3 [INFO] Downloading from central: https://repo.maven.apache.org/maven2/com/baomidou/mybatis-plus-spring-boot-autoconfigure/3.5.9/mybatis-plus-spring-boot-autoconfigure-3.5.9.pom
#21 161.5 [INFO] Downloaded from central: https://repo.maven.apache.org/maven2/com/baomidou/mybatis-plus-spring-boot-autoconfigure/3.5.9/mybatis-plus-spring-boot-autoconfigure-3.5.9.pom (3.1 kB at 14 kB/s)
#21 161.5 [INFO] Downloading from central: https://repo.maven.apache.org/maven2/org/springframework/boot/spring-boot-starter-jdbc/3.2.5/spring-boot-starter-jdbc-3.2.5.pom
#21 161.7 [INFO] Downloaded from central: https://repo.maven.apache.org/maven2/org/springframework/boot/spring-boot-starter-jdbc/3.2.5/spring-boot-starter-jdbc-3.2.5.pom (2.5 kB at 12 kB/s)
#21 161.7 [INFO] Downloading from central: https://repo.maven.apache.org/maven2/com/zaxxer/HikariCP/5.0.1/HikariCP-5.0.1.pom
#21 161.9 [INFO] Downloaded from central: https://repo.maven.apache.org/maven2/com/zaxxer/HikariCP/5.0.1/HikariCP-5.0.1.pom (25 kB at 125 kB/s)
#21 161.9 [INFO] Downloading from central: https://repo.maven.apache.org/maven2/org/springframework/spring-jdbc/6.1.6/spring-jdbc-6.1.6.pom
#21 162.1 [INFO] Downloaded from central: https://repo.maven.apache.org/maven2/org/springframework/spring-jdbc/6.1.6/spring-jdbc-6.1.6.pom (2.4 kB at 11 kB/s)
#21 162.1 [INFO] Downloading from central: https://repo.maven.apache.org/maven2/com/mysql/mysql-connector-j/8.0.33/mysql-connector-j-8.0.33.pom
#21 162.3 [INFO] Downloaded from central: https://repo.maven.apache.org/maven2/com/mysql/mysql-connector-j/8.0.33/mysql-connector-j-8.0.33.pom (3.2 kB at 13 kB/s)
#21 162.3 [INFO] Downloading from central: https://repo.maven.apache.org/maven2/com/google/protobuf/protobuf-java/3.21.9/protobuf-java-3.21.9.pom
#21 162.5 [INFO] Downloaded from central: https://repo.maven.apache.org/maven2/com/google/protobuf/protobuf-java/3.21.9/protobuf-java-3.21.9.pom (5.4 kB at 27 kB/s)
#21 162.5 [INFO] Downloading from central: https://repo.maven.apache.org/maven2/com/google/protobuf/protobuf-parent/3.21.9/protobuf-parent-3.21.9.pom
#21 162.7 [INFO] Downloaded from central: https://repo.maven.apache.org/maven2/com/google/protobuf/protobuf-parent/3.21.9/protobuf-parent-3.21.9.pom (9.0 kB at 45 kB/s)
#21 162.7 [INFO] Downloading from central: https://repo.maven.apache.org/maven2/com/google/protobuf/protobuf-bom/3.21.9/protobuf-bom-3.21.9.pom
#21 162.9 [INFO] Downloaded from central: https://repo.maven.apache.org/maven2/com/google/protobuf/protobuf-bom/3.21.9/protobuf-bom-3.21.9.pom (3.5 kB at 18 kB/s)
#21 162.9 [INFO] Downloading from central: https://repo.maven.apache.org/maven2/com/alibaba/druid-spring-boot-3-starter/1.2.22/druid-spring-boot-3-starter-1.2.22.pom
#21 163.1 [INFO] Downloaded from central: https://repo.maven.apache.org/maven2/com/alibaba/druid-spring-boot-3-starter/1.2.22/druid-spring-boot-3-starter-1.2.22.pom (4.1 kB at 20 kB/s)
#21 163.1 [INFO] Downloading from central: https://repo.maven.apache.org/maven2/com/alibaba/druid-parent/1.2.22/druid-parent-1.2.22.pom
#21 163.3 [INFO] Downloaded from central: https://repo.maven.apache.org/maven2/com/alibaba/druid-parent/1.2.22/druid-parent-1.2.22.pom (15 kB at 69 kB/s)
#21 163.3 [INFO] Downloading from central: https://repo.maven.apache.org/maven2/org/springframework/boot/spring-boot-dependencies/3.0.6/spring-boot-dependencies-3.0.6.pom
#21 163.5 [INFO] Downloaded from central: https://repo.maven.apache.org/maven2/org/springframework/boot/spring-boot-dependencies/3.0.6/spring-boot-dependencies-3.0.6.pom (93 kB at 465 kB/s)
#21 163.6 [INFO] Downloading from central: https://repo.maven.apache.org/maven2/io/zipkin/brave/brave-bom/5.14.1/brave-bom-5.14.1.pom
#21 163.7 [INFO] Downloaded from central: https://repo.maven.apache.org/maven2/io/zipkin/brave/brave-bom/5.14.1/brave-bom-5.14.1.pom (12 kB at 60 kB/s)
#21 163.8 [INFO] Downloading from central: https://repo.maven.apache.org/maven2/com/datastax/oss/java-driver-bom/4.15.0/java-driver-bom-4.15.0.pom
#21 164.0 [INFO] Downloaded from central: https://repo.maven.apache.org/maven2/com/datastax/oss/java-driver-bom/4.15.0/java-driver-bom-4.15.0.pom (4.1 kB at 19 kB/s)
#21 164.0 [INFO] Downloading from central: https://repo.maven.apache.org/maven2/io/dropwizard/metrics/metrics-bom/4.2.18/metrics-bom-4.2.18.pom
#21 164.2 [INFO] Downloaded from central: https://repo.maven.apache.org/maven2/io/dropwizard/metrics/metrics-bom/4.2.18/metrics-bom-4.2.18.pom (7.5 kB at 38 kB/s)
#21 164.2 [INFO] Downloading from central: https://repo.maven.apache.org/maven2/io/dropwizard/metrics/metrics-parent/4.2.18/metrics-parent-4.2.18.pom
#21 164.4 [INFO] Downloaded from central: https://repo.maven.apache.org/maven2/io/dropwizard/metrics/metrics-parent/4.2.18/metrics-parent-4.2.18.pom (20 kB at 101 kB/s)
#21 164.4 [INFO] Downloading from central: https://repo.maven.apache.org/maven2/org/glassfish/jaxb/jaxb-bom/4.0.2/jaxb-bom-4.0.2.pom
#21 164.6 [INFO] Downloaded from central: https://repo.maven.apache.org/maven2/org/glassfish/jaxb/jaxb-bom/4.0.2/jaxb-bom-4.0.2.pom (11 kB at 46 kB/s)
#21 164.6 [INFO] Downloading from central: https://repo.maven.apache.org/maven2/org/apache/groovy/groovy-bom/4.0.11/groovy-bom-4.0.11.pom
#21 164.8 [INFO] Downloaded from central: https://repo.maven.apache.org/maven2/org/apache/groovy/groovy-bom/4.0.11/groovy-bom-4.0.11.pom (27 kB at 141 kB/s)
#21 164.8 [INFO] Downloading from central: https://repo.maven.apache.org/maven2/org/infinispan/infinispan-bom/14.0.8.Final/infinispan-bom-14.0.8.Final.pom
#21 165.0 [INFO] Downloaded from central: https://repo.maven.apache.org/maven2/org/infinispan/infinispan-bom/14.0.8.Final/infinispan-bom-14.0.8.Final.pom (23 kB at 121 kB/s)
#21 165.0 [INFO] Downloading from central: https://repo.maven.apache.org/maven2/org/infinispan/infinispan-build-configuration-parent/14.0.8.Final/infinispan-build-configuration-parent-14.0.8.Final.pom
#21 165.2 [INFO] Downloaded from central: https://repo.maven.apache.org/maven2/org/infinispan/infinispan-build-configuration-parent/14.0.8.Final/infinispan-build-configuration-parent-14.0.8.Final.pom (24 kB at 101 kB/s)
#21 165.2 [INFO] Downloading from central: https://repo.maven.apache.org/maven2/org/glassfish/jersey/jersey-bom/3.1.1/jersey-bom-3.1.1.pom
#21 165.4 [INFO] Downloaded from central: https://repo.maven.apache.org/maven2/org/glassfish/jersey/jersey-bom/3.1.1/jersey-bom-3.1.1.pom (19 kB at 94 kB/s)
#21 165.4 [INFO] Downloading from central: https://repo.maven.apache.org/maven2/org/jetbrains/kotlin/kotlin-bom/1.7.22/kotlin-bom-1.7.22.pom
#21 165.7 [INFO] Downloaded from central: https://repo.maven.apache.org/maven2/org/jetbrains/kotlin/kotlin-bom/1.7.22/kotlin-bom-1.7.22.pom (9.3 kB at 43 kB/s)
#21 165.7 [INFO] Downloading from central: https://repo.maven.apache.org/maven2/org/jetbrains/kotlinx/kotlinx-coroutines-bom/1.6.4/kotlinx-coroutines-bom-1.6.4.pom
#21 165.9 [INFO] Downloaded from central: https://repo.maven.apache.org/maven2/org/jetbrains/kotlinx/kotlinx-coroutines-bom/1.6.4/kotlinx-coroutines-bom-1.6.4.pom (4.3 kB at 18 kB/s)
#21 165.9 [INFO] Downloading from central: https://repo.maven.apache.org/maven2/org/apache/logging/log4j/log4j-bom/2.19.0/log4j-bom-2.19.0.pom
#21 166.1 [INFO] Downloaded from central: https://repo.maven.apache.org/maven2/org/apache/logging/log4j/log4j-bom/2.19.0/log4j-bom-2.19.0.pom (9.2 kB at 42 kB/s)
#21 166.1 [INFO] Downloading from central: https://repo.maven.apache.org/maven2/org/apache/logging/logging-parent/5/logging-parent-5.pom
#21 166.3 [INFO] Downloaded from central: https://repo.maven.apache.org/maven2/org/apache/logging/logging-parent/5/logging-parent-5.pom (3.3 kB at 17 kB/s)
#21 166.3 [INFO] Downloading from central: https://repo.maven.apache.org/maven2/org/apache/apache/24/apache-24.pom
#21 166.5 [INFO] Downloaded from central: https://repo.maven.apache.org/maven2/org/apache/apache/24/apache-24.pom (20 kB at 100 kB/s)
#21 166.5 [INFO] Downloading from central: https://repo.maven.apache.org/maven2/io/micrometer/micrometer-bom/1.10.6/micrometer-bom-1.10.6.pom
#21 166.7 [INFO] Downloaded from central: https://repo.maven.apache.org/maven2/io/micrometer/micrometer-bom/1.10.6/micrometer-bom-1.10.6.pom (7.8 kB at 40 kB/s)
#21 166.7 [INFO] Downloading from central: https://repo.maven.apache.org/maven2/io/micrometer/micrometer-tracing-bom/1.0.4/micrometer-tracing-bom-1.0.4.pom
#21 166.9 [INFO] Downloaded from central: https://repo.maven.apache.org/maven2/io/micrometer/micrometer-tracing-bom/1.0.4/micrometer-tracing-bom-1.0.4.pom (4.4 kB at 23 kB/s)
#21 166.9 [INFO] Downloading from central: https://repo.maven.apache.org/maven2/org/mockito/mockito-bom/4.8.1/mockito-bom-4.8.1.pom
#21 167.1 [INFO] Downloaded from central: https://repo.maven.apache.org/maven2/org/mockito/mockito-bom/4.8.1/mockito-bom-4.8.1.pom (3.0 kB at 14 kB/s)
#21 167.1 [INFO] Downloading from central: https://repo.maven.apache.org/maven2/io/netty/netty-bom/4.1.91.Final/netty-bom-4.1.91.Final.pom
#21 167.3 [INFO] Downloaded from central: https://repo.maven.apache.org/maven2/io/netty/netty-bom/4.1.91.Final/netty-bom-4.1.91.Final.pom (13 kB at 68 kB/s)
#21 167.3 [INFO] Downloading from central: https://repo.maven.apache.org/maven2/com/squareup/okhttp3/okhttp-bom/4.10.0/okhttp-bom-4.10.0.pom
#21 167.5 [INFO] Downloaded from central: https://repo.maven.apache.org/maven2/com/squareup/okhttp3/okhttp-bom/4.10.0/okhttp-bom-4.10.0.pom (3.1 kB at 16 kB/s)
#21 167.5 [INFO] Downloading from central: https://repo.maven.apache.org/maven2/io/opentelemetry/opentelemetry-bom/1.19.0/opentelemetry-bom-1.19.0.pom
#21 167.7 [INFO] Downloaded from central: https://repo.maven.apache.org/maven2/io/opentelemetry/opentelemetry-bom/1.19.0/opentelemetry-bom-1.19.0.pom (6.0 kB at 31 kB/s)
#21 167.7 [INFO] Downloading from central: https://repo.maven.apache.org/maven2/com/oracle/database/jdbc/ojdbc-bom/21.7.0.0/ojdbc-bom-21.7.0.0.pom
#21 167.9 [INFO] Downloaded from central: https://repo.maven.apache.org/maven2/com/oracle/database/jdbc/ojdbc-bom/21.7.0.0/ojdbc-bom-21.7.0.0.pom (13 kB at 63 kB/s)
#21 167.9 [INFO] Downloading from central: https://repo.maven.apache.org/maven2/io/projectreactor/reactor-bom/2022.0.6/reactor-bom-2022.0.6.pom
#21 168.1 [INFO] Downloaded from central: https://repo.maven.apache.org/maven2/io/projectreactor/reactor-bom/2022.0.6/reactor-bom-2022.0.6.pom (4.8 kB at 25 kB/s)
#21 168.1 [INFO] Downloading from central: https://repo.maven.apache.org/maven2/io/rest-assured/rest-assured-bom/5.2.1/rest-assured-bom-5.2.1.pom
#21 168.3 [INFO] Downloaded from central: https://repo.maven.apache.org/maven2/io/rest-assured/rest-assured-bom/5.2.1/rest-assured-bom-5.2.1.pom (4.3 kB at 22 kB/s)
#21 168.3 [INFO] Downloading from central: https://repo.maven.apache.org/maven2/org/springframework/batch/spring-batch-bom/5.0.1/spring-batch-bom-5.0.1.pom
#21 168.5 [INFO] Downloaded from central: https://repo.maven.apache.org/maven2/org/springframework/batch/spring-batch-bom/5.0.1/spring-batch-bom-5.0.1.pom (3.2 kB at 17 kB/s)
#21 168.5 [INFO] Downloading from central: https://repo.maven.apache.org/maven2/org/springframework/data/spring-data-bom/2022.0.5/spring-data-bom-2022.0.5.pom
#21 168.7 [INFO] Downloaded from central: https://repo.maven.apache.org/maven2/org/springframework/data/spring-data-bom/2022.0.5/spring-data-bom-2022.0.5.pom (5.5 kB at 28 kB/s)
#21 168.7 [INFO] Downloading from central: https://repo.maven.apache.org/maven2/org/springframework/spring-framework-bom/6.0.8/spring-framework-bom-6.0.8.pom
#21 168.9 [INFO] Downloaded from central: https://repo.maven.apache.org/maven2/org/springframework/spring-framework-bom/6.0.8/spring-framework-bom-6.0.8.pom (5.8 kB at 31 kB/s)
#21 168.9 [INFO] Downloading from central: https://repo.maven.apache.org/maven2/org/springframework/integration/spring-integration-bom/6.0.5/spring-integration-bom-6.0.5.pom
#21 169.1 [INFO] Downloaded from central: https://repo.maven.apache.org/maven2/org/springframework/integration/spring-integration-bom/6.0.5/spring-integration-bom-6.0.5.pom (9.7 kB at 50 kB/s)
#21 169.1 [INFO] Downloading from central: https://repo.maven.apache.org/maven2/org/springframework/restdocs/spring-restdocs-bom/3.0.0/spring-restdocs-bom-3.0.0.pom
#21 169.3 [INFO] Downloaded from central: https://repo.maven.apache.org/maven2/org/springframework/restdocs/spring-restdocs-bom/3.0.0/spring-restdocs-bom-3.0.0.pom (2.6 kB at 13 kB/s)
#21 169.3 [INFO] Downloading from central: https://repo.maven.apache.org/maven2/org/springframework/security/spring-security-bom/6.0.3/spring-security-bom-6.0.3.pom
#21 169.5 [INFO] Downloaded from central: https://repo.maven.apache.org/maven2/org/springframework/security/spring-security-bom/6.0.3/spring-security-bom-6.0.3.pom (5.2 kB at 27 kB/s)
#21 169.5 [INFO] Downloading from central: https://repo.maven.apache.org/maven2/org/springframework/session/spring-session-bom/3.0.1/spring-session-bom-3.0.1.pom
#21 169.7 [INFO] Downloaded from central: https://repo.maven.apache.org/maven2/org/springframework/session/spring-session-bom/3.0.1/spring-session-bom-3.0.1.pom (2.9 kB at 14 kB/s)
#21 169.7 [INFO] Downloading from central: https://repo.maven.apache.org/maven2/org/springframework/ws/spring-ws-bom/4.0.3/spring-ws-bom-4.0.3.pom
#21 169.9 [INFO] Downloaded from central: https://repo.maven.apache.org/maven2/org/springframework/ws/spring-ws-bom/4.0.3/spring-ws-bom-4.0.3.pom (3.5 kB at 18 kB/s)
#21 169.9 [INFO] Downloading from central: https://repo.maven.apache.org/maven2/com/alibaba/druid/1.2.22/druid-1.2.22.pom
#21 170.1 [INFO] Downloaded from central: https://repo.maven.apache.org/maven2/com/alibaba/druid/1.2.22/druid-1.2.22.pom (12 kB at 62 kB/s)
#21 170.1 [INFO] Downloading from central: https://repo.maven.apache.org/maven2/com/alibaba/cloud/spring-cloud-starter-alibaba-nacos-discovery/2023.0.1.0/spring-cloud-starter-alibaba-nacos-discovery-2023.0.1.0.jar
#21 170.3 [INFO] Downloaded from central: https://repo.maven.apache.org/maven2/com/alibaba/cloud/spring-cloud-starter-alibaba-nacos-discovery/2023.0.1.0/spring-cloud-starter-alibaba-nacos-discovery-2023.0.1.0.jar (77 kB at 339 kB/s)
#21 170.3 [INFO] Downloading from central: https://repo.maven.apache.org/maven2/com/alibaba/cloud/spring-cloud-alibaba-commons/2023.0.1.0/spring-cloud-alibaba-commons-2023.0.1.0.jar
#21 170.3 [INFO] Downloading from central: https://repo.maven.apache.org/maven2/com/alibaba/nacos/nacos-client/2.3.2/nacos-client-2.3.2.jar
#21 170.3 [INFO] Downloading from central: https://repo.maven.apache.org/maven2/com/alibaba/nacos/nacos-auth-plugin/2.3.2/nacos-auth-plugin-2.3.2.jar
#21 170.3 [INFO] Downloading from central: https://repo.maven.apache.org/maven2/com/alibaba/nacos/nacos-encryption-plugin/2.3.2/nacos-encryption-plugin-2.3.2.jar
#21 170.3 [INFO] Downloading from central: https://repo.maven.apache.org/maven2/commons-codec/commons-codec/1.16.1/commons-codec-1.16.1.jar
#21 170.5 [INFO] Downloaded from central: https://repo.maven.apache.org/maven2/com/alibaba/cloud/spring-cloud-alibaba-commons/2023.0.1.0/spring-cloud-alibaba-commons-2023.0.1.0.jar (10 kB at 51 kB/s)
#21 170.5 [INFO] Downloading from central: https://repo.maven.apache.org/maven2/org/apache/httpcomponents/httpasyncclient/4.1.5/httpasyncclient-4.1.5.jar
#21 170.5 [INFO] Downloaded from central: https://repo.maven.apache.org/maven2/com/alibaba/nacos/nacos-auth-plugin/2.3.2/nacos-auth-plugin-2.3.2.jar (18 kB at 91 kB/s)
#21 170.5 [INFO] Downloading from central: https://repo.maven.apache.org/maven2/org/apache/httpcomponents/httpcore-nio/4.4.16/httpcore-nio-4.4.16.jar
#21 170.5 [INFO] Downloaded from central: https://repo.maven.apache.org/maven2/com/alibaba/nacos/nacos-encryption-plugin/2.3.2/nacos-encryption-plugin-2.3.2.jar (6.8 kB at 33 kB/s)
#21 170.5 [INFO] Downloading from central: https://repo.maven.apache.org/maven2/org/apache/httpcomponents/httpclient/4.5.13/httpclient-4.5.13.jar
#21 170.8 [INFO] Downloaded from central: https://repo.maven.apache.org/maven2/commons-codec/commons-codec/1.16.1/commons-codec-1.16.1.jar (365 kB at 827 kB/s)
#21 170.8 [INFO] Downloading from central: https://repo.maven.apache.org/maven2/org/apache/httpcomponents/httpcore/4.4.16/httpcore-4.4.16.jar
#21 170.8 [INFO] Downloaded from central: https://repo.maven.apache.org/maven2/org/apache/httpcomponents/httpasyncclient/4.1.5/httpasyncclient-4.1.5.jar (182 kB at 404 kB/s)
#21 170.8 [INFO] Downloading from central: https://repo.maven.apache.org/maven2/io/prometheus/simpleclient/0.16.0/simpleclient-0.16.0.jar
#21 170.9 [INFO] Downloaded from central: https://repo.maven.apache.org/maven2/org/apache/httpcomponents/httpcore-nio/4.4.16/httpcore-nio-4.4.16.jar (369 kB at 649 kB/s)
#21 170.9 [INFO] Downloading from central: https://repo.maven.apache.org/maven2/io/prometheus/simpleclient_tracer_otel/0.16.0/simpleclient_tracer_otel-0.16.0.jar
#21 171.0 [INFO] Downloaded from central: https://repo.maven.apache.org/maven2/io/prometheus/simpleclient/0.16.0/simpleclient-0.16.0.jar (90 kB at 138 kB/s)
#21 171.0 [INFO] Downloading from central: https://repo.maven.apache.org/maven2/io/prometheus/simpleclient_tracer_common/0.16.0/simpleclient_tracer_common-0.16.0.jar
#21 171.1 [INFO] Downloaded from central: https://repo.maven.apache.org/maven2/io/prometheus/simpleclient_tracer_otel/0.16.0/simpleclient_tracer_otel-0.16.0.jar (4.3 kB at 5.7 kB/s)
#21 171.1 [INFO] Downloading from central: https://repo.maven.apache.org/maven2/io/prometheus/simpleclient_tracer_otel_agent/0.16.0/simpleclient_tracer_otel_agent-0.16.0.jar
#21 171.1 [INFO] Downloaded from central: https://repo.maven.apache.org/maven2/org/apache/httpcomponents/httpcore/4.4.16/httpcore-4.4.16.jar (328 kB at 404 kB/s)
#21 171.1 [INFO] Downloading from central: https://repo.maven.apache.org/maven2/com/alibaba/spring/spring-context-support/1.0.11/spring-context-support-1.0.11.jar
#21 171.2 [INFO] Downloaded from central: https://repo.maven.apache.org/maven2/io/prometheus/simpleclient_tracer_common/0.16.0/simpleclient_tracer_common-0.16.0.jar (3.4 kB at 4.0 kB/s)
#21 171.2 [INFO] Downloading from central: https://repo.maven.apache.org/maven2/org/springframework/cloud/spring-cloud-commons/4.1.2/spring-cloud-commons-4.1.2.jar
#21 171.2 [INFO] Downloaded from central: https://repo.maven.apache.org/maven2/org/apache/httpcomponents/httpclient/4.5.13/httpclient-4.5.13.jar (780 kB at 842 kB/s)
#21 171.2 [INFO] Downloading from central: https://repo.maven.apache.org/maven2/org/springframework/security/spring-security-crypto/6.2.4/spring-security-crypto-6.2.4.jar
#21 171.3 [INFO] Downloaded from central: https://repo.maven.apache.org/maven2/io/prometheus/simpleclient_tracer_otel_agent/0.16.0/simpleclient_tracer_otel_agent-0.16.0.jar (4.6 kB at 4.8 kB/s)
#21 171.3 [INFO] Downloading from central: https://repo.maven.apache.org/maven2/org/springframework/cloud/spring-cloud-context/4.1.2/spring-cloud-context-4.1.2.jar
#21 171.4 [INFO] Downloaded from central: https://repo.maven.apache.org/maven2/com/alibaba/spring/spring-context-support/1.0.11/spring-context-support-1.0.11.jar (78 kB at 73 kB/s)
#21 171.4 [INFO] Downloading from central: https://repo.maven.apache.org/maven2/com/alibaba/cloud/spring-cloud-starter-alibaba-nacos-config/2023.0.1.0/spring-cloud-starter-alibaba-nacos-config-2023.0.1.0.jar
#21 171.4 [INFO] Downloaded from central: https://repo.maven.apache.org/maven2/org/springframework/cloud/spring-cloud-commons/4.1.2/spring-cloud-commons-4.1.2.jar (263 kB at 239 kB/s)
#21 171.4 [INFO] Downloading from central: https://repo.maven.apache.org/maven2/com/baomidou/mybatis-plus-spring-boot3-starter/3.5.9/mybatis-plus-spring-boot3-starter-3.5.9.jar
#21 171.5 [INFO] Downloaded from central: https://repo.maven.apache.org/maven2/org/springframework/security/spring-security-crypto/6.2.4/spring-security-crypto-6.2.4.jar (84 kB at 71 kB/s)
#21 171.5 [INFO] Downloading from central: https://repo.maven.apache.org/maven2/com/baomidou/mybatis-plus/3.5.9/mybatis-plus-3.5.9.jar
#21 171.5 [INFO] Downloaded from central: https://repo.maven.apache.org/maven2/org/springframework/cloud/spring-cloud-context/4.1.2/spring-cloud-context-4.1.2.jar (189 kB at 153 kB/s)
#21 171.5 [INFO] Downloading from central: https://repo.maven.apache.org/maven2/com/baomidou/mybatis-plus-spring/3.5.9/mybatis-plus-spring-3.5.9.jar
#21 171.6 [INFO] Downloaded from central: https://repo.maven.apache.org/maven2/com/baomidou/mybatis-plus-spring-boot3-starter/3.5.9/mybatis-plus-spring-boot3-starter-3.5.9.jar (6.0 kB at 4.7 kB/s)
#21 171.6 [INFO] Downloading from central: https://repo.maven.apache.org/maven2/org/mybatis/mybatis-spring/3.0.4/mybatis-spring-3.0.4.jar
#21 171.6 [INFO] Downloaded from central: https://repo.maven.apache.org/maven2/com/alibaba/cloud/spring-cloud-starter-alibaba-nacos-config/2023.0.1.0/spring-cloud-starter-alibaba-nacos-config-2023.0.1.0.jar (83 kB at 63 kB/s)
#21 171.6 [INFO] Downloading from central: https://repo.maven.apache.org/maven2/com/baomidou/mybatis-plus-spring-boot-autoconfigure/3.5.9/mybatis-plus-spring-boot-autoconfigure-3.5.9.jar
#21 171.7 [INFO] Downloaded from central: https://repo.maven.apache.org/maven2/com/baomidou/mybatis-plus/3.5.9/mybatis-plus-3.5.9.jar (5.7 kB at 4.1 kB/s)
#21 171.7 [INFO] Downloading from central: https://repo.maven.apache.org/maven2/org/springframework/boot/spring-boot-starter-jdbc/3.2.5/spring-boot-starter-jdbc-3.2.5.jar
#21 171.7 [INFO] Downloaded from central: https://repo.maven.apache.org/maven2/com/baomidou/mybatis-plus-spring/3.5.9/mybatis-plus-spring-3.5.9.jar (29 kB at 20 kB/s)
#21 171.7 [INFO] Downloading from central: https://repo.maven.apache.org/maven2/com/zaxxer/HikariCP/5.0.1/HikariCP-5.0.1.jar
#21 171.8 [INFO] Downloaded from central: https://repo.maven.apache.org/maven2/org/mybatis/mybatis-spring/3.0.4/mybatis-spring-3.0.4.jar (83 kB at 55 kB/s)
#21 171.8 [INFO] Downloading from central: https://repo.maven.apache.org/maven2/org/springframework/spring-jdbc/6.1.6/spring-jdbc-6.1.6.jar
#21 171.8 [INFO] Downloaded from central: https://repo.maven.apache.org/maven2/com/baomidou/mybatis-plus-spring-boot-autoconfigure/3.5.9/mybatis-plus-spring-boot-autoconfigure-3.5.9.jar (51 kB at 33 kB/s)
#21 171.8 [INFO] Downloading from central: https://repo.maven.apache.org/maven2/com/mysql/mysql-connector-j/8.0.33/mysql-connector-j-8.0.33.jar
#21 171.9 [INFO] Downloaded from central: https://repo.maven.apache.org/maven2/org/springframework/boot/spring-boot-starter-jdbc/3.2.5/spring-boot-starter-jdbc-3.2.5.jar (4.8 kB at 3.0 kB/s)
#21 171.9 [INFO] Downloading from central: https://repo.maven.apache.org/maven2/com/google/protobuf/protobuf-java/3.21.9/protobuf-java-3.21.9.jar
#21 172.0 [INFO] Downloaded from central: https://repo.maven.apache.org/maven2/com/zaxxer/HikariCP/5.0.1/HikariCP-5.0.1.jar (162 kB at 94 kB/s)
#21 172.0 [INFO] Downloading from central: https://repo.maven.apache.org/maven2/com/alibaba/druid-spring-boot-3-starter/1.2.22/druid-spring-boot-3-starter-1.2.22.jar
#21 172.2 [INFO] Downloaded from central: https://repo.maven.apache.org/maven2/org/springframework/spring-jdbc/6.1.6/spring-jdbc-6.1.6.jar (467 kB at 254 kB/s)
#21 172.2 [INFO] Downloading from central: https://repo.maven.apache.org/maven2/com/alibaba/druid/1.2.22/druid-1.2.22.jar
#21 172.3 [INFO] Downloaded from central: https://repo.maven.apache.org/maven2/com/alibaba/druid-spring-boot-3-starter/1.2.22/druid-spring-boot-3-starter-1.2.22.jar (17 kB at 8.9 kB/s)
#21 173.4 [INFO] Downloaded from central: https://repo.maven.apache.org/maven2/com/google/protobuf/protobuf-java/3.21.9/protobuf-java-3.21.9.jar (1.7 MB at 541 kB/s)
#21 173.7 [INFO] Downloaded from central: https://repo.maven.apache.org/maven2/com/mysql/mysql-connector-j/8.0.33/mysql-connector-j-8.0.33.jar (2.5 MB at 741 kB/s)
#21 174.0 [INFO] Downloaded from central: https://repo.maven.apache.org/maven2/com/alibaba/nacos/nacos-client/2.3.2/nacos-client-2.3.2.jar (7.7 MB at 2.1 MB/s)
#21 176.5 [INFO] Downloaded from central: https://repo.maven.apache.org/maven2/com/alibaba/druid/1.2.22/druid-1.2.22.jar (4.1 MB at 659 kB/s)
#21 176.5 [INFO] 
#21 176.5 [INFO] --- resources:3.3.1:resources (default-resources) @ breeding-service ---
#21 176.5 [INFO] Copying 1 resource from src/main/resources to target/classes
#21 176.5 [INFO] Copying 0 resource from src/main/resources to target/classes
#21 176.5 [INFO] 
#21 176.5 [INFO] --- compiler:3.11.0:compile (default-compile) @ breeding-service ---
#21 176.5 [INFO] Changes detected - recompiling the module! :dependency
#21 176.5 [INFO] Compiling 38 source files with javac [debug release 17] to target/classes
#21 178.8 [INFO] /workspace/breeding-service/src/main/java/com/pork/breeding/service/impl/PigIndividualServiceImpl.java: /workspace/breeding-service/src/main/java/com/pork/breeding/service/impl/PigIndividualServiceImpl.java uses or overrides a deprecated API.
#21 178.8 [INFO] /workspace/breeding-service/src/main/java/com/pork/breeding/service/impl/PigIndividualServiceImpl.java: Recompile with -Xlint:deprecation for details.
#21 178.8 [INFO] 
#21 178.8 [INFO] --- resources:3.3.1:testResources (default-testResources) @ breeding-service ---
#21 178.8 [INFO] skip non existing resourceDirectory /workspace/breeding-service/src/test/resources
#21 178.8 [INFO] 
#21 178.8 [INFO] --- compiler:3.11.0:testCompile (default-testCompile) @ breeding-service ---
#21 178.8 [INFO] No sources to compile
#21 178.8 [INFO] 
#21 178.8 [INFO] --- surefire:3.1.2:test (default-test) @ breeding-service ---
#21 178.8 [INFO] Tests are skipped.
#21 178.8 [INFO] 
#21 178.8 [INFO] --- jar:3.3.0:jar (default-jar) @ breeding-service ---
#21 178.8 [INFO] Building jar: /workspace/breeding-service/target/breeding-service-1.0-SNAPSHOT.jar
#21 178.9 [INFO] 
#21 178.9 [INFO] --- spring-boot:3.2.5:repackage (repackage) @ breeding-service ---
#21 178.9 [INFO] 
#21 178.9 [INFO] --- install:3.1.1:install (default-install) @ breeding-service ---
#21 178.9 [INFO] Installing /workspace/breeding-service/pom.xml to /root/.m2/repository/com/pork/breeding-service/1.0-SNAPSHOT/breeding-service-1.0-SNAPSHOT.pom
#21 178.9 [INFO] Installing /workspace/breeding-service/target/breeding-service-1.0-SNAPSHOT.jar to /root/.m2/repository/com/pork/breeding-service/1.0-SNAPSHOT/breeding-service-1.0-SNAPSHOT.jar
#21 178.9 [INFO] ------------------------------------------------------------------------
#21 178.9 [INFO] Reactor Summary for pork-traceability-backend 1.0-SNAPSHOT:
#21 178.9 [INFO] 
#21 178.9 [INFO] pork-traceability-backend .......................... SUCCESS [ 25.506 s]
#21 178.9 [INFO] common-core ........................................ SUCCESS [ 38.003 s]
#21 178.9 [INFO] common-security .................................... SUCCESS [ 34.542 s]
#21 178.9 [INFO] common-web ......................................... SUCCESS [ 20.170 s]
#21 178.9 [INFO] common-mq .......................................... SUCCESS [  3.016 s]
#21 178.9 [INFO] breeding-service ................................... SUCCESS [ 37.551 s]
#21 178.9 [INFO] ------------------------------------------------------------------------
#21 178.9 [INFO] BUILD SUCCESS
#21 178.9 [INFO] ------------------------------------------------------------------------
#21 178.9 [INFO] Total time:  02:56 min
#21 178.9 [INFO] Finished at: 2026-09-18T03:02:46Z
#21 178.9 [INFO] ------------------------------------------------------------------------
#21 181.1 [INFO] Scanning for projects...
#21 182.2 [INFO] Downloading from central: https://repo.maven.apache.org/maven2/org/apache/maven/plugins/maven-clean-plugin/3.3.2/maven-clean-plugin-3.3.2.pom
#21 183.1 [INFO] Downloaded from central: https://repo.maven.apache.org/maven2/org/apache/maven/plugins/maven-clean-plugin/3.3.2/maven-clean-plugin-3.3.2.pom (5.3 kB at 6.2 kB/s)
#21 183.1 [INFO] Downloading from central: https://repo.maven.apache.org/maven2/org/apache/maven/plugins/maven-plugins/40/maven-plugins-40.pom
#21 183.3 [INFO] Downloaded from central: https://repo.maven.apache.org/maven2/org/apache/maven/plugins/maven-plugins/40/maven-plugins-40.pom (8.1 kB at 39 kB/s)
#21 183.3 [INFO] Downloading from central: https://repo.maven.apache.org/maven2/org/apache/maven/maven-parent/40/maven-parent-40.pom
#21 183.6 [INFO] Downloaded from central: https://repo.maven.apache.org/maven2/org/apache/maven/maven-parent/40/maven-parent-40.pom (49 kB at 216 kB/s)
#21 183.6 [INFO] Downloading from central: https://repo.maven.apache.org/maven2/org/apache/maven/plugins/maven-clean-plugin/3.3.2/maven-clean-plugin-3.3.2.jar
#21 183.8 [INFO] Downloaded from central: https://repo.maven.apache.org/maven2/org/apache/maven/plugins/maven-clean-plugin/3.3.2/maven-clean-plugin-3.3.2.jar (36 kB at 161 kB/s)
#21 183.9 [INFO] Downloading from central: https://repo.maven.apache.org/maven2/org/apache/maven/plugins/maven-deploy-plugin/3.1.1/maven-deploy-plugin-3.1.1.pom
#21 184.1 [INFO] Downloaded from central: https://repo.maven.apache.org/maven2/org/apache/maven/plugins/maven-deploy-plugin/3.1.1/maven-deploy-plugin-3.1.1.pom (8.9 kB at 41 kB/s)
#21 184.1 [INFO] Downloading from central: https://repo.maven.apache.org/maven2/org/apache/maven/plugins/maven-deploy-plugin/3.1.1/maven-deploy-plugin-3.1.1.jar
#21 184.3 [INFO] Downloaded from central: https://repo.maven.apache.org/maven2/org/apache/maven/plugins/maven-deploy-plugin/3.1.1/maven-deploy-plugin-3.1.1.jar (39 kB at 172 kB/s)
#21 184.3 [INFO] Downloading from central: https://repo.maven.apache.org/maven2/org/apache/maven/plugins/maven-site-plugin/3.12.1/maven-site-plugin-3.12.1.pom
#21 184.5 [INFO] Downloaded from central: https://repo.maven.apache.org/maven2/org/apache/maven/plugins/maven-site-plugin/3.12.1/maven-site-plugin-3.12.1.pom (20 kB at 96 kB/s)
#21 184.5 [INFO] Downloading from central: https://repo.maven.apache.org/maven2/org/apache/maven/plugins/maven-plugins/36/maven-plugins-36.pom
#21 184.7 [INFO] Downloaded from central: https://repo.maven.apache.org/maven2/org/apache/maven/plugins/maven-plugins/36/maven-plugins-36.pom (9.9 kB at 49 kB/s)
#21 184.8 [INFO] Downloading from central: https://repo.maven.apache.org/maven2/org/apache/maven/plugins/maven-site-plugin/3.12.1/maven-site-plugin-3.12.1.jar
#21 185.2 [INFO] Downloaded from central: https://repo.maven.apache.org/maven2/org/apache/maven/plugins/maven-site-plugin/3.12.1/maven-site-plugin-3.12.1.jar (119 kB at 262 kB/s)
#21 185.2 [INFO] Downloading from central: https://repo.maven.apache.org/maven2/org/codehaus/mojo/build-helper-maven-plugin/3.4.0/build-helper-maven-plugin-3.4.0.pom
#21 185.5 [INFO] Downloaded from central: https://repo.maven.apache.org/maven2/org/codehaus/mojo/build-helper-maven-plugin/3.4.0/build-helper-maven-plugin-3.4.0.pom (7.6 kB at 25 kB/s)
#21 185.5 [INFO] Downloading from central: https://repo.maven.apache.org/maven2/org/codehaus/mojo/mojo-parent/74/mojo-parent-74.pom
#21 185.7 [INFO] Downloaded from central: https://repo.maven.apache.org/maven2/org/codehaus/mojo/mojo-parent/74/mojo-parent-74.pom (36 kB at 177 kB/s)
#21 185.7 [INFO] Downloading from central: https://repo.maven.apache.org/maven2/org/codehaus/mojo/build-helper-maven-plugin/3.4.0/build-helper-maven-plugin-3.4.0.jar
#21 186.0 [INFO] Downloaded from central: https://repo.maven.apache.org/maven2/org/codehaus/mojo/build-helper-maven-plugin/3.4.0/build-helper-maven-plugin-3.4.0.jar (70 kB at 275 kB/s)
#21 186.0 [INFO] Downloading from central: https://repo.maven.apache.org/maven2/org/flywaydb/flyway-maven-plugin/9.22.3/flyway-maven-plugin-9.22.3.pom
#21 186.2 [INFO] Downloaded from central: https://repo.maven.apache.org/maven2/org/flywaydb/flyway-maven-plugin/9.22.3/flyway-maven-plugin-9.22.3.pom (4.4 kB at 22 kB/s)
#21 186.2 [INFO] Downloading from central: https://repo.maven.apache.org/maven2/org/flywaydb/flyway-parent/9.22.3/flyway-parent-9.22.3.pom
#21 186.4 [INFO] Downloaded from central: https://repo.maven.apache.org/maven2/org/flywaydb/flyway-parent/9.22.3/flyway-parent-9.22.3.pom (35 kB at 160 kB/s)
#21 186.4 [INFO] Downloading from central: https://repo.maven.apache.org/maven2/org/flywaydb/flyway-maven-plugin/9.22.3/flyway-maven-plugin-9.22.3.jar
#21 186.7 [INFO] Downloaded from central: https://repo.maven.apache.org/maven2/org/flywaydb/flyway-maven-plugin/9.22.3/flyway-maven-plugin-9.22.3.jar (112 kB at 393 kB/s)
#21 186.7 [INFO] Downloading from central: https://repo.maven.apache.org/maven2/io/github/git-commit-id/git-commit-id-maven-plugin/6.0.0/git-commit-id-maven-plugin-6.0.0.pom
#21 186.9 [INFO] Downloaded from central: https://repo.maven.apache.org/maven2/io/github/git-commit-id/git-commit-id-maven-plugin/6.0.0/git-commit-id-maven-plugin-6.0.0.pom (25 kB at 121 kB/s)
#21 186.9 [INFO] Downloading from central: https://repo.maven.apache.org/maven2/io/github/git-commit-id/git-commit-id-maven-plugin/6.0.0/git-commit-id-maven-plugin-6.0.0.jar
#21 187.2 [INFO] Downloaded from central: https://repo.maven.apache.org/maven2/io/github/git-commit-id/git-commit-id-maven-plugin/6.0.0/git-commit-id-maven-plugin-6.0.0.jar (56 kB at 228 kB/s)
#21 187.2 [INFO] Downloading from central: https://repo.maven.apache.org/maven2/org/jooq/jooq-codegen-maven/3.18.14/jooq-codegen-maven-3.18.14.pom
#21 187.4 [INFO] Downloaded from central: https://repo.maven.apache.org/maven2/org/jooq/jooq-codegen-maven/3.18.14/jooq-codegen-maven-3.18.14.pom (4.5 kB at 22 kB/s)
#21 187.4 [INFO] Downloading from central: https://repo.maven.apache.org/maven2/org/jooq/jooq-parent/3.18.14/jooq-parent-3.18.14.pom
#21 187.6 [INFO] Downloaded from central: https://repo.maven.apache.org/maven2/org/jooq/jooq-parent/3.18.14/jooq-parent-3.18.14.pom (38 kB at 184 kB/s)
#21 187.6 [INFO] Downloading from central: https://repo.maven.apache.org/maven2/org/jooq/jooq-codegen-maven/3.18.14/jooq-codegen-maven-3.18.14.jar
#21 187.8 [INFO] Downloaded from central: https://repo.maven.apache.org/maven2/org/jooq/jooq-codegen-maven/3.18.14/jooq-codegen-maven-3.18.14.jar (18 kB at 88 kB/s)
#21 187.8 [INFO] Downloading from central: https://repo.maven.apache.org/maven2/org/jetbrains/kotlin/kotlin-maven-plugin/1.9.23/kotlin-maven-plugin-1.9.23.pom
#21 188.0 [INFO] Downloaded from central: https://repo.maven.apache.org/maven2/org/jetbrains/kotlin/kotlin-maven-plugin/1.9.23/kotlin-maven-plugin-1.9.23.pom (6.7 kB at 30 kB/s)
#21 188.0 [INFO] Downloading from central: https://repo.maven.apache.org/maven2/org/jetbrains/kotlin/kotlin-project/1.9.23/kotlin-project-1.9.23.pom
#21 188.2 [INFO] Downloaded from central: https://repo.maven.apache.org/maven2/org/jetbrains/kotlin/kotlin-project/1.9.23/kotlin-project-1.9.23.pom (16 kB at 78 kB/s)
#21 188.2 [INFO] Downloading from central: https://repo.maven.apache.org/maven2/org/jetbrains/kotlin/kotlin-maven-plugin/1.9.23/kotlin-maven-plugin-1.9.23.jar
#21 188.5 [INFO] Downloaded from central: https://repo.maven.apache.org/maven2/org/jetbrains/kotlin/kotlin-maven-plugin/1.9.23/kotlin-maven-plugin-1.9.23.jar (82 kB at 311 kB/s)
#21 188.5 [INFO] Downloading from central: https://repo.maven.apache.org/maven2/org/liquibase/liquibase-maven-plugin/4.24.0/liquibase-maven-plugin-4.24.0.pom
#21 188.7 [INFO] Downloaded from central: https://repo.maven.apache.org/maven2/org/liquibase/liquibase-maven-plugin/4.24.0/liquibase-maven-plugin-4.24.0.pom (2.0 kB at 9.9 kB/s)
#21 188.7 [INFO] Downloading from central: https://repo.maven.apache.org/maven2/org/liquibase/liquibase-maven-plugin/4.24.0/liquibase-maven-plugin-4.24.0.jar
#21 189.1 [INFO] Downloaded from central: https://repo.maven.apache.org/maven2/org/liquibase/liquibase-maven-plugin/4.24.0/liquibase-maven-plugin-4.24.0.jar (161 kB at 412 kB/s)
#21 189.2 [INFO] Downloading from central: https://repo.maven.apache.org/maven2/org/apache/maven/plugins/maven-antrun-plugin/3.1.0/maven-antrun-plugin-3.1.0.pom
#21 189.4 [INFO] Downloaded from central: https://repo.maven.apache.org/maven2/org/apache/maven/plugins/maven-antrun-plugin/3.1.0/maven-antrun-plugin-3.1.0.pom (9.1 kB at 40 kB/s)
#21 189.4 [INFO] Downloading from central: https://repo.maven.apache.org/maven2/org/apache/maven/plugins/maven-plugins/34/maven-plugins-34.pom
#21 189.6 [INFO] Downloaded from central: https://repo.maven.apache.org/maven2/org/apache/maven/plugins/maven-plugins/34/maven-plugins-34.pom (11 kB at 51 kB/s)
#21 189.6 [INFO] Downloading from central: https://repo.maven.apache.org/maven2/org/apache/maven/plugins/maven-antrun-plugin/3.1.0/maven-antrun-plugin-3.1.0.jar
#21 189.8 [INFO] Downloaded from central: https://repo.maven.apache.org/maven2/org/apache/maven/plugins/maven-antrun-plugin/3.1.0/maven-antrun-plugin-3.1.0.jar (41 kB at 198 kB/s)
#21 189.8 [INFO] Downloading from central: https://repo.maven.apache.org/maven2/org/apache/maven/plugins/maven-assembly-plugin/3.6.0/maven-assembly-plugin-3.6.0.pom
#21 190.0 [INFO] Downloaded from central: https://repo.maven.apache.org/maven2/org/apache/maven/plugins/maven-assembly-plugin/3.6.0/maven-assembly-plugin-3.6.0.pom (15 kB at 74 kB/s)
#21 190.0 [INFO] Downloading from central: https://repo.maven.apache.org/maven2/org/apache/maven/plugins/maven-assembly-plugin/3.6.0/maven-assembly-plugin-3.6.0.jar
#21 190.3 [INFO] Downloaded from central: https://repo.maven.apache.org/maven2/org/apache/maven/plugins/maven-assembly-plugin/3.6.0/maven-assembly-plugin-3.6.0.jar (236 kB at 820 kB/s)
#21 190.3 [INFO] Downloading from central: https://repo.maven.apache.org/maven2/org/apache/maven/plugins/maven-dependency-plugin/3.6.1/maven-dependency-plugin-3.6.1.pom
#21 190.5 [INFO] Downloaded from central: https://repo.maven.apache.org/maven2/org/apache/maven/plugins/maven-dependency-plugin/3.6.1/maven-dependency-plugin-3.6.1.pom (18 kB at 88 kB/s)
#21 190.5 [INFO] Downloading from central: https://repo.maven.apache.org/maven2/org/apache/maven/plugins/maven-dependency-plugin/3.6.1/maven-dependency-plugin-3.6.1.jar
#21 190.8 [INFO] Downloaded from central: https://repo.maven.apache.org/maven2/org/apache/maven/plugins/maven-dependency-plugin/3.6.1/maven-dependency-plugin-3.6.1.jar (191 kB at 672 kB/s)
#21 190.8 [INFO] 
#21 190.8 [INFO] ---------------------< com.pork:breeding-service >----------------------
#21 190.8 [INFO] Building breeding-service 1.0-SNAPSHOT
#21 190.8 [INFO]   from pom.xml
#21 190.8 [INFO] --------------------------------[ jar ]---------------------------------
#21 191.6 [INFO] 
#21 191.6 [INFO] --- dependency:3.6.1:copy-dependencies (default-cli) @ breeding-service ---
#21 191.6 [INFO] Downloading from central: https://repo.maven.apache.org/maven2/org/apache/maven/doxia/doxia-sink-api/1.11.1/doxia-sink-api-1.11.1.pom
#21 191.8 [INFO] Downloaded from central: https://repo.maven.apache.org/maven2/org/apache/maven/doxia/doxia-sink-api/1.11.1/doxia-sink-api-1.11.1.pom (1.6 kB at 7.8 kB/s)
#21 191.8 [INFO] Downloading from central: https://repo.maven.apache.org/maven2/org/apache/maven/doxia/doxia/1.11.1/doxia-1.11.1.pom
#21 192.0 [INFO] Downloaded from central: https://repo.maven.apache.org/maven2/org/apache/maven/doxia/doxia/1.11.1/doxia-1.11.1.pom (18 kB at 91 kB/s)
#21 192.0 [INFO] Downloading from central: https://repo.maven.apache.org/maven2/org/apache/maven/doxia/doxia-logging-api/1.11.1/doxia-logging-api-1.11.1.pom
#21 192.2 [INFO] Downloaded from central: https://repo.maven.apache.org/maven2/org/apache/maven/doxia/doxia-logging-api/1.11.1/doxia-logging-api-1.11.1.pom (1.6 kB at 7.6 kB/s)
#21 192.2 [INFO] Downloading from central: https://repo.maven.apache.org/maven2/org/apache/maven/reporting/maven-reporting-api/3.1.1/maven-reporting-api-3.1.1.pom
#21 192.4 [INFO] Downloaded from central: https://repo.maven.apache.org/maven2/org/apache/maven/reporting/maven-reporting-api/3.1.1/maven-reporting-api-3.1.1.pom (3.8 kB at 19 kB/s)
#21 192.5 [INFO] Downloading from central: https://repo.maven.apache.org/maven2/org/apache/maven/reporting/maven-reporting-impl/3.2.0/maven-reporting-impl-3.2.0.pom
#21 193.2 [INFO] Downloaded from central: https://repo.maven.apache.org/maven2/org/apache/maven/reporting/maven-reporting-impl/3.2.0/maven-reporting-impl-3.2.0.pom (7.6 kB at 10 kB/s)
#21 193.2 [INFO] Downloading from central: https://repo.maven.apache.org/maven2/org/apache/maven/maven-core/3.1.0/maven-core-3.1.0.pom
#21 193.4 [INFO] Downloaded from central: https://repo.maven.apache.org/maven2/org/apache/maven/maven-core/3.1.0/maven-core-3.1.0.pom (6.9 kB at 36 kB/s)
#21 193.4 [INFO] Downloading from central: https://repo.maven.apache.org/maven2/org/apache/maven/maven/3.1.0/maven-3.1.0.pom
#21 193.6 [INFO] Downloaded from central: https://repo.maven.apache.org/maven2/org/apache/maven/maven/3.1.0/maven-3.1.0.pom (22 kB at 111 kB/s)
#21 193.6 [INFO] Downloading from central: https://repo.maven.apache.org/maven2/org/apache/maven/maven-model/3.1.0/maven-model-3.1.0.pom
#21 193.8 [INFO] Downloaded from central: https://repo.maven.apache.org/maven2/org/apache/maven/maven-model/3.1.0/maven-model-3.1.0.pom (3.8 kB at 18 kB/s)
#21 193.8 [INFO] Downloading from central: https://repo.maven.apache.org/maven2/org/codehaus/plexus/plexus-utils/4.0.0/plexus-utils-4.0.0.pom
#21 194.0 [INFO] Downloaded from central: https://repo.maven.apache.org/maven2/org/codehaus/plexus/plexus-utils/4.0.0/plexus-utils-4.0.0.pom (8.7 kB at 40 kB/s)
#21 194.0 [INFO] Downloading from central: https://repo.maven.apache.org/maven2/org/codehaus/plexus/plexus/13/plexus-13.pom
#21 194.2 [INFO] Downloaded from central: https://repo.maven.apache.org/maven2/org/codehaus/plexus/plexus/13/plexus-13.pom (27 kB at 138 kB/s)
#21 194.2 [INFO] Downloading from central: https://repo.maven.apache.org/maven2/org/apache/maven/maven-settings/3.1.0/maven-settings-3.1.0.pom
#21 194.4 [INFO] Downloaded from central: https://repo.maven.apache.org/maven2/org/apache/maven/maven-settings/3.1.0/maven-settings-3.1.0.pom (1.8 kB at 9.2 kB/s)
#21 194.4 [INFO] Downloading from central: https://repo.maven.apache.org/maven2/org/apache/maven/maven-settings-builder/3.1.0/maven-settings-builder-3.1.0.pom
#21 194.6 [INFO] Downloaded from central: https://repo.maven.apache.org/maven2/org/apache/maven/maven-settings-builder/3.1.0/maven-settings-builder-3.1.0.pom (2.3 kB at 11 kB/s)
#21 194.6 [INFO] Downloading from central: https://repo.maven.apache.org/maven2/org/codehaus/plexus/plexus-interpolation/1.16/plexus-interpolation-1.16.pom
#21 194.8 [INFO] Downloaded from central: https://repo.maven.apache.org/maven2/org/codehaus/plexus/plexus-interpolation/1.16/plexus-interpolation-1.16.pom (1.0 kB at 5.3 kB/s)
#21 194.8 [INFO] Downloading from central: https://repo.maven.apache.org/maven2/org/codehaus/plexus/plexus-components/1.3/plexus-components-1.3.pom
#21 195.0 [INFO] Downloaded from central: https://repo.maven.apache.org/maven2/org/codehaus/plexus/plexus-components/1.3/plexus-components-1.3.pom (3.1 kB at 16 kB/s)
#21 195.0 [INFO] Downloading from central: https://repo.maven.apache.org/maven2/org/codehaus/plexus/plexus/3.3/plexus-3.3.pom
#21 195.2 [INFO] Downloaded from central: https://repo.maven.apache.org/maven2/org/codehaus/plexus/plexus/3.3/plexus-3.3.pom (20 kB at 105 kB/s)
#21 195.2 [INFO] Downloading from central: https://repo.maven.apache.org/maven2/org/apache/maven/maven-repository-metadata/3.1.0/maven-repository-metadata-3.1.0.pom
#21 195.4 [INFO] Downloaded from central: https://repo.maven.apache.org/maven2/org/apache/maven/maven-repository-metadata/3.1.0/maven-repository-metadata-3.1.0.pom (1.9 kB at 9.4 kB/s)
#21 195.5 [INFO] Downloading from central: https://repo.maven.apache.org/maven2/org/apache/maven/maven-artifact/3.1.0/maven-artifact-3.1.0.pom
#21 195.7 [INFO] Downloaded from central: https://repo.maven.apache.org/maven2/org/apache/maven/maven-artifact/3.1.0/maven-artifact-3.1.0.pom (1.6 kB at 8.0 kB/s)
#21 195.7 [INFO] Downloading from central: https://repo.maven.apache.org/maven2/org/apache/maven/maven-plugin-api/3.1.0/maven-plugin-api-3.1.0.pom
#21 195.9 [INFO] Downloaded from central: https://repo.maven.apache.org/maven2/org/apache/maven/maven-plugin-api/3.1.0/maven-plugin-api-3.1.0.pom (3.0 kB at 15 kB/s)
#21 195.9 [INFO] Downloading from central: https://repo.maven.apache.org/maven2/org/eclipse/sisu/org.eclipse.sisu.plexus/0.3.0.M1/org.eclipse.sisu.plexus-0.3.0.M1.pom
#21 196.1 [INFO] Downloaded from central: https://repo.maven.apache.org/maven2/org/eclipse/sisu/org.eclipse.sisu.plexus/0.3.0.M1/org.eclipse.sisu.plexus-0.3.0.M1.pom (4.7 kB at 24 kB/s)
#21 196.1 [INFO] Downloading from central: https://repo.maven.apache.org/maven2/org/eclipse/sisu/sisu-plexus/0.3.0.M1/sisu-plexus-0.3.0.M1.pom
#21 196.3 [INFO] Downloaded from central: https://repo.maven.apache.org/maven2/org/eclipse/sisu/sisu-plexus/0.3.0.M1/sisu-plexus-0.3.0.M1.pom (13 kB at 67 kB/s)
#21 196.3 [INFO] Downloading from central: https://repo.maven.apache.org/maven2/javax/enterprise/cdi-api/1.0/cdi-api-1.0.pom
#21 196.5 [INFO] Downloaded from central: https://repo.maven.apache.org/maven2/javax/enterprise/cdi-api/1.0/cdi-api-1.0.pom (1.4 kB at 7.3 kB/s)
#21 196.5 [INFO] Downloading from central: https://repo.maven.apache.org/maven2/org/jboss/weld/weld-api-parent/1.0/weld-api-parent-1.0.pom
#21 196.7 [INFO] Downloaded from central: https://repo.maven.apache.org/maven2/org/jboss/weld/weld-api-parent/1.0/weld-api-parent-1.0.pom (2.4 kB at 12 kB/s)
#21 196.7 [INFO] Downloading from central: https://repo.maven.apache.org/maven2/org/jboss/weld/weld-api-bom/1.0/weld-api-bom-1.0.pom
#21 196.9 [INFO] Downloaded from central: https://repo.maven.apache.org/maven2/org/jboss/weld/weld-api-bom/1.0/weld-api-bom-1.0.pom (7.9 kB at 40 kB/s)
#21 196.9 [INFO] Downloading from central: https://repo.maven.apache.org/maven2/org/jboss/weld/weld-parent/6/weld-parent-6.pom
#21 197.1 [INFO] Downloaded from central: https://repo.maven.apache.org/maven2/org/jboss/weld/weld-parent/6/weld-parent-6.pom (21 kB at 108 kB/s)
#21 197.1 [INFO] Downloading from central: https://repo.maven.apache.org/maven2/javax/annotation/jsr250-api/1.0/jsr250-api-1.0.pom
#21 197.3 [INFO] Downloaded from central: https://repo.maven.apache.org/maven2/javax/annotation/jsr250-api/1.0/jsr250-api-1.0.pom (1.0 kB at 5.2 kB/s)
#21 197.3 [INFO] Downloading from central: https://repo.maven.apache.org/maven2/org/eclipse/sisu/org.eclipse.sisu.inject/0.3.0.M1/org.eclipse.sisu.inject-0.3.0.M1.pom
#21 197.5 [INFO] Downloaded from central: https://repo.maven.apache.org/maven2/org/eclipse/sisu/org.eclipse.sisu.inject/0.3.0.M1/org.eclipse.sisu.inject-0.3.0.M1.pom (2.5 kB at 13 kB/s)
#21 197.5 [INFO] Downloading from central: https://repo.maven.apache.org/maven2/org/eclipse/sisu/sisu-inject/0.3.0.M1/sisu-inject-0.3.0.M1.pom
#21 197.7 [INFO] Downloaded from central: https://repo.maven.apache.org/maven2/org/eclipse/sisu/sisu-inject/0.3.0.M1/sisu-inject-0.3.0.M1.pom (14 kB at 50 kB/s)
#21 197.7 [INFO] Downloading from central: https://repo.maven.apache.org/maven2/org/codehaus/plexus/plexus-classworlds/2.5.1/plexus-classworlds-2.5.1.pom
#21 197.9 [INFO] Downloaded from central: https://repo.maven.apache.org/maven2/org/codehaus/plexus/plexus-classworlds/2.5.1/plexus-classworlds-2.5.1.pom (5.0 kB at 25 kB/s)
#21 198.0 [INFO] Downloading from central: https://repo.maven.apache.org/maven2/org/apache/maven/maven-model-builder/3.1.0/maven-model-builder-3.1.0.pom
#21 198.1 [INFO] Downloaded from central: https://repo.maven.apache.org/maven2/org/apache/maven/maven-model-builder/3.1.0/maven-model-builder-3.1.0.pom (2.5 kB at 13 kB/s)
#21 198.1 [INFO] Downloading from central: https://repo.maven.apache.org/maven2/org/apache/maven/maven-aether-provider/3.1.0/maven-aether-provider-3.1.0.pom
#21 198.3 [INFO] Downloaded from central: https://repo.maven.apache.org/maven2/org/apache/maven/maven-aether-provider/3.1.0/maven-aether-provider-3.1.0.pom (3.5 kB at 18 kB/s)
#21 198.3 [INFO] Downloading from central: https://repo.maven.apache.org/maven2/org/eclipse/aether/aether-api/0.9.0.M2/aether-api-0.9.0.M2.pom
#21 198.5 [INFO] Downloaded from central: https://repo.maven.apache.org/maven2/org/eclipse/aether/aether-api/0.9.0.M2/aether-api-0.9.0.M2.pom (1.7 kB at 8.9 kB/s)
#21 198.5 [INFO] Downloading from central: https://repo.maven.apache.org/maven2/org/eclipse/aether/aether/0.9.0.M2/aether-0.9.0.M2.pom
#21 198.8 [INFO] Downloaded from central: https://repo.maven.apache.org/maven2/org/eclipse/aether/aether/0.9.0.M2/aether-0.9.0.M2.pom (28 kB at 127 kB/s)
#21 198.8 [INFO] Downloading from central: https://repo.maven.apache.org/maven2/org/eclipse/aether/aether-spi/0.9.0.M2/aether-spi-0.9.0.M2.pom
#21 199.0 [INFO] Downloaded from central: https://repo.maven.apache.org/maven2/org/eclipse/aether/aether-spi/0.9.0.M2/aether-spi-0.9.0.M2.pom (1.8 kB at 8.8 kB/s)
#21 199.0 [INFO] Downloading from central: https://repo.maven.apache.org/maven2/org/eclipse/aether/aether-util/0.9.0.M2/aether-util-0.9.0.M2.pom
#21 199.2 [INFO] Downloaded from central: https://repo.maven.apache.org/maven2/org/eclipse/aether/aether-util/0.9.0.M2/aether-util-0.9.0.M2.pom (2.0 kB at 9.8 kB/s)
#21 199.2 [INFO] Downloading from central: https://repo.maven.apache.org/maven2/org/eclipse/aether/aether-impl/0.9.0.M2/aether-impl-0.9.0.M2.pom
#21 199.4 [INFO] Downloaded from central: https://repo.maven.apache.org/maven2/org/eclipse/aether/aether-impl/0.9.0.M2/aether-impl-0.9.0.M2.pom (3.3 kB at 16 kB/s)
#21 199.4 [INFO] Downloading from central: https://repo.maven.apache.org/maven2/org/codehaus/plexus/plexus-classworlds/2.4.2/plexus-classworlds-2.4.2.pom
#21 199.6 [INFO] Downloaded from central: https://repo.maven.apache.org/maven2/org/codehaus/plexus/plexus-classworlds/2.4.2/plexus-classworlds-2.4.2.pom (3.5 kB at 18 kB/s)
#21 199.6 [INFO] Downloading from central: https://repo.maven.apache.org/maven2/org/codehaus/plexus/plexus/3.0.1/plexus-3.0.1.pom
#21 199.8 [INFO] Downloaded from central: https://repo.maven.apache.org/maven2/org/codehaus/plexus/plexus/3.0.1/plexus-3.0.1.pom (19 kB at 95 kB/s)
#21 199.8 [INFO] Downloading from central: https://repo.maven.apache.org/maven2/org/apache/maven/doxia/doxia-decoration-model/1.11.1/doxia-decoration-model-1.11.1.pom
#21 200.0 [INFO] Downloaded from central: https://repo.maven.apache.org/maven2/org/apache/maven/doxia/doxia-decoration-model/1.11.1/doxia-decoration-model-1.11.1.pom (3.4 kB at 17 kB/s)
#21 200.0 [INFO] Downloading from central: https://repo.maven.apache.org/maven2/org/apache/maven/doxia/doxia-sitetools/1.11.1/doxia-sitetools-1.11.1.pom
#21 200.2 [INFO] Downloaded from central: https://repo.maven.apache.org/maven2/org/apache/maven/doxia/doxia-sitetools/1.11.1/doxia-sitetools-1.11.1.pom (14 kB at 66 kB/s)
#21 200.2 [INFO] Downloading from central: https://repo.maven.apache.org/maven2/org/codehaus/plexus/plexus-component-annotations/2.0.0/plexus-component-annotations-2.0.0.pom
#21 200.4 [INFO] Downloaded from central: https://repo.maven.apache.org/maven2/org/codehaus/plexus/plexus-component-annotations/2.0.0/plexus-component-annotations-2.0.0.pom (750 B at 3.6 kB/s)
#21 200.4 [INFO] Downloading from central: https://repo.maven.apache.org/maven2/org/codehaus/plexus/plexus-containers/2.0.0/plexus-containers-2.0.0.pom
#21 200.6 [INFO] Downloaded from central: https://repo.maven.apache.org/maven2/org/codehaus/plexus/plexus-containers/2.0.0/plexus-containers-2.0.0.pom (4.8 kB at 23 kB/s)
#21 200.6 [INFO] Downloading from central: https://repo.maven.apache.org/maven2/org/apache/maven/doxia/doxia-core/1.11.1/doxia-core-1.11.1.pom
#21 200.8 [INFO] Downloaded from central: https://repo.maven.apache.org/maven2/org/apache/maven/doxia/doxia-core/1.11.1/doxia-core-1.11.1.pom (4.5 kB at 23 kB/s)
#21 200.8 [INFO] Downloading from central: https://repo.maven.apache.org/maven2/org/codehaus/plexus/plexus-component-annotations/2.1.0/plexus-component-annotations-2.1.0.pom
#21 201.0 [INFO] Downloaded from central: https://repo.maven.apache.org/maven2/org/codehaus/plexus/plexus-component-annotations/2.1.0/plexus-component-annotations-2.1.0.pom (750 B at 4.0 kB/s)
#21 201.0 [INFO] Downloading from central: https://repo.maven.apache.org/maven2/org/codehaus/plexus/plexus-containers/2.1.0/plexus-containers-2.1.0.pom
#21 201.2 [INFO] Downloaded from central: https://repo.maven.apache.org/maven2/org/codehaus/plexus/plexus-containers/2.1.0/plexus-containers-2.1.0.pom (4.8 kB at 24 kB/s)
#21 201.2 [INFO] Downloading from central: https://repo.maven.apache.org/maven2/org/apache/commons/commons-lang3/3.8.1/commons-lang3-3.8.1.pom
#21 201.4 [INFO] Downloaded from central: https://repo.maven.apache.org/maven2/org/apache/commons/commons-lang3/3.8.1/commons-lang3-3.8.1.pom (28 kB at 139 kB/s)
#21 201.4 [INFO] Downloading from central: https://repo.maven.apache.org/maven2/org/apache/commons/commons-parent/47/commons-parent-47.pom
#21 201.6 [INFO] Downloaded from central: https://repo.maven.apache.org/maven2/org/apache/commons/commons-parent/47/commons-parent-47.pom (78 kB at 377 kB/s)
#21 201.6 [INFO] Downloading from central: https://repo.maven.apache.org/maven2/org/apache/apache/19/apache-19.pom
#21 201.8 [INFO] Downloaded from central: https://repo.maven.apache.org/maven2/org/apache/apache/19/apache-19.pom (15 kB at 78 kB/s)
#21 201.8 [INFO] Downloading from central: https://repo.maven.apache.org/maven2/org/apache/commons/commons-text/1.10.0/commons-text-1.10.0.pom
#21 202.0 [INFO] Downloaded from central: https://repo.maven.apache.org/maven2/org/apache/commons/commons-text/1.10.0/commons-text-1.10.0.pom (21 kB at 104 kB/s)
#21 202.0 [INFO] Downloading from central: https://repo.maven.apache.org/maven2/org/apache/commons/commons-parent/54/commons-parent-54.pom
#21 202.2 [INFO] Downloaded from central: https://repo.maven.apache.org/maven2/org/apache/commons/commons-parent/54/commons-parent-54.pom (82 kB at 401 kB/s)
#21 202.2 [INFO] Downloading from central: https://repo.maven.apache.org/maven2/org/apache/httpcomponents/httpcore/4.4.13/httpcore-4.4.13.pom
#21 202.4 [INFO] Downloaded from central: https://repo.maven.apache.org/maven2/org/apache/httpcomponents/httpcore/4.4.13/httpcore-4.4.13.pom (5.0 kB at 25 kB/s)
#21 202.4 [INFO] Downloading from central: https://repo.maven.apache.org/maven2/org/apache/httpcomponents/httpcomponents-core/4.4.13/httpcomponents-core-4.4.13.pom
#21 202.6 [INFO] Downloaded from central: https://repo.maven.apache.org/maven2/org/apache/httpcomponents/httpcomponents-core/4.4.13/httpcomponents-core-4.4.13.pom (13 kB at 66 kB/s)
#21 202.6 [INFO] Downloading from central: https://repo.maven.apache.org/maven2/commons-logging/commons-logging/1.2/commons-logging-1.2.pom
#21 202.8 [INFO] Downloaded from central: https://repo.maven.apache.org/maven2/commons-logging/commons-logging/1.2/commons-logging-1.2.pom (19 kB at 96 kB/s)
#21 202.8 [INFO] Downloading from central: https://repo.maven.apache.org/maven2/org/apache/commons/commons-parent/34/commons-parent-34.pom
#21 203.1 [INFO] Downloaded from central: https://repo.maven.apache.org/maven2/org/apache/commons/commons-parent/34/commons-parent-34.pom (56 kB at 277 kB/s)
#21 203.1 [INFO] Downloading from central: https://repo.maven.apache.org/maven2/commons-codec/commons-codec/1.11/commons-codec-1.11.pom
#21 203.3 [INFO] Downloaded from central: https://repo.maven.apache.org/maven2/commons-codec/commons-codec/1.11/commons-codec-1.11.pom (14 kB at 69 kB/s)
#21 203.3 [INFO] Downloading from central: https://repo.maven.apache.org/maven2/org/apache/httpcomponents/httpcore/4.4.14/httpcore-4.4.14.pom
#21 203.5 [INFO] Downloaded from central: https://repo.maven.apache.org/maven2/org/apache/httpcomponents/httpcore/4.4.14/httpcore-4.4.14.pom (5.0 kB at 25 kB/s)
#21 203.5 [INFO] Downloading from central: https://repo.maven.apache.org/maven2/org/apache/httpcomponents/httpcomponents-core/4.4.14/httpcomponents-core-4.4.14.pom
#21 203.7 [INFO] Downloaded from central: https://repo.maven.apache.org/maven2/org/apache/httpcomponents/httpcomponents-core/4.4.14/httpcomponents-core-4.4.14.pom (13 kB at 67 kB/s)
#21 203.7 [INFO] Downloading from central: https://repo.maven.apache.org/maven2/org/apache/maven/doxia/doxia-integration-tools/1.11.1/doxia-integration-tools-1.11.1.pom
#21 203.9 [INFO] Downloaded from central: https://repo.maven.apache.org/maven2/org/apache/maven/doxia/doxia-integration-tools/1.11.1/doxia-integration-tools-1.11.1.pom (6.0 kB at 30 kB/s)
#21 203.9 [INFO] Downloading from central: https://repo.maven.apache.org/maven2/org/apache/maven/reporting/maven-reporting-api/3.0/maven-reporting-api-3.0.pom
#21 204.1 [INFO] Downloaded from central: https://repo.maven.apache.org/maven2/org/apache/maven/reporting/maven-reporting-api/3.0/maven-reporting-api-3.0.pom (2.4 kB at 12 kB/s)
#21 204.1 [INFO] Downloading from central: https://repo.maven.apache.org/maven2/org/apache/maven/shared/maven-shared-components/15/maven-shared-components-15.pom
#21 204.3 [INFO] Downloaded from central: https://repo.maven.apache.org/maven2/org/apache/maven/shared/maven-shared-components/15/maven-shared-components-15.pom (9.3 kB at 47 kB/s)
#21 204.3 [INFO] Downloading from central: https://repo.maven.apache.org/maven2/org/apache/maven/maven-parent/16/maven-parent-16.pom
#21 204.5 [INFO] Downloaded from central: https://repo.maven.apache.org/maven2/org/apache/maven/maven-parent/16/maven-parent-16.pom (23 kB at 117 kB/s)
#21 204.5 [INFO] Downloading from central: https://repo.maven.apache.org/maven2/org/apache/apache/7/apache-7.pom
#21 204.7 [INFO] Downloaded from central: https://repo.maven.apache.org/maven2/org/apache/apache/7/apache-7.pom (14 kB at 73 kB/s)
#21 204.7 [INFO] Downloading from central: https://repo.maven.apache.org/maven2/org/apache/maven/doxia/doxia-sink-api/1.0/doxia-sink-api-1.0.pom
#21 204.9 [INFO] Downloaded from central: https://repo.maven.apache.org/maven2/org/apache/maven/doxia/doxia-sink-api/1.0/doxia-sink-api-1.0.pom (1.4 kB at 6.9 kB/s)
#21 204.9 [INFO] Downloading from central: https://repo.maven.apache.org/maven2/org/apache/maven/doxia/doxia/1.0/doxia-1.0.pom
#21 205.1 [INFO] Downloaded from central: https://repo.maven.apache.org/maven2/org/apache/maven/doxia/doxia/1.0/doxia-1.0.pom (9.6 kB at 50 kB/s)
#21 205.1 [INFO] Downloading from central: https://repo.maven.apache.org/maven2/org/apache/maven/maven-parent/10/maven-parent-10.pom
#21 205.3 [INFO] Downloaded from central: https://repo.maven.apache.org/maven2/org/apache/maven/maven-parent/10/maven-parent-10.pom (32 kB at 157 kB/s)
#21 205.3 [INFO] Downloading from central: https://repo.maven.apache.org/maven2/org/apache/apache/4/apache-4.pom
#21 205.5 [INFO] Downloaded from central: https://repo.maven.apache.org/maven2/org/apache/apache/4/apache-4.pom (4.5 kB at 22 kB/s)
#21 205.5 [INFO] Downloading from central: https://repo.maven.apache.org/maven2/org/apache/maven/maven-artifact/2.2.1/maven-artifact-2.2.1.pom
#21 205.7 [INFO] Downloaded from central: https://repo.maven.apache.org/maven2/org/apache/maven/maven-artifact/2.2.1/maven-artifact-2.2.1.pom (1.6 kB at 7.5 kB/s)
#21 205.7 [INFO] Downloading from central: https://repo.maven.apache.org/maven2/org/apache/maven/maven/2.2.1/maven-2.2.1.pom
#21 205.9 [INFO] Downloaded from central: https://repo.maven.apache.org/maven2/org/apache/maven/maven/2.2.1/maven-2.2.1.pom (22 kB at 113 kB/s)
#21 205.9 [INFO] Downloading from central: https://repo.maven.apache.org/maven2/org/apache/maven/maven-parent/11/maven-parent-11.pom
#21 206.1 [INFO] Downloaded from central: https://repo.maven.apache.org/maven2/org/apache/maven/maven-parent/11/maven-parent-11.pom (32 kB at 163 kB/s)
#21 206.1 [INFO] Downloading from central: https://repo.maven.apache.org/maven2/org/apache/apache/5/apache-5.pom
#21 206.3 [INFO] Downloaded from central: https://repo.maven.apache.org/maven2/org/apache/apache/5/apache-5.pom (4.1 kB at 20 kB/s)
#21 206.3 [INFO] Downloading from central: https://repo.maven.apache.org/maven2/org/apache/maven/maven-model/2.2.1/maven-model-2.2.1.pom
#21 206.5 [INFO] Downloaded from central: https://repo.maven.apache.org/maven2/org/apache/maven/maven-model/2.2.1/maven-model-2.2.1.pom (3.2 kB at 17 kB/s)
#21 206.5 [INFO] Downloading from central: https://repo.maven.apache.org/maven2/org/apache/maven/maven-plugin-api/2.2.1/maven-plugin-api-2.2.1.pom
#21 206.7 [INFO] Downloaded from central: https://repo.maven.apache.org/maven2/org/apache/maven/maven-plugin-api/2.2.1/maven-plugin-api-2.2.1.pom (1.5 kB at 7.4 kB/s)
#21 206.7 [INFO] Downloading from central: https://repo.maven.apache.org/maven2/org/codehaus/plexus/plexus-i18n/1.0-beta-10/plexus-i18n-1.0-beta-10.pom
#21 206.9 [INFO] Downloaded from central: https://repo.maven.apache.org/maven2/org/codehaus/plexus/plexus-i18n/1.0-beta-10/plexus-i18n-1.0-beta-10.pom (2.1 kB at 11 kB/s)
#21 206.9 [INFO] Downloading from central: https://repo.maven.apache.org/maven2/org/codehaus/plexus/plexus-components/1.1.12/plexus-components-1.1.12.pom
#21 207.1 [INFO] Downloaded from central: https://repo.maven.apache.org/maven2/org/codehaus/plexus/plexus-components/1.1.12/plexus-components-1.1.12.pom (3.0 kB at 16 kB/s)
#21 207.1 [INFO] Downloading from central: https://repo.maven.apache.org/maven2/org/codehaus/plexus/plexus/1.0.10/plexus-1.0.10.pom
#21 207.3 [INFO] Downloaded from central: https://repo.maven.apache.org/maven2/org/codehaus/plexus/plexus/1.0.10/plexus-1.0.10.pom (8.2 kB at 41 kB/s)
#21 207.3 [INFO] Downloading from central: https://repo.maven.apache.org/maven2/org/apache/maven/doxia/doxia-site-renderer/1.11.1/doxia-site-renderer-1.11.1.pom
#21 207.5 [INFO] Downloaded from central: https://repo.maven.apache.org/maven2/org/apache/maven/doxia/doxia-site-renderer/1.11.1/doxia-site-renderer-1.11.1.pom (7.7 kB at 34 kB/s)
#21 207.5 [INFO] Downloading from central: https://repo.maven.apache.org/maven2/org/apache/maven/maven-artifact/3.0/maven-artifact-3.0.pom
#21 207.7 [INFO] Downloaded from central: https://repo.maven.apache.org/maven2/org/apache/maven/maven-artifact/3.0/maven-artifact-3.0.pom (1.9 kB at 10 kB/s)
#21 207.7 [INFO] Downloading from central: https://repo.maven.apache.org/maven2/org/apache/maven/maven/3.0/maven-3.0.pom
#21 207.9 [INFO] Downloaded from central: https://repo.maven.apache.org/maven2/org/apache/maven/maven/3.0/maven-3.0.pom (22 kB at 112 kB/s)
#21 207.9 [INFO] Downloading from central: https://repo.maven.apache.org/maven2/org/apache/maven/maven-parent/15/maven-parent-15.pom
#21 208.1 [INFO] Downloaded from central: https://repo.maven.apache.org/maven2/org/apache/maven/maven-parent/15/maven-parent-15.pom (24 kB at 124 kB/s)
#21 208.1 [INFO] Downloading from central: https://repo.maven.apache.org/maven2/org/apache/apache/6/apache-6.pom
#21 208.3 [INFO] Downloaded from central: https://repo.maven.apache.org/maven2/org/apache/apache/6/apache-6.pom (13 kB at 64 kB/s)
#21 208.3 [INFO] Downloading from central: https://repo.maven.apache.org/maven2/org/apache/maven/doxia/doxia-skin-model/1.11.1/doxia-skin-model-1.11.1.pom
#21 208.5 [INFO] Downloaded from central: https://repo.maven.apache.org/maven2/org/apache/maven/doxia/doxia-skin-model/1.11.1/doxia-skin-model-1.11.1.pom (3.0 kB at 16 kB/s)
#21 208.5 [INFO] Downloading from central: https://repo.maven.apache.org/maven2/org/apache/maven/doxia/doxia-module-xhtml/1.11.1/doxia-module-xhtml-1.11.1.pom
#21 208.7 [INFO] Downloaded from central: https://repo.maven.apache.org/maven2/org/apache/maven/doxia/doxia-module-xhtml/1.11.1/doxia-module-xhtml-1.11.1.pom (2.0 kB at 10 kB/s)
#21 208.7 [INFO] Downloading from central: https://repo.maven.apache.org/maven2/org/apache/maven/doxia/doxia-modules/1.11.1/doxia-modules-1.11.1.pom
#21 208.9 [INFO] Downloaded from central: https://repo.maven.apache.org/maven2/org/apache/maven/doxia/doxia-modules/1.11.1/doxia-modules-1.11.1.pom (2.7 kB at 14 kB/s)
#21 208.9 [INFO] Downloading from central: https://repo.maven.apache.org/maven2/org/apache/maven/doxia/doxia-module-xhtml5/1.11.1/doxia-module-xhtml5-1.11.1.pom
#21 209.1 [INFO] Downloaded from central: https://repo.maven.apache.org/maven2/org/apache/maven/doxia/doxia-module-xhtml5/1.11.1/doxia-module-xhtml5-1.11.1.pom (2.0 kB at 10 kB/s)
#21 209.1 [INFO] Downloading from central: https://repo.maven.apache.org/maven2/org/codehaus/plexus/plexus-velocity/1.2/plexus-velocity-1.2.pom
#21 209.3 [INFO] Downloaded from central: https://repo.maven.apache.org/maven2/org/codehaus/plexus/plexus-velocity/1.2/plexus-velocity-1.2.pom (2.8 kB at 14 kB/s)
#21 209.3 [INFO] Downloading from central: https://repo.maven.apache.org/maven2/org/codehaus/plexus/plexus-components/4.0/plexus-components-4.0.pom
#21 209.5 [INFO] Downloaded from central: https://repo.maven.apache.org/maven2/org/codehaus/plexus/plexus-components/4.0/plexus-components-4.0.pom (2.7 kB at 14 kB/s)
#21 209.5 [INFO] Downloading from central: https://repo.maven.apache.org/maven2/org/codehaus/plexus/plexus/4.0/plexus-4.0.pom
#21 209.7 [INFO] Downloaded from central: https://repo.maven.apache.org/maven2/org/codehaus/plexus/plexus/4.0/plexus-4.0.pom (22 kB at 114 kB/s)
#21 209.7 [INFO] Downloading from central: https://repo.maven.apache.org/maven2/commons-collections/commons-collections/3.1/commons-collections-3.1.pom
#21 209.9 [INFO] Downloaded from central: https://repo.maven.apache.org/maven2/commons-collections/commons-collections/3.1/commons-collections-3.1.pom (6.1 kB at 31 kB/s)
#21 209.9 [INFO] Downloading from central: https://repo.maven.apache.org/maven2/org/apache/velocity/velocity/1.7/velocity-1.7.pom
#21 210.1 [INFO] Downloaded from central: https://repo.maven.apache.org/maven2/org/apache/velocity/velocity/1.7/velocity-1.7.pom (11 kB at 57 kB/s)
#21 210.1 [INFO] Downloading from central: https://repo.maven.apache.org/maven2/commons-collections/commons-collections/3.2.1/commons-collections-3.2.1.pom
#21 210.3 [INFO] Downloaded from central: https://repo.maven.apache.org/maven2/commons-collections/commons-collections/3.2.1/commons-collections-3.2.1.pom (13 kB at 67 kB/s)
#21 210.3 [INFO] Downloading from central: https://repo.maven.apache.org/maven2/org/apache/commons/commons-parent/9/commons-parent-9.pom
#21 210.4 [INFO] Downloaded from central: https://repo.maven.apache.org/maven2/org/apache/commons/commons-parent/9/commons-parent-9.pom (22 kB at 115 kB/s)
#21 210.4 [INFO] Downloading from central: https://repo.maven.apache.org/maven2/commons-lang/commons-lang/2.4/commons-lang-2.4.pom
#21 210.6 [INFO] Downloaded from central: https://repo.maven.apache.org/maven2/commons-lang/commons-lang/2.4/commons-lang-2.4.pom (14 kB at 73 kB/s)
#21 210.6 [INFO] Downloading from central: https://repo.maven.apache.org/maven2/org/apache/velocity/velocity-tools/2.0/velocity-tools-2.0.pom
#21 210.8 [INFO] Downloaded from central: https://repo.maven.apache.org/maven2/org/apache/velocity/velocity-tools/2.0/velocity-tools-2.0.pom (18 kB at 94 kB/s)
#21 210.8 [INFO] Downloading from central: https://repo.maven.apache.org/maven2/commons-beanutils/commons-beanutils/1.7.0/commons-beanutils-1.7.0.pom
#21 211.0 [INFO] Downloaded from central: https://repo.maven.apache.org/maven2/commons-beanutils/commons-beanutils/1.7.0/commons-beanutils-1.7.0.pom (357 B at 1.8 kB/s)
#21 211.0 [INFO] Downloading from central: https://repo.maven.apache.org/maven2/commons-logging/commons-logging/1.0.3/commons-logging-1.0.3.pom
#21 211.2 [INFO] Downloaded from central: https://repo.maven.apache.org/maven2/commons-logging/commons-logging/1.0.3/commons-logging-1.0.3.pom (866 B at 4.7 kB/s)
#21 211.2 [INFO] Downloading from central: https://repo.maven.apache.org/maven2/commons-digester/commons-digester/1.8/commons-digester-1.8.pom
#21 211.4 [INFO] Downloaded from central: https://repo.maven.apache.org/maven2/commons-digester/commons-digester/1.8/commons-digester-1.8.pom (7.0 kB at 36 kB/s)
#21 211.4 [INFO] Downloading from central: https://repo.maven.apache.org/maven2/commons-logging/commons-logging/1.1/commons-logging-1.1.pom
#21 211.6 [INFO] Downloaded from central: https://repo.maven.apache.org/maven2/commons-logging/commons-logging/1.1/commons-logging-1.1.pom (6.2 kB at 32 kB/s)
#21 211.6 [INFO] Downloading from central: https://repo.maven.apache.org/maven2/log4j/log4j/1.2.12/log4j-1.2.12.pom
#21 211.8 [INFO] Downloaded from central: https://repo.maven.apache.org/maven2/log4j/log4j/1.2.12/log4j-1.2.12.pom (145 B at 755 B/s)
#21 211.8 [INFO] Downloading from central: https://repo.maven.apache.org/maven2/logkit/logkit/1.0.1/logkit-1.0.1.pom
#21 212.0 [INFO] Downloaded from central: https://repo.maven.apache.org/maven2/logkit/logkit/1.0.1/logkit-1.0.1.pom (147 B at 742 B/s)
#21 212.0 [INFO] Downloading from central: https://repo.maven.apache.org/maven2/avalon-framework/avalon-framework/4.1.3/avalon-framework-4.1.3.pom
#21 212.2 [INFO] Downloaded from central: https://repo.maven.apache.org/maven2/avalon-framework/avalon-framework/4.1.3/avalon-framework-4.1.3.pom (167 B at 856 B/s)
#21 212.2 [INFO] Downloading from central: https://repo.maven.apache.org/maven2/commons-chain/commons-chain/1.1/commons-chain-1.1.pom
#21 212.4 [INFO] Downloaded from central: https://repo.maven.apache.org/maven2/commons-chain/commons-chain/1.1/commons-chain-1.1.pom (6.0 kB at 31 kB/s)
#21 212.4 [INFO] Downloading from central: https://repo.maven.apache.org/maven2/commons-digester/commons-digester/1.6/commons-digester-1.6.pom
#21 212.6 [INFO] Downloaded from central: https://repo.maven.apache.org/maven2/commons-digester/commons-digester/1.6/commons-digester-1.6.pom (974 B at 5.0 kB/s)
#21 212.6 [INFO] Downloading from central: https://repo.maven.apache.org/maven2/commons-beanutils/commons-beanutils/1.6/commons-beanutils-1.6.pom
#21 212.8 [INFO] Downloaded from central: https://repo.maven.apache.org/maven2/commons-beanutils/commons-beanutils/1.6/commons-beanutils-1.6.pom (2.3 kB at 12 kB/s)
#21 212.8 [INFO] Downloading from central: https://repo.maven.apache.org/maven2/commons-logging/commons-logging/1.0/commons-logging-1.0.pom
#21 213.0 [INFO] Downloaded from central: https://repo.maven.apache.org/maven2/commons-logging/commons-logging/1.0/commons-logging-1.0.pom (163 B at 819 B/s)
#21 213.0 [INFO] Downloading from central: https://repo.maven.apache.org/maven2/commons-collections/commons-collections/2.0/commons-collections-2.0.pom
#21 213.2 [INFO] Downloaded from central: https://repo.maven.apache.org/maven2/commons-collections/commons-collections/2.0/commons-collections-2.0.pom (171 B at 900 B/s)
#21 213.2 [INFO] Downloading from central: https://repo.maven.apache.org/maven2/commons-collections/commons-collections/2.1/commons-collections-2.1.pom
#21 213.4 [INFO] Downloaded from central: https://repo.maven.apache.org/maven2/commons-collections/commons-collections/2.1/commons-collections-2.1.pom (3.3 kB at 17 kB/s)
#21 213.4 [INFO] Downloading from central: https://repo.maven.apache.org/maven2/xml-apis/xml-apis/1.0.b2/xml-apis-1.0.b2.pom
#21 213.6 [INFO] Downloaded from central: https://repo.maven.apache.org/maven2/xml-apis/xml-apis/1.0.b2/xml-apis-1.0.b2.pom (2.2 kB at 12 kB/s)
#21 213.6 [INFO] Downloading from central: https://repo.maven.apache.org/maven2/commons-collections/commons-collections/3.2/commons-collections-3.2.pom
#21 213.8 [INFO] Downloaded from central: https://repo.maven.apache.org/maven2/commons-collections/commons-collections/3.2/commons-collections-3.2.pom (11 kB at 57 kB/s)
#21 213.8 [INFO] Downloading from central: https://repo.maven.apache.org/maven2/dom4j/dom4j/1.1/dom4j-1.1.pom
#21 214.0 [INFO] Downloaded from central: https://repo.maven.apache.org/maven2/dom4j/dom4j/1.1/dom4j-1.1.pom (142 B at 717 B/s)
#21 214.0 [INFO] Downloading from central: https://repo.maven.apache.org/maven2/oro/oro/2.0.8/oro-2.0.8.pom
#21 214.2 [INFO] Downloaded from central: https://repo.maven.apache.org/maven2/oro/oro/2.0.8/oro-2.0.8.pom (140 B at 721 B/s)
#21 214.2 [INFO] Downloading from central: https://repo.maven.apache.org/maven2/org/apache/velocity/velocity/1.6.2/velocity-1.6.2.pom
#21 214.4 [INFO] Downloaded from central: https://repo.maven.apache.org/maven2/org/apache/velocity/velocity/1.6.2/velocity-1.6.2.pom (11 kB at 56 kB/s)
#21 214.4 [INFO] Downloading from central: https://repo.maven.apache.org/maven2/commons-collections/commons-collections/3.2.2/commons-collections-3.2.2.pom
#21 214.6 [INFO] Downloaded from central: https://repo.maven.apache.org/maven2/commons-collections/commons-collections/3.2.2/commons-collections-3.2.2.pom (12 kB at 66 kB/s)
#21 214.6 [INFO] Downloading from central: https://repo.maven.apache.org/maven2/org/apache/commons/commons-parent/39/commons-parent-39.pom
#21 214.8 [INFO] Downloaded from central: https://repo.maven.apache.org/maven2/org/apache/commons/commons-parent/39/commons-parent-39.pom (62 kB at 302 kB/s)
#21 214.8 [INFO] Downloading from central: https://repo.maven.apache.org/maven2/org/apache/apache/16/apache-16.pom
#21 215.0 [INFO] Downloaded from central: https://repo.maven.apache.org/maven2/org/apache/apache/16/apache-16.pom (15 kB at 81 kB/s)
#21 215.0 [INFO] Downloading from central: https://repo.maven.apache.org/maven2/org/codehaus/plexus/plexus-archiver/4.8.0/plexus-archiver-4.8.0.pom
#21 215.2 [INFO] Downloaded from central: https://repo.maven.apache.org/maven2/org/codehaus/plexus/plexus-archiver/4.8.0/plexus-archiver-4.8.0.pom (6.1 kB at 31 kB/s)
#21 215.2 [INFO] Downloading from central: https://repo.maven.apache.org/maven2/org/codehaus/plexus/plexus/14/plexus-14.pom
#21 215.3 [INFO] Downloaded from central: https://repo.maven.apache.org/maven2/org/codehaus/plexus/plexus/14/plexus-14.pom (28 kB at 148 kB/s)
#21 215.3 [INFO] Downloading from central: https://repo.maven.apache.org/maven2/org/codehaus/plexus/plexus-io/3.4.1/plexus-io-3.4.1.pom
#21 215.5 [INFO] Downloaded from central: https://repo.maven.apache.org/maven2/org/codehaus/plexus/plexus-io/3.4.1/plexus-io-3.4.1.pom (6.0 kB at 31 kB/s)
#21 215.6 [INFO] Downloading from central: https://repo.maven.apache.org/maven2/org/apache/commons/commons-compress/1.23.0/commons-compress-1.23.0.pom
#21 215.8 [INFO] Downloaded from central: https://repo.maven.apache.org/maven2/org/apache/commons/commons-compress/1.23.0/commons-compress-1.23.0.pom (22 kB at 110 kB/s)
#21 215.8 [INFO] Downloading from central: https://repo.maven.apache.org/maven2/org/apache/commons/commons-parent/56/commons-parent-56.pom
#21 216.0 [INFO] Downloaded from central: https://repo.maven.apache.org/maven2/org/apache/commons/commons-parent/56/commons-parent-56.pom (82 kB at 404 kB/s)
#21 216.0 [INFO] Downloading from central: https://repo.maven.apache.org/maven2/com/github/luben/zstd-jni/1.5.5-5/zstd-jni-1.5.5-5.pom
#21 216.2 [INFO] Downloaded from central: https://repo.maven.apache.org/maven2/com/github/luben/zstd-jni/1.5.5-5/zstd-jni-1.5.5-5.pom (1.9 kB at 9.0 kB/s)
#21 216.2 [INFO] Downloading from central: https://repo.maven.apache.org/maven2/org/apache/maven/shared/maven-dependency-analyzer/1.13.2/maven-dependency-analyzer-1.13.2.pom
#21 216.4 [INFO] Downloaded from central: https://repo.maven.apache.org/maven2/org/apache/maven/shared/maven-dependency-analyzer/1.13.2/maven-dependency-analyzer-1.13.2.pom (6.4 kB at 31 kB/s)
#21 216.4 [INFO] Downloading from central: https://repo.maven.apache.org/maven2/org/apache/maven/maven-model/3.2.5/maven-model-3.2.5.pom
#21 216.6 [INFO] Downloaded from central: https://repo.maven.apache.org/maven2/org/apache/maven/maven-model/3.2.5/maven-model-3.2.5.pom (4.2 kB at 22 kB/s)
#21 216.6 [INFO] Downloading from central: https://repo.maven.apache.org/maven2/org/apache/maven/shared/maven-artifact-transfer/0.13.1/maven-artifact-transfer-0.13.1.pom
#21 216.8 [INFO] Downloaded from central: https://repo.maven.apache.org/maven2/org/apache/maven/shared/maven-artifact-transfer/0.13.1/maven-artifact-transfer-0.13.1.pom (11 kB at 56 kB/s)
#21 216.8 [INFO] Downloading from central: https://repo.maven.apache.org/maven2/org/apache/maven/maven-core/3.0/maven-core-3.0.pom
#21 217.0 [INFO] Downloaded from central: https://repo.maven.apache.org/maven2/org/apache/maven/maven-core/3.0/maven-core-3.0.pom (6.6 kB at 33 kB/s)
#21 217.0 [INFO] Downloading from central: https://repo.maven.apache.org/maven2/org/apache/maven/maven-model/3.0/maven-model-3.0.pom
#21 217.2 [INFO] Downloaded from central: https://repo.maven.apache.org/maven2/org/apache/maven/maven-model/3.0/maven-model-3.0.pom (3.9 kB at 20 kB/s)
#21 217.2 [INFO] Downloading from central: https://repo.maven.apache.org/maven2/org/apache/maven/maven-settings/3.0/maven-settings-3.0.pom
#21 217.4 [INFO] Downloaded from central: https://repo.maven.apache.org/maven2/org/apache/maven/maven-settings/3.0/maven-settings-3.0.pom (1.9 kB at 9.3 kB/s)
#21 217.4 [INFO] Downloading from central: https://repo.maven.apache.org/maven2/org/apache/maven/maven-settings-builder/3.0/maven-settings-builder-3.0.pom
#21 217.6 [INFO] Downloaded from central: https://repo.maven.apache.org/maven2/org/apache/maven/maven-settings-builder/3.0/maven-settings-builder-3.0.pom (2.2 kB at 11 kB/s)
#21 217.6 [INFO] Downloading from central: https://repo.maven.apache.org/maven2/org/codehaus/plexus/plexus-interpolation/1.14/plexus-interpolation-1.14.pom
#21 217.8 [INFO] Downloaded from central: https://repo.maven.apache.org/maven2/org/codehaus/plexus/plexus-interpolation/1.14/plexus-interpolation-1.14.pom (910 B at 4.4 kB/s)
#21 217.8 [INFO] Downloading from central: https://repo.maven.apache.org/maven2/org/codehaus/plexus/plexus-components/1.1.18/plexus-components-1.1.18.pom
#21 218.1 [INFO] Downloaded from central: https://repo.maven.apache.org/maven2/org/codehaus/plexus/plexus-components/1.1.18/plexus-components-1.1.18.pom (5.4 kB at 25 kB/s)
#21 218.1 [INFO] Downloading from central: https://repo.maven.apache.org/maven2/org/apache/maven/maven-repository-metadata/3.0/maven-repository-metadata-3.0.pom
#21 218.3 [INFO] Downloaded from central: https://repo.maven.apache.org/maven2/org/apache/maven/maven-repository-metadata/3.0/maven-repository-metadata-3.0.pom (1.9 kB at 9.9 kB/s)
#21 218.3 [INFO] Downloading from central: https://repo.maven.apache.org/maven2/org/apache/maven/maven-plugin-api/3.0/maven-plugin-api-3.0.pom
#21 218.5 [INFO] Downloaded from central: https://repo.maven.apache.org/maven2/org/apache/maven/maven-plugin-api/3.0/maven-plugin-api-3.0.pom (2.3 kB at 12 kB/s)
#21 218.5 [INFO] Downloading from central: https://repo.maven.apache.org/maven2/org/sonatype/sisu/sisu-inject-plexus/1.4.2/sisu-inject-plexus-1.4.2.pom
#21 218.7 [INFO] Downloaded from central: https://repo.maven.apache.org/maven2/org/sonatype/sisu/sisu-inject-plexus/1.4.2/sisu-inject-plexus-1.4.2.pom (5.4 kB at 27 kB/s)
#21 218.7 [INFO] Downloading from central: https://repo.maven.apache.org/maven2/org/sonatype/sisu/inject/guice-plexus/1.4.2/guice-plexus-1.4.2.pom
#21 218.8 [INFO] Downloaded from central: https://repo.maven.apache.org/maven2/org/sonatype/sisu/inject/guice-plexus/1.4.2/guice-plexus-1.4.2.pom (3.1 kB at 16 kB/s)
#21 218.8 [INFO] Downloading from central: https://repo.maven.apache.org/maven2/org/sonatype/sisu/inject/guice-bean/1.4.2/guice-bean-1.4.2.pom
#21 219.0 [INFO] Downloaded from central: https://repo.maven.apache.org/maven2/org/sonatype/sisu/inject/guice-bean/1.4.2/guice-bean-1.4.2.pom (2.6 kB at 13 kB/s)
#21 219.1 [INFO] Downloading from central: https://repo.maven.apache.org/maven2/org/sonatype/sisu/sisu-inject/1.4.2/sisu-inject-1.4.2.pom
#21 219.2 [INFO] Downloaded from central: https://repo.maven.apache.org/maven2/org/sonatype/sisu/sisu-inject/1.4.2/sisu-inject-1.4.2.pom (1.2 kB at 6.2 kB/s)
#21 219.3 [INFO] Downloading from central: https://repo.maven.apache.org/maven2/org/sonatype/sisu/sisu-parent/1.4.2/sisu-parent-1.4.2.pom
#21 219.5 [INFO] Downloaded from central: https://repo.maven.apache.org/maven2/org/sonatype/sisu/sisu-parent/1.4.2/sisu-parent-1.4.2.pom (7.8 kB at 39 kB/s)
#21 219.5 [INFO] Downloading from central: https://repo.maven.apache.org/maven2/org/sonatype/forge/forge-parent/6/forge-parent-6.pom
#21 219.6 [INFO] Downloaded from central: https://repo.maven.apache.org/maven2/org/sonatype/forge/forge-parent/6/forge-parent-6.pom (11 kB at 55 kB/s)
#21 219.6 [INFO] Downloading from central: https://repo.maven.apache.org/maven2/org/codehaus/plexus/plexus-component-annotations/1.5.4/plexus-component-annotations-1.5.4.pom
#21 219.8 [INFO] Downloaded from central: https://repo.maven.apache.org/maven2/org/codehaus/plexus/plexus-component-annotations/1.5.4/plexus-component-annotations-1.5.4.pom (815 B at 4.1 kB/s)
#21 219.8 [INFO] Downloading from central: https://repo.maven.apache.org/maven2/org/codehaus/plexus/plexus-containers/1.5.4/plexus-containers-1.5.4.pom
#21 220.0 [INFO] Downloaded from central: https://repo.maven.apache.org/maven2/org/codehaus/plexus/plexus-containers/1.5.4/plexus-containers-1.5.4.pom (4.2 kB at 21 kB/s)
#21 220.0 [INFO] Downloading from central: https://repo.maven.apache.org/maven2/org/codehaus/plexus/plexus/2.0.5/plexus-2.0.5.pom
#21 220.2 [INFO] Downloaded from central: https://repo.maven.apache.org/maven2/org/codehaus/plexus/plexus/2.0.5/plexus-2.0.5.pom (17 kB at 87 kB/s)
#21 220.3 [INFO] Downloading from central: https://repo.maven.apache.org/maven2/org/codehaus/plexus/plexus-classworlds/2.2.3/plexus-classworlds-2.2.3.pom
#21 220.4 [INFO] Downloaded from central: https://repo.maven.apache.org/maven2/org/codehaus/plexus/plexus-classworlds/2.2.3/plexus-classworlds-2.2.3.pom (4.0 kB at 20 kB/s)
#21 220.5 [INFO] Downloading from central: https://repo.maven.apache.org/maven2/org/codehaus/plexus/plexus/2.0.6/plexus-2.0.6.pom
#21 220.6 [INFO] Downloaded from central: https://repo.maven.apache.org/maven2/org/codehaus/plexus/plexus/2.0.6/plexus-2.0.6.pom (17 kB at 86 kB/s)
#21 220.6 [INFO] Downloading from central: https://repo.maven.apache.org/maven2/org/sonatype/sisu/sisu-inject-bean/1.4.2/sisu-inject-bean-1.4.2.pom
#21 220.8 [INFO] Downloaded from central: https://repo.maven.apache.org/maven2/org/sonatype/sisu/sisu-inject-bean/1.4.2/sisu-inject-bean-1.4.2.pom (5.5 kB at 28 kB/s)
#21 220.8 [INFO] Downloading from central: https://repo.maven.apache.org/maven2/org/sonatype/sisu/sisu-guice/2.1.7/sisu-guice-2.1.7.pom
#21 221.0 [INFO] Downloaded from central: https://repo.maven.apache.org/maven2/org/sonatype/sisu/sisu-guice/2.1.7/sisu-guice-2.1.7.pom (11 kB at 56 kB/s)
#21 221.0 [INFO] Downloading from central: https://repo.maven.apache.org/maven2/org/apache/maven/maven-model-builder/3.0/maven-model-builder-3.0.pom
#21 221.2 [INFO] Downloaded from central: https://repo.maven.apache.org/maven2/org/apache/maven/maven-model-builder/3.0/maven-model-builder-3.0.pom (2.2 kB at 12 kB/s)
#21 221.2 [INFO] Downloading from central: https://repo.maven.apache.org/maven2/org/apache/maven/maven-aether-provider/3.0/maven-aether-provider-3.0.pom
#21 221.4 [INFO] Downloaded from central: https://repo.maven.apache.org/maven2/org/apache/maven/maven-aether-provider/3.0/maven-aether-provider-3.0.pom (2.5 kB at 13 kB/s)
#21 221.4 [INFO] Downloading from central: https://repo.maven.apache.org/maven2/org/sonatype/aether/aether-api/1.7/aether-api-1.7.pom
#21 221.6 [INFO] Downloaded from central: https://repo.maven.apache.org/maven2/org/sonatype/aether/aether-api/1.7/aether-api-1.7.pom (1.7 kB at 8.6 kB/s)
#21 221.6 [INFO] Downloading from central: https://repo.maven.apache.org/maven2/org/sonatype/aether/aether-parent/1.7/aether-parent-1.7.pom
#21 221.8 [INFO] Downloaded from central: https://repo.maven.apache.org/maven2/org/sonatype/aether/aether-parent/1.7/aether-parent-1.7.pom (7.7 kB at 40 kB/s)
#21 221.8 [INFO] Downloading from central: https://repo.maven.apache.org/maven2/org/sonatype/aether/aether-util/1.7/aether-util-1.7.pom
#21 222.0 [INFO] Downloaded from central: https://repo.maven.apache.org/maven2/org/sonatype/aether/aether-util/1.7/aether-util-1.7.pom (2.1 kB at 10 kB/s)
#21 222.0 [INFO] Downloading from central: https://repo.maven.apache.org/maven2/org/sonatype/aether/aether-impl/1.7/aether-impl-1.7.pom
#21 222.2 [INFO] Downloaded from central: https://repo.maven.apache.org/maven2/org/sonatype/aether/aether-impl/1.7/aether-impl-1.7.pom (3.7 kB at 19 kB/s)
#21 222.2 [INFO] Downloading from central: https://repo.maven.apache.org/maven2/org/sonatype/aether/aether-spi/1.7/aether-spi-1.7.pom
#21 222.4 [INFO] Downloaded from central: https://repo.maven.apache.org/maven2/org/sonatype/aether/aether-spi/1.7/aether-spi-1.7.pom (1.7 kB at 8.9 kB/s)
#21 222.4 [INFO] Downloading from central: https://repo.maven.apache.org/maven2/org/apache/maven/shared/maven-common-artifact-filters/3.1.0/maven-common-artifact-filters-3.1.0.pom
#21 222.6 [INFO] Downloaded from central: https://repo.maven.apache.org/maven2/org/apache/maven/shared/maven-common-artifact-filters/3.1.0/maven-common-artifact-filters-3.1.0.pom (5.3 kB at 27 kB/s)
#21 222.6 [INFO] Downloading from central: https://repo.maven.apache.org/maven2/org/apache/maven/shared/maven-shared-components/33/maven-shared-components-33.pom
#21 222.8 [INFO] Downloaded from central: https://repo.maven.apache.org/maven2/org/apache/maven/shared/maven-shared-components/33/maven-shared-components-33.pom (5.1 kB at 26 kB/s)
#21 222.8 [INFO] Downloading from central: https://repo.maven.apache.org/maven2/org/apache/maven/shared/maven-shared-utils/3.1.0/maven-shared-utils-3.1.0.pom
#21 223.0 [INFO] Downloaded from central: https://repo.maven.apache.org/maven2/org/apache/maven/shared/maven-shared-utils/3.1.0/maven-shared-utils-3.1.0.pom (5.0 kB at 26 kB/s)
#21 223.0 [INFO] Downloading from central: https://repo.maven.apache.org/maven2/org/apache/maven/shared/maven-shared-components/30/maven-shared-components-30.pom
#21 223.2 [INFO] Downloaded from central: https://repo.maven.apache.org/maven2/org/apache/maven/shared/maven-shared-components/30/maven-shared-components-30.pom (4.6 kB at 23 kB/s)
#21 223.2 [INFO] Downloading from central: https://repo.maven.apache.org/maven2/org/apache/maven/maven-parent/30/maven-parent-30.pom
#21 223.4 [INFO] Downloaded from central: https://repo.maven.apache.org/maven2/org/apache/maven/maven-parent/30/maven-parent-30.pom (41 kB at 207 kB/s)
#21 223.4 [INFO] Downloading from central: https://repo.maven.apache.org/maven2/commons-io/commons-io/2.5/commons-io-2.5.pom
#21 223.6 [INFO] Downloaded from central: https://repo.maven.apache.org/maven2/commons-io/commons-io/2.5/commons-io-2.5.pom (13 kB at 66 kB/s)
#21 223.6 [INFO] Downloading from central: https://repo.maven.apache.org/maven2/org/slf4j/slf4j-api/1.7.5/slf4j-api-1.7.5.pom
#21 223.8 [INFO] Downloaded from central: https://repo.maven.apache.org/maven2/org/slf4j/slf4j-api/1.7.5/slf4j-api-1.7.5.pom (2.7 kB at 13 kB/s)
#21 223.8 [INFO] Downloading from central: https://repo.maven.apache.org/maven2/org/slf4j/slf4j-parent/1.7.5/slf4j-parent-1.7.5.pom
#21 224.0 [INFO] Downloaded from central: https://repo.maven.apache.org/maven2/org/slf4j/slf4j-parent/1.7.5/slf4j-parent-1.7.5.pom (12 kB at 59 kB/s)
#21 224.0 [INFO] Downloading from central: https://repo.maven.apache.org/maven2/org/apache/maven/shared/maven-shared-utils/3.4.2/maven-shared-utils-3.4.2.pom
#21 224.2 [INFO] Downloaded from central: https://repo.maven.apache.org/maven2/org/apache/maven/shared/maven-shared-utils/3.4.2/maven-shared-utils-3.4.2.pom (5.9 kB at 29 kB/s)
#21 224.2 [INFO] Downloading from central: https://repo.maven.apache.org/maven2/org/apache/maven/doxia/doxia-sink-api/1.11.1/doxia-sink-api-1.11.1.jar
#21 224.4 [INFO] Downloaded from central: https://repo.maven.apache.org/maven2/org/apache/maven/doxia/doxia-sink-api/1.11.1/doxia-sink-api-1.11.1.jar (12 kB at 55 kB/s)
#21 224.4 [INFO] Downloading from central: https://repo.maven.apache.org/maven2/org/apache/maven/doxia/doxia-logging-api/1.11.1/doxia-logging-api-1.11.1.jar
#21 224.4 [INFO] Downloading from central: https://repo.maven.apache.org/maven2/org/apache/maven/reporting/maven-reporting-api/3.1.1/maven-reporting-api-3.1.1.jar
#21 224.4 [INFO] Downloading from central: https://repo.maven.apache.org/maven2/org/apache/maven/reporting/maven-reporting-impl/3.2.0/maven-reporting-impl-3.2.0.jar
#21 224.4 [INFO] Downloading from central: https://repo.maven.apache.org/maven2/org/apache/maven/maven-core/3.1.0/maven-core-3.1.0.jar
#21 224.4 [INFO] Downloading from central: https://repo.maven.apache.org/maven2/org/apache/maven/maven-settings/3.1.0/maven-settings-3.1.0.jar
#21 224.6 [INFO] Downloaded from central: https://repo.maven.apache.org/maven2/org/apache/maven/doxia/doxia-logging-api/1.11.1/doxia-logging-api-1.11.1.jar (12 kB at 59 kB/s)
#21 224.6 [INFO] Downloading from central: https://repo.maven.apache.org/maven2/org/apache/maven/maven-settings-builder/3.1.0/maven-settings-builder-3.1.0.jar
#21 224.9 [INFO] Downloaded from central: https://repo.maven.apache.org/maven2/org/apache/maven/maven-settings-builder/3.1.0/maven-settings-builder-3.1.0.jar (41 kB at 100 kB/s)
#21 224.9 [INFO] Downloading from central: https://repo.maven.apache.org/maven2/org/apache/maven/maven-repository-metadata/3.1.0/maven-repository-metadata-3.1.0.jar
#21 225.0 [INFO] Downloaded from central: https://repo.maven.apache.org/maven2/org/apache/maven/reporting/maven-reporting-api/3.1.1/maven-reporting-api-3.1.1.jar (11 kB at 18 kB/s)
#21 225.0 [INFO] Downloading from central: https://repo.maven.apache.org/maven2/org/apache/maven/maven-model-builder/3.1.0/maven-model-builder-3.1.0.jar
#21 225.0 [INFO] Downloaded from central: https://repo.maven.apache.org/maven2/org/apache/maven/reporting/maven-reporting-impl/3.2.0/maven-reporting-impl-3.2.0.jar (20 kB at 33 kB/s)
#21 225.0 [INFO] Downloading from central: https://repo.maven.apache.org/maven2/org/apache/maven/maven-aether-provider/3.1.0/maven-aether-provider-3.1.0.jar
#21 225.1 [INFO] Downloaded from central: https://repo.maven.apache.org/maven2/org/apache/maven/maven-settings/3.1.0/maven-settings-3.1.0.jar (47 kB at 76 kB/s)
#21 225.1 [INFO] Downloading from central: https://repo.maven.apache.org/maven2/org/eclipse/aether/aether-spi/0.9.0.M2/aether-spi-0.9.0.M2.jar
#21 225.1 [INFO] Downloaded from central: https://repo.maven.apache.org/maven2/org/apache/maven/maven-repository-metadata/3.1.0/maven-repository-metadata-3.1.0.jar (30 kB at 48 kB/s)
#21 225.1 [INFO] Downloading from central: https://repo.maven.apache.org/maven2/org/eclipse/aether/aether-impl/0.9.0.M2/aether-impl-0.9.0.M2.jar
#21 225.3 [INFO] Downloaded from central: https://repo.maven.apache.org/maven2/org/apache/maven/maven-aether-provider/3.1.0/maven-aether-provider-3.1.0.jar (60 kB at 71 kB/s)
#21 225.3 [INFO] Downloaded from central: https://repo.maven.apache.org/maven2/org/eclipse/aether/aether-spi/0.9.0.M2/aether-spi-0.9.0.M2.jar (18 kB at 21 kB/s)
#21 225.3 [INFO] Downloading from central: https://repo.maven.apache.org/maven2/org/eclipse/sisu/org.eclipse.sisu.plexus/0.3.0.M1/org.eclipse.sisu.plexus-0.3.0.M1.jar
#21 225.3 [INFO] Downloading from central: https://repo.maven.apache.org/maven2/org/eclipse/aether/aether-api/0.9.0.M2/aether-api-0.9.0.M2.jar
#21 225.3 [INFO] Downloaded from central: https://repo.maven.apache.org/maven2/org/eclipse/aether/aether-impl/0.9.0.M2/aether-impl-0.9.0.M2.jar (145 kB at 167 kB/s)
#21 225.3 [INFO] Downloading from central: https://repo.maven.apache.org/maven2/javax/enterprise/cdi-api/1.0/cdi-api-1.0.jar
#21 225.5 [INFO] Downloaded from central: https://repo.maven.apache.org/maven2/org/apache/maven/maven-model-builder/3.1.0/maven-model-builder-3.1.0.jar (159 kB at 153 kB/s)
#21 225.5 [INFO] Downloading from central: https://repo.maven.apache.org/maven2/javax/annotation/jsr250-api/1.0/jsr250-api-1.0.jar
#21 225.6 [INFO] Downloaded from central: https://repo.maven.apache.org/maven2/javax/enterprise/cdi-api/1.0/cdi-api-1.0.jar (45 kB at 39 kB/s)
#21 225.6 [INFO] Downloading from central: https://repo.maven.apache.org/maven2/org/eclipse/sisu/org.eclipse.sisu.inject/0.3.0.M1/org.eclipse.sisu.inject-0.3.0.M1.jar
#21 225.7 [INFO] Downloaded from central: https://repo.maven.apache.org/maven2/org/eclipse/aether/aether-api/0.9.0.M2/aether-api-0.9.0.M2.jar (134 kB at 107 kB/s)
#21 225.7 [INFO] Downloading from central: https://repo.maven.apache.org/maven2/org/codehaus/plexus/plexus-interpolation/1.16/plexus-interpolation-1.16.jar
#21 225.7 [INFO] Downloaded from central: https://repo.maven.apache.org/maven2/javax/annotation/jsr250-api/1.0/jsr250-api-1.0.jar (5.8 kB at 4.7 kB/s)
#21 225.7 [INFO] Downloading from central: https://repo.maven.apache.org/maven2/org/codehaus/plexus/plexus-classworlds/2.4.2/plexus-classworlds-2.4.2.jar
#21 225.7 [INFO] Downloaded from central: https://repo.maven.apache.org/maven2/org/apache/maven/maven-core/3.1.0/maven-core-3.1.0.jar (563 kB at 434 kB/s)
#21 225.7 [INFO] Downloading from central: https://repo.maven.apache.org/maven2/org/sonatype/plexus/plexus-sec-dispatcher/1.3/plexus-sec-dispatcher-1.3.jar
#21 225.9 [INFO] Downloaded from central: https://repo.maven.apache.org/maven2/org/eclipse/sisu/org.eclipse.sisu.plexus/0.3.0.M1/org.eclipse.sisu.plexus-0.3.0.M1.jar (201 kB at 141 kB/s)
#21 225.9 [INFO] Downloading from central: https://repo.maven.apache.org/maven2/org/sonatype/plexus/plexus-cipher/1.4/plexus-cipher-1.4.jar
#21 225.9 [INFO] Downloaded from central: https://repo.maven.apache.org/maven2/org/codehaus/plexus/plexus-classworlds/2.4.2/plexus-classworlds-2.4.2.jar (47 kB at 32 kB/s)
#21 225.9 [INFO] Downloading from central: https://repo.maven.apache.org/maven2/org/apache/maven/maven-artifact/3.1.0/maven-artifact-3.1.0.jar
#21 225.9 [INFO] Downloaded from central: https://repo.maven.apache.org/maven2/org/codehaus/plexus/plexus-interpolation/1.16/plexus-interpolation-1.16.jar (61 kB at 41 kB/s)
#21 225.9 [INFO] Downloading from central: https://repo.maven.apache.org/maven2/org/apache/maven/maven-plugin-api/3.1.0/maven-plugin-api-3.1.0.jar
#21 225.9 [INFO] Downloaded from central: https://repo.maven.apache.org/maven2/org/eclipse/sisu/org.eclipse.sisu.inject/0.3.0.M1/org.eclipse.sisu.inject-0.3.0.M1.jar (340 kB at 228 kB/s)
#21 225.9 [INFO] Downloading from central: https://repo.maven.apache.org/maven2/org/apache/maven/doxia/doxia-decoration-model/1.11.1/doxia-decoration-model-1.11.1.jar
#21 226.0 [INFO] Downloaded from central: https://repo.maven.apache.org/maven2/org/sonatype/plexus/plexus-sec-dispatcher/1.3/plexus-sec-dispatcher-1.3.jar (29 kB at 19 kB/s)
#21 226.0 [INFO] Downloading from central: https://repo.maven.apache.org/maven2/org/apache/maven/doxia/doxia-core/1.11.1/doxia-core-1.11.1.jar
#21 226.1 [INFO] Downloaded from central: https://repo.maven.apache.org/maven2/org/sonatype/plexus/plexus-cipher/1.4/plexus-cipher-1.4.jar (13 kB at 8.3 kB/s)
#21 226.1 [INFO] Downloading from central: https://repo.maven.apache.org/maven2/org/apache/commons/commons-lang3/3.8.1/commons-lang3-3.8.1.jar
#21 226.2 [INFO] Downloaded from central: https://repo.maven.apache.org/maven2/org/apache/maven/doxia/doxia-decoration-model/1.11.1/doxia-decoration-model-1.11.1.jar (60 kB at 35 kB/s)
#21 226.2 [INFO] Downloading from central: https://repo.maven.apache.org/maven2/org/apache/commons/commons-text/1.10.0/commons-text-1.10.0.jar
#21 226.2 [INFO] Downloaded from central: https://repo.maven.apache.org/maven2/org/apache/maven/maven-artifact/3.1.0/maven-artifact-3.1.0.jar (52 kB at 30 kB/s)
#21 226.2 [INFO] Downloading from central: https://repo.maven.apache.org/maven2/commons-logging/commons-logging/1.2/commons-logging-1.2.jar
#21 226.2 [INFO] Downloaded from central: https://repo.maven.apache.org/maven2/org/apache/maven/maven-plugin-api/3.1.0/maven-plugin-api-3.1.0.jar (50 kB at 29 kB/s)
#21 226.2 [INFO] Downloading from central: https://repo.maven.apache.org/maven2/commons-codec/commons-codec/1.11/commons-codec-1.11.jar
#21 226.2 [INFO] Downloaded from central: https://repo.maven.apache.org/maven2/org/apache/maven/doxia/doxia-core/1.11.1/doxia-core-1.11.1.jar (218 kB at 123 kB/s)
#21 226.2 [INFO] Downloading from central: https://repo.maven.apache.org/maven2/org/apache/httpcomponents/httpcore/4.4.14/httpcore-4.4.14.jar
#21 226.4 [INFO] Downloaded from central: https://repo.maven.apache.org/maven2/commons-logging/commons-logging/1.2/commons-logging-1.2.jar (62 kB at 32 kB/s)
#21 226.4 [INFO] Downloading from central: https://repo.maven.apache.org/maven2/org/apache/maven/doxia/doxia-integration-tools/1.11.1/doxia-integration-tools-1.11.1.jar
#21 226.4 [INFO] Downloaded from central: https://repo.maven.apache.org/maven2/org/apache/commons/commons-text/1.10.0/commons-text-1.10.0.jar (238 kB at 121 kB/s)
#21 226.4 [INFO] Downloading from central: https://repo.maven.apache.org/maven2/org/apache/maven/doxia/doxia-site-renderer/1.11.1/doxia-site-renderer-1.11.1.jar
#21 226.5 [INFO] Downloaded from central: https://repo.maven.apache.org/maven2/org/apache/httpcomponents/httpcore/4.4.14/httpcore-4.4.14.jar (328 kB at 161 kB/s)
#21 226.5 [INFO] Downloading from central: https://repo.maven.apache.org/maven2/org/apache/maven/doxia/doxia-skin-model/1.11.1/doxia-skin-model-1.11.1.jar
#21 226.6 [INFO] Downloaded from central: https://repo.maven.apache.org/maven2/org/apache/commons/commons-lang3/3.8.1/commons-lang3-3.8.1.jar (502 kB at 235 kB/s)
#21 226.6 [INFO] Downloading from central: https://repo.maven.apache.org/maven2/org/apache/maven/doxia/doxia-module-xhtml/1.11.1/doxia-module-xhtml-1.11.1.jar
#21 226.6 [INFO] Downloaded from central: https://repo.maven.apache.org/maven2/commons-codec/commons-codec/1.11/commons-codec-1.11.jar (335 kB at 156 kB/s)
#21 226.6 [INFO] Downloading from central: https://repo.maven.apache.org/maven2/org/apache/maven/doxia/doxia-module-xhtml5/1.11.1/doxia-module-xhtml5-1.11.1.jar
#21 226.6 [INFO] Downloaded from central: https://repo.maven.apache.org/maven2/org/apache/maven/doxia/doxia-integration-tools/1.11.1/doxia-integration-tools-1.11.1.jar (47 kB at 21 kB/s)
#21 226.6 [INFO] Downloading from central: https://repo.maven.apache.org/maven2/org/codehaus/plexus/plexus-velocity/1.2/plexus-velocity-1.2.jar
#21 226.6 [INFO] Downloaded from central: https://repo.maven.apache.org/maven2/org/apache/maven/doxia/doxia-site-renderer/1.11.1/doxia-site-renderer-1.11.1.jar (65 kB at 30 kB/s)
#21 226.6 [INFO] Downloading from central: https://repo.maven.apache.org/maven2/org/apache/velocity/velocity/1.7/velocity-1.7.jar
#21 226.8 [INFO] Downloaded from central: https://repo.maven.apache.org/maven2/org/apache/maven/doxia/doxia-skin-model/1.11.1/doxia-skin-model-1.11.1.jar (16 kB at 7.0 kB/s)
#21 226.8 [INFO] Downloading from central: https://repo.maven.apache.org/maven2/commons-lang/commons-lang/2.4/commons-lang-2.4.jar
#21 226.8 [INFO] Downloaded from central: https://repo.maven.apache.org/maven2/org/apache/maven/doxia/doxia-module-xhtml/1.11.1/doxia-module-xhtml-1.11.1.jar (17 kB at 7.4 kB/s)
#21 226.8 [INFO] Downloading from central: https://repo.maven.apache.org/maven2/org/apache/velocity/velocity-tools/2.0/velocity-tools-2.0.jar
#21 226.8 [INFO] Downloaded from central: https://repo.maven.apache.org/maven2/org/apache/maven/doxia/doxia-module-xhtml5/1.11.1/doxia-module-xhtml5-1.11.1.jar (18 kB at 7.6 kB/s)
#21 226.8 [INFO] Downloading from central: https://repo.maven.apache.org/maven2/commons-beanutils/commons-beanutils/1.7.0/commons-beanutils-1.7.0.jar
#21 226.8 [INFO] Downloaded from central: https://repo.maven.apache.org/maven2/org/codehaus/plexus/plexus-velocity/1.2/plexus-velocity-1.2.jar (8.1 kB at 3.4 kB/s)
#21 226.8 [INFO] Downloading from central: https://repo.maven.apache.org/maven2/commons-digester/commons-digester/1.8/commons-digester-1.8.jar
#21 227.1 [INFO] Downloaded from central: https://repo.maven.apache.org/maven2/commons-beanutils/commons-beanutils/1.7.0/commons-beanutils-1.7.0.jar (189 kB at 71 kB/s)
#21 227.1 [INFO] Downloading from central: https://repo.maven.apache.org/maven2/commons-chain/commons-chain/1.1/commons-chain-1.1.jar
#21 227.1 [INFO] Downloaded from central: https://repo.maven.apache.org/maven2/org/apache/velocity/velocity-tools/2.0/velocity-tools-2.0.jar (347 kB at 130 kB/s)
#21 227.1 [INFO] Downloading from central: https://repo.maven.apache.org/maven2/dom4j/dom4j/1.1/dom4j-1.1.jar
#21 227.1 [INFO] Downloaded from central: https://repo.maven.apache.org/maven2/commons-lang/commons-lang/2.4/commons-lang-2.4.jar (262 kB at 98 kB/s)
#21 227.1 [INFO] Downloaded from central: https://repo.maven.apache.org/maven2/commons-digester/commons-digester/1.8/commons-digester-1.8.jar (144 kB at 54 kB/s)
#21 227.1 [INFO] Downloading from central: https://repo.maven.apache.org/maven2/oro/oro/2.0.8/oro-2.0.8.jar
#21 227.1 [INFO] Downloading from central: https://repo.maven.apache.org/maven2/commons-collections/commons-collections/3.2.2/commons-collections-3.2.2.jar
#21 227.2 [INFO] Downloaded from central: https://repo.maven.apache.org/maven2/org/apache/velocity/velocity/1.7/velocity-1.7.jar (450 kB at 166 kB/s)
#21 227.2 [INFO] Downloading from central: https://repo.maven.apache.org/maven2/org/codehaus/plexus/plexus-archiver/4.8.0/plexus-archiver-4.8.0.jar
#21 227.4 [INFO] Downloaded from central: https://repo.maven.apache.org/maven2/oro/oro/2.0.8/oro-2.0.8.jar (65 kB at 22 kB/s)
#21 227.4 [INFO] Downloading from central: https://repo.maven.apache.org/maven2/org/apache/commons/commons-compress/1.23.0/commons-compress-1.23.0.jar
#21 227.4 [INFO] Downloaded from central: https://repo.maven.apache.org/maven2/commons-chain/commons-chain/1.1/commons-chain-1.1.jar (90 kB at 30 kB/s)
#21 227.4 [INFO] Downloading from central: https://repo.maven.apache.org/maven2/com/github/luben/zstd-jni/1.5.5-5/zstd-jni-1.5.5-5.jar
#21 227.4 [INFO] Downloaded from central: https://repo.maven.apache.org/maven2/org/codehaus/plexus/plexus-archiver/4.8.0/plexus-archiver-4.8.0.jar (224 kB at 75 kB/s)
#21 227.4 [INFO] Downloading from central: https://repo.maven.apache.org/maven2/org/codehaus/plexus/plexus-io/3.4.1/plexus-io-3.4.1.jar
#21 227.4 [INFO] Downloaded from central: https://repo.maven.apache.org/maven2/dom4j/dom4j/1.1/dom4j-1.1.jar (457 kB at 153 kB/s)
#21 227.4 [INFO] Downloading from central: https://repo.maven.apache.org/maven2/org/codehaus/plexus/plexus-i18n/1.0-beta-10/plexus-i18n-1.0-beta-10.jar
#21 227.6 [INFO] Downloaded from central: https://repo.maven.apache.org/maven2/commons-collections/commons-collections/3.2.2/commons-collections-3.2.2.jar (588 kB at 185 kB/s)
#21 227.6 [INFO] Downloading from central: https://repo.maven.apache.org/maven2/org/apache/maven/shared/maven-dependency-analyzer/1.13.2/maven-dependency-analyzer-1.13.2.jar
#21 227.7 [INFO] Downloaded from central: https://repo.maven.apache.org/maven2/org/codehaus/plexus/plexus-i18n/1.0-beta-10/plexus-i18n-1.0-beta-10.jar (12 kB at 3.7 kB/s)
#21 227.7 [INFO] Downloading from central: https://repo.maven.apache.org/maven2/org/apache/maven/maven-model/3.2.5/maven-model-3.2.5.jar
#21 227.7 [INFO] Downloaded from central: https://repo.maven.apache.org/maven2/org/codehaus/plexus/plexus-io/3.4.1/plexus-io-3.4.1.jar (79 kB at 25 kB/s)
#21 227.7 [INFO] Downloading from central: https://repo.maven.apache.org/maven2/org/apache/maven/shared/maven-artifact-transfer/0.13.1/maven-artifact-transfer-0.13.1.jar
#21 227.9 [INFO] Downloaded from central: https://repo.maven.apache.org/maven2/org/apache/maven/shared/maven-dependency-analyzer/1.13.2/maven-dependency-analyzer-1.13.2.jar (39 kB at 11 kB/s)
#21 227.9 [INFO] Downloading from central: https://repo.maven.apache.org/maven2/org/codehaus/plexus/plexus-component-annotations/2.0.0/plexus-component-annotations-2.0.0.jar
#21 227.9 [INFO] Downloaded from central: https://repo.maven.apache.org/maven2/org/apache/maven/maven-model/3.2.5/maven-model-3.2.5.jar (161 kB at 46 kB/s)
#21 227.9 [INFO] Downloading from central: https://repo.maven.apache.org/maven2/org/apache/maven/shared/maven-shared-utils/3.4.2/maven-shared-utils-3.4.2.jar
#21 228.0 [INFO] Downloaded from central: https://repo.maven.apache.org/maven2/org/apache/maven/shared/maven-artifact-transfer/0.13.1/maven-artifact-transfer-0.13.1.jar (159 kB at 45 kB/s)
#21 228.0 [INFO] Downloaded from central: https://repo.maven.apache.org/maven2/org/apache/commons/commons-compress/1.23.0/commons-compress-1.23.0.jar (1.1 MB at 301 kB/s)
#21 228.1 [INFO] Downloaded from central: https://repo.maven.apache.org/maven2/org/codehaus/plexus/plexus-component-annotations/2.0.0/plexus-component-annotations-2.0.0.jar (4.2 kB at 1.1 kB/s)
#21 228.2 [INFO] Downloaded from central: https://repo.maven.apache.org/maven2/org/apache/maven/shared/maven-shared-utils/3.4.2/maven-shared-utils-3.4.2.jar (151 kB at 40 kB/s)
#21 229.0 [INFO] Downloaded from central: https://repo.maven.apache.org/maven2/com/github/luben/zstd-jni/1.5.5-5/zstd-jni-1.5.5-5.jar (5.9 MB at 1.3 MB/s)
#21 230.0 [INFO] Copying common-web-1.0-SNAPSHOT.jar to /runtime-libs/common-web-1.0-SNAPSHOT.jar
#21 230.0 [INFO] Copying common-core-1.0-SNAPSHOT.jar to /runtime-libs/common-core-1.0-SNAPSHOT.jar
#21 230.0 [INFO] Copying hutool-all-5.8.27.jar to /runtime-libs/hutool-all-5.8.27.jar
#21 230.0 [INFO] Copying fastjson2-2.0.43.jar to /runtime-libs/fastjson2-2.0.43.jar
#21 230.0 [INFO] Copying jakarta.validation-api-3.0.2.jar to /runtime-libs/jakarta.validation-api-3.0.2.jar
#21 230.0 [INFO] Copying mybatis-plus-extension-3.5.9.jar to /runtime-libs/mybatis-plus-extension-3.5.9.jar
#21 230.0 [INFO] Copying mybatis-plus-jsqlparser-3.5.9.jar to /runtime-libs/mybatis-plus-jsqlparser-3.5.9.jar
#21 230.0 [INFO] Copying jsqlparser-5.0.jar to /runtime-libs/jsqlparser-5.0.jar
#21 230.0 [INFO] Copying mybatis-plus-jsqlparser-common-3.5.9.jar to /runtime-libs/mybatis-plus-jsqlparser-common-3.5.9.jar
#21 230.0 [INFO] Copying spring-boot-starter-web-3.2.5.jar to /runtime-libs/spring-boot-starter-web-3.2.5.jar
#21 230.0 [INFO] Copying spring-boot-starter-json-3.2.5.jar to /runtime-libs/spring-boot-starter-json-3.2.5.jar
#21 230.0 [INFO] Copying jackson-datatype-jdk8-2.15.4.jar to /runtime-libs/jackson-datatype-jdk8-2.15.4.jar
#21 230.0 [INFO] Copying jackson-datatype-jsr310-2.15.4.jar to /runtime-libs/jackson-datatype-jsr310-2.15.4.jar
#21 230.0 [INFO] Copying jackson-module-parameter-names-2.15.4.jar to /runtime-libs/jackson-module-parameter-names-2.15.4.jar
#21 230.0 [INFO] Copying spring-boot-starter-tomcat-3.2.5.jar to /runtime-libs/spring-boot-starter-tomcat-3.2.5.jar
#21 230.0 [INFO] Copying tomcat-embed-core-10.1.20.jar to /runtime-libs/tomcat-embed-core-10.1.20.jar
#21 230.0 [INFO] Copying tomcat-embed-websocket-10.1.20.jar to /runtime-libs/tomcat-embed-websocket-10.1.20.jar
#21 230.0 [INFO] Copying spring-web-6.1.6.jar to /runtime-libs/spring-web-6.1.6.jar
#21 230.0 [INFO] Copying spring-beans-6.1.6.jar to /runtime-libs/spring-beans-6.1.6.jar
#21 230.0 [INFO] Copying spring-webmvc-6.1.6.jar to /runtime-libs/spring-webmvc-6.1.6.jar
#21 230.0 [INFO] Copying spring-aop-6.1.6.jar to /runtime-libs/spring-aop-6.1.6.jar
#21 230.0 [INFO] Copying spring-context-6.1.6.jar to /runtime-libs/spring-context-6.1.6.jar
#21 230.0 [INFO] Copying spring-expression-6.1.6.jar to /runtime-libs/spring-expression-6.1.6.jar
#21 230.0 [INFO] Copying knife4j-openapi3-jakarta-spring-boot-starter-4.4.0.jar to /runtime-libs/knife4j-openapi3-jakarta-spring-boot-starter-4.4.0.jar
#21 230.0 [INFO] Copying knife4j-core-4.4.0.jar to /runtime-libs/knife4j-core-4.4.0.jar
#21 230.0 [INFO] Copying knife4j-openapi3-ui-4.4.0.jar to /runtime-libs/knife4j-openapi3-ui-4.4.0.jar
#21 230.0 [INFO] Copying springdoc-openapi-starter-webmvc-ui-2.3.0.jar to /runtime-libs/springdoc-openapi-starter-webmvc-ui-2.3.0.jar
#21 230.0 [INFO] Copying springdoc-openapi-starter-webmvc-api-2.3.0.jar to /runtime-libs/springdoc-openapi-starter-webmvc-api-2.3.0.jar
#21 230.0 [INFO] Copying springdoc-openapi-starter-common-2.3.0.jar to /runtime-libs/springdoc-openapi-starter-common-2.3.0.jar
#21 230.0 [INFO] Copying swagger-core-jakarta-2.2.19.jar to /runtime-libs/swagger-core-jakarta-2.2.19.jar
#21 230.0 [INFO] Copying commons-lang3-3.13.0.jar to /runtime-libs/commons-lang3-3.13.0.jar
#21 230.0 [INFO] Copying swagger-annotations-jakarta-2.2.19.jar to /runtime-libs/swagger-annotations-jakarta-2.2.19.jar
#21 230.0 [INFO] Copying swagger-models-jakarta-2.2.19.jar to /runtime-libs/swagger-models-jakarta-2.2.19.jar
#21 230.0 [INFO] Copying jakarta.xml.bind-api-4.0.2.jar to /runtime-libs/jakarta.xml.bind-api-4.0.2.jar
#21 230.1 [INFO] Copying jakarta.activation-api-2.1.3.jar to /runtime-libs/jakarta.activation-api-2.1.3.jar
#21 230.1 [INFO] Copying swagger-ui-5.10.3.jar to /runtime-libs/swagger-ui-5.10.3.jar
#21 230.1 [INFO] Copying common-security-1.0-SNAPSHOT.jar to /runtime-libs/common-security-1.0-SNAPSHOT.jar
#21 230.1 [INFO] Copying bcprov-jdk15to18-1.76.jar to /runtime-libs/bcprov-jdk15to18-1.76.jar
#21 230.1 [INFO] Copying spring-boot-starter-data-redis-3.2.5.jar to /runtime-libs/spring-boot-starter-data-redis-3.2.5.jar
#21 230.1 [INFO] Copying lettuce-core-6.3.2.RELEASE.jar to /runtime-libs/lettuce-core-6.3.2.RELEASE.jar
#21 230.1 [INFO] Copying spring-data-redis-3.2.5.jar to /runtime-libs/spring-data-redis-3.2.5.jar
#21 230.1 [INFO] Copying spring-data-keyvalue-3.2.5.jar to /runtime-libs/spring-data-keyvalue-3.2.5.jar
#21 230.1 [INFO] Copying spring-data-commons-3.2.5.jar to /runtime-libs/spring-data-commons-3.2.5.jar
#21 230.1 [INFO] Copying spring-tx-6.1.6.jar to /runtime-libs/spring-tx-6.1.6.jar
#21 230.1 [INFO] Copying spring-oxm-6.1.6.jar to /runtime-libs/spring-oxm-6.1.6.jar
#21 230.1 [INFO] Copying spring-context-support-6.1.6.jar to /runtime-libs/spring-context-support-6.1.6.jar
#21 230.1 [INFO] Copying common-mq-1.0-SNAPSHOT.jar to /runtime-libs/common-mq-1.0-SNAPSHOT.jar
#21 230.1 [INFO] Copying spring-boot-starter-amqp-3.2.5.jar to /runtime-libs/spring-boot-starter-amqp-3.2.5.jar
#21 230.1 [INFO] Copying spring-messaging-6.1.6.jar to /runtime-libs/spring-messaging-6.1.6.jar
#21 230.1 [INFO] Copying spring-rabbit-3.1.4.jar to /runtime-libs/spring-rabbit-3.1.4.jar
#21 230.1 [INFO] Copying spring-amqp-3.1.4.jar to /runtime-libs/spring-amqp-3.1.4.jar
#21 230.1 [INFO] Copying spring-retry-2.0.5.jar to /runtime-libs/spring-retry-2.0.5.jar
#21 230.1 [INFO] Copying amqp-client-5.19.0.jar to /runtime-libs/amqp-client-5.19.0.jar
#21 230.1 [INFO] Copying spring-cloud-starter-alibaba-nacos-discovery-2023.0.1.0.jar to /runtime-libs/spring-cloud-starter-alibaba-nacos-discovery-2023.0.1.0.jar
#21 230.1 [INFO] Copying spring-cloud-alibaba-commons-2023.0.1.0.jar to /runtime-libs/spring-cloud-alibaba-commons-2023.0.1.0.jar
#21 230.1 [INFO] Copying nacos-client-2.3.2.jar to /runtime-libs/nacos-client-2.3.2.jar
#21 230.1 [INFO] Copying nacos-auth-plugin-2.3.2.jar to /runtime-libs/nacos-auth-plugin-2.3.2.jar
#21 230.1 [INFO] Copying nacos-encryption-plugin-2.3.2.jar to /runtime-libs/nacos-encryption-plugin-2.3.2.jar
#21 230.1 [INFO] Copying commons-codec-1.16.1.jar to /runtime-libs/commons-codec-1.16.1.jar
#21 230.1 [INFO] Copying jackson-core-2.15.4.jar to /runtime-libs/jackson-core-2.15.4.jar
#21 230.1 [INFO] Copying jackson-databind-2.15.4.jar to /runtime-libs/jackson-databind-2.15.4.jar
#21 230.1 [INFO] Copying httpasyncclient-4.1.5.jar to /runtime-libs/httpasyncclient-4.1.5.jar
#21 230.1 [INFO] Copying httpcore-nio-4.4.16.jar to /runtime-libs/httpcore-nio-4.4.16.jar
#21 230.1 [INFO] Copying httpclient-4.5.13.jar to /runtime-libs/httpclient-4.5.13.jar
#21 230.1 [INFO] Copying httpcore-4.4.16.jar to /runtime-libs/httpcore-4.4.16.jar
#21 230.1 [INFO] Copying simpleclient-0.16.0.jar to /runtime-libs/simpleclient-0.16.0.jar
#21 230.1 [INFO] Copying simpleclient_tracer_otel-0.16.0.jar to /runtime-libs/simpleclient_tracer_otel-0.16.0.jar
#21 230.1 [INFO] Copying simpleclient_tracer_common-0.16.0.jar to /runtime-libs/simpleclient_tracer_common-0.16.0.jar
#21 230.1 [INFO] Copying simpleclient_tracer_otel_agent-0.16.0.jar to /runtime-libs/simpleclient_tracer_otel_agent-0.16.0.jar
#21 230.1 [INFO] Copying snakeyaml-2.2.jar to /runtime-libs/snakeyaml-2.2.jar
#21 230.1 [INFO] Copying micrometer-core-1.12.5.jar to /runtime-libs/micrometer-core-1.12.5.jar
#21 230.1 [INFO] Copying micrometer-commons-1.12.5.jar to /runtime-libs/micrometer-commons-1.12.5.jar
#21 230.1 [INFO] Copying HdrHistogram-2.1.12.jar to /runtime-libs/HdrHistogram-2.1.12.jar
#21 230.1 [INFO] Copying LatencyUtils-2.0.3.jar to /runtime-libs/LatencyUtils-2.0.3.jar
#21 230.1 [INFO] Copying spring-context-support-1.0.11.jar to /runtime-libs/spring-context-support-1.0.11.jar
#21 230.1 [INFO] Copying spring-cloud-commons-4.1.2.jar to /runtime-libs/spring-cloud-commons-4.1.2.jar
#21 230.1 [INFO] Copying spring-security-crypto-6.2.4.jar to /runtime-libs/spring-security-crypto-6.2.4.jar
#21 230.1 [INFO] Copying spring-cloud-context-4.1.2.jar to /runtime-libs/spring-cloud-context-4.1.2.jar
#21 230.1 [INFO] Copying spring-cloud-starter-alibaba-nacos-config-2023.0.1.0.jar to /runtime-libs/spring-cloud-starter-alibaba-nacos-config-2023.0.1.0.jar
#21 230.1 [INFO] Copying slf4j-api-2.0.13.jar to /runtime-libs/slf4j-api-2.0.13.jar
#21 230.1 [INFO] Copying jakarta.annotation-api-2.1.1.jar to /runtime-libs/jakarta.annotation-api-2.1.1.jar
#21 230.1 [INFO] Copying mybatis-plus-spring-boot3-starter-3.5.9.jar to /runtime-libs/mybatis-plus-spring-boot3-starter-3.5.9.jar
#21 230.1 [INFO] Copying mybatis-plus-3.5.9.jar to /runtime-libs/mybatis-plus-3.5.9.jar
#21 230.1 [INFO] Copying mybatis-plus-core-3.5.9.jar to /runtime-libs/mybatis-plus-core-3.5.9.jar
#21 230.1 [INFO] Copying mybatis-plus-annotation-3.5.9.jar to /runtime-libs/mybatis-plus-annotation-3.5.9.jar
#21 230.1 [INFO] Copying mybatis-plus-spring-3.5.9.jar to /runtime-libs/mybatis-plus-spring-3.5.9.jar
#21 230.1 [INFO] Copying mybatis-3.5.16.jar to /runtime-libs/mybatis-3.5.16.jar
#21 230.1 [INFO] Copying mybatis-spring-3.0.4.jar to /runtime-libs/mybatis-spring-3.0.4.jar
#21 230.1 [INFO] Copying mybatis-plus-spring-boot-autoconfigure-3.5.9.jar to /runtime-libs/mybatis-plus-spring-boot-autoconfigure-3.5.9.jar
#21 230.1 [INFO] Copying spring-boot-autoconfigure-3.2.5.jar to /runtime-libs/spring-boot-autoconfigure-3.2.5.jar
#21 230.1 [INFO] Copying spring-boot-3.2.5.jar to /runtime-libs/spring-boot-3.2.5.jar
#21 230.1 [INFO] Copying spring-boot-starter-jdbc-3.2.5.jar to /runtime-libs/spring-boot-starter-jdbc-3.2.5.jar
#21 230.1 [INFO] Copying HikariCP-5.0.1.jar to /runtime-libs/HikariCP-5.0.1.jar
#21 230.1 [INFO] Copying spring-jdbc-6.1.6.jar to /runtime-libs/spring-jdbc-6.1.6.jar
#21 230.1 [INFO] Copying mysql-connector-j-8.0.33.jar to /runtime-libs/mysql-connector-j-8.0.33.jar
#21 230.2 [INFO] Copying protobuf-java-3.21.9.jar to /runtime-libs/protobuf-java-3.21.9.jar
#21 230.2 [INFO] Copying druid-spring-boot-3-starter-1.2.22.jar to /runtime-libs/druid-spring-boot-3-starter-1.2.22.jar
#21 230.2 [INFO] Copying druid-1.2.22.jar to /runtime-libs/druid-1.2.22.jar
#21 230.2 [INFO] Copying redisson-spring-boot-starter-3.29.0.jar to /runtime-libs/redisson-spring-boot-starter-3.29.0.jar
#21 230.2 [INFO] Copying spring-boot-starter-actuator-3.2.5.jar to /runtime-libs/spring-boot-starter-actuator-3.2.5.jar
#21 230.2 [INFO] Copying spring-boot-actuator-autoconfigure-3.2.5.jar to /runtime-libs/spring-boot-actuator-autoconfigure-3.2.5.jar
#21 230.2 [INFO] Copying spring-boot-actuator-3.2.5.jar to /runtime-libs/spring-boot-actuator-3.2.5.jar
#21 230.2 [INFO] Copying micrometer-observation-1.12.5.jar to /runtime-libs/micrometer-observation-1.12.5.jar
#21 230.2 [INFO] Copying micrometer-jakarta9-1.12.5.jar to /runtime-libs/micrometer-jakarta9-1.12.5.jar
#21 230.2 [INFO] Copying redisson-3.29.0.jar to /runtime-libs/redisson-3.29.0.jar
#21 230.2 [INFO] Copying netty-common-4.1.109.Final.jar to /runtime-libs/netty-common-4.1.109.Final.jar
#21 230.2 [INFO] Copying netty-codec-4.1.109.Final.jar to /runtime-libs/netty-codec-4.1.109.Final.jar
#21 230.2 [INFO] Copying netty-buffer-4.1.109.Final.jar to /runtime-libs/netty-buffer-4.1.109.Final.jar
#21 230.2 [INFO] Copying netty-transport-4.1.109.Final.jar to /runtime-libs/netty-transport-4.1.109.Final.jar
#21 230.2 [INFO] Copying netty-resolver-4.1.109.Final.jar to /runtime-libs/netty-resolver-4.1.109.Final.jar
#21 230.2 [INFO] Copying netty-resolver-dns-4.1.109.Final.jar to /runtime-libs/netty-resolver-dns-4.1.109.Final.jar
#21 230.2 [INFO] Copying netty-codec-dns-4.1.109.Final.jar to /runtime-libs/netty-codec-dns-4.1.109.Final.jar
#21 230.2 [INFO] Copying netty-handler-4.1.109.Final.jar to /runtime-libs/netty-handler-4.1.109.Final.jar
#21 230.2 [INFO] Copying netty-transport-native-unix-common-4.1.109.Final.jar to /runtime-libs/netty-transport-native-unix-common-4.1.109.Final.jar
#21 230.2 [INFO] Copying cache-api-1.1.1.jar to /runtime-libs/cache-api-1.1.1.jar
#21 230.2 [INFO] Copying reactor-core-3.6.5.jar to /runtime-libs/reactor-core-3.6.5.jar
#21 230.2 [INFO] Copying reactive-streams-1.0.4.jar to /runtime-libs/reactive-streams-1.0.4.jar
#21 230.2 [INFO] Copying rxjava-3.1.8.jar to /runtime-libs/rxjava-3.1.8.jar
#21 230.2 [INFO] Copying kryo-5.6.0.jar to /runtime-libs/kryo-5.6.0.jar
#21 230.2 [INFO] Copying reflectasm-1.11.9.jar to /runtime-libs/reflectasm-1.11.9.jar
#21 230.2 [INFO] Copying objenesis-3.3.jar to /runtime-libs/objenesis-3.3.jar
#21 230.2 [INFO] Copying minlog-1.3.1.jar to /runtime-libs/minlog-1.3.1.jar
#21 230.2 [INFO] Copying jackson-annotations-2.15.4.jar to /runtime-libs/jackson-annotations-2.15.4.jar
#21 230.2 [INFO] Copying jackson-dataformat-yaml-2.15.4.jar to /runtime-libs/jackson-dataformat-yaml-2.15.4.jar
#21 230.2 [INFO] Copying byte-buddy-1.14.13.jar to /runtime-libs/byte-buddy-1.14.13.jar
#21 230.2 [INFO] Copying jodd-util-6.2.2.jar to /runtime-libs/jodd-util-6.2.2.jar
#21 230.2 [INFO] Copying redisson-spring-data-32-3.29.0.jar to /runtime-libs/redisson-spring-data-32-3.29.0.jar
#21 230.2 [INFO] Copying lombok-1.18.32.jar to /runtime-libs/lombok-1.18.32.jar
#21 230.2 [INFO] Copying spring-boot-starter-validation-3.2.5.jar to /runtime-libs/spring-boot-starter-validation-3.2.5.jar
#21 230.2 [INFO] Copying spring-boot-starter-3.2.5.jar to /runtime-libs/spring-boot-starter-3.2.5.jar
#21 230.2 [INFO] Copying spring-boot-starter-logging-3.2.5.jar to /runtime-libs/spring-boot-starter-logging-3.2.5.jar
#21 230.2 [INFO] Copying logback-classic-1.4.14.jar to /runtime-libs/logback-classic-1.4.14.jar
#21 230.2 [INFO] Copying logback-core-1.4.14.jar to /runtime-libs/logback-core-1.4.14.jar
#21 230.2 [INFO] Copying log4j-to-slf4j-2.21.1.jar to /runtime-libs/log4j-to-slf4j-2.21.1.jar
#21 230.2 [INFO] Copying log4j-api-2.21.1.jar to /runtime-libs/log4j-api-2.21.1.jar
#21 230.2 [INFO] Copying jul-to-slf4j-2.0.13.jar to /runtime-libs/jul-to-slf4j-2.0.13.jar
#21 230.2 [INFO] Copying spring-core-6.1.6.jar to /runtime-libs/spring-core-6.1.6.jar
#21 230.2 [INFO] Copying spring-jcl-6.1.6.jar to /runtime-libs/spring-jcl-6.1.6.jar
#21 230.2 [INFO] Copying tomcat-embed-el-10.1.20.jar to /runtime-libs/tomcat-embed-el-10.1.20.jar
#21 230.2 [INFO] Copying hibernate-validator-8.0.1.Final.jar to /runtime-libs/hibernate-validator-8.0.1.Final.jar
#21 230.2 [INFO] Copying jboss-logging-3.5.3.Final.jar to /runtime-libs/jboss-logging-3.5.3.Final.jar
#21 230.2 [INFO] Copying classmate-1.6.0.jar to /runtime-libs/classmate-1.6.0.jar
#21 230.2 [INFO] ------------------------------------------------------------------------
#21 230.2 [INFO] BUILD SUCCESS
#21 230.2 [INFO] ------------------------------------------------------------------------
#21 230.2 [INFO] Total time:  49.143 s
#21 230.2 [INFO] Finished at: 2026-09-18T03:03:38Z
#21 230.2 [INFO] ------------------------------------------------------------------------
#21 DONE 230.4s

#22 [stage-1 2/6] RUN apt-get update && apt-get install -y --no-install-recommends curl     && rm -rf /var/lib/apt/lists/*
#22 CACHED

#23 [stage-1 3/6] WORKDIR /app
#23 CACHED

#24 [stage-1 4/6] COPY --from=builder /workspace/breeding-service/target/breeding-service-*.jar /app/app.jar
#24 DONE 0.1s

#25 [stage-1 5/6] COPY --from=builder /runtime-libs /app/lib
#25 DONE 0.3s

#26 [stage-1 6/6] RUN groupadd --system app && useradd --system --gid app --home /app app     && mkdir -p /app/data && chown -R app:app /app
#26 DONE 1.2s

#27 exporting to image
#27 exporting layers
#27 exporting layers 3.7s done
#27 exporting manifest sha256:ed808301f08a71273c1bdaf9412c010f3dc52ea8c404fd2d6c53bff37178dae9 0.0s done
#27 exporting config sha256:883aa5e8b8b40037a7ca630af35ec0d4d6bc6d6d064377f957c5bb66ff758d57 0.0s done
#27 exporting attestation manifest sha256:e0c4c935c5b1a63125420c824ae2d100c0bae30cbeb6ab73e76d114b8351c29e 0.0s done
#27 exporting manifest list sha256:64237cf55559d5f7b7cbe3387798e23f224b2a187a8da9e37c48e5216b17d651
#27 exporting manifest list sha256:64237cf55559d5f7b7cbe3387798e23f224b2a187a8da9e37c48e5216b17d651 0.0s done
#27 naming to docker.io/library/pork-traceability-breeding-service:latest done
#27 unpacking to docker.io/library/pork-traceability-breeding-service:latest
#27 unpacking to docker.io/library/pork-traceability-breeding-service:latest 1.5s done
#27 DONE 5.4s

#28 resolving provenance for metadata file
#28 DONE 0.0s
 Image pork-traceability-breeding-service Built 
 Container pork-traceability-mysql-1 Running 
 Container pork-traceability-nacos-1 Running 
 Container pork-traceability-redis-1 Running 
 Container pork-traceability-rabbitmq-1 Running 
 Container pork-traceability-breeding-service-1 Recreate 
 Container pork-traceability-breeding-service-1 Recreated 
 Container pork-traceability-rabbitmq-1 Waiting 
 Container pork-traceability-mysql-1 Waiting 
 Container pork-traceability-redis-1 Waiting 
 Container pork-traceability-rabbitmq-1 Healthy 
 Container pork-traceability-redis-1 Healthy 
 Container pork-traceability-mysql-1 Healthy 
 Container pork-traceability-breeding-service-1 Starting 
 Container pork-traceability-breeding-service-1 Started 
